image_path,label,split
train/Rice_Bacterial_Leaf_Stripe/rice-leaf-disease-riceguard_train_rice-leaf-disease-riceguard_train_stripes_086183.jpeg,Rice_Bacterial_Leaf_Stripe,train
train/Rice_Healthy/rice-leaf-disease-riceguard_train_rice-leaf-disease-riceguard_train_healthy_081613.jpeg,Rice_Healthy,train
train/Tomato_Leaf_Mold/PlantVillage_train_PlantVillage_train_Tomato___Leaf_Mold_054173.jpg,Tomato_Leaf_Mold,train
train/Potato_Healthy/PlantVillage_train_PlantVillage_train_Potato___healthy_040466.jpg,Potato_Healthy,train
train/Cherry_(including_sour)_healthy/PlantVillage_train_PlantVillage_train_Cherry_(including_sour)___healthy_023582.jpg,Cherry_(including_sour)_healthy,train
train/Grape_Black_rot/PlantVillage_train_PlantVillage_train_Grape___Black_rot_028083.jpg,Grape_Black_rot,train
train/Squash_Powdery_mildew/PlantVillage_train_PlantVillage_train_Squash___Powdery_mildew_046292.jpg,Squash_Powdery_mildew,train
train/Rice_Leaf_Folder/rice-leaf-disease-riceguard_train_rice-leaf-disease-riceguard_train_leaf_folder_084623.jpeg,Rice_Leaf_Folder,train
val/Corn_rust_leaf/plantDoc_val_plantDoc_train_Corn_rust_leaf_020203.jpg,Corn_rust_leaf,val
train/Apple_Black_Rot/Apple_Disease_Dataset_train_Apple_Disease_Dataset_train_Apple___Black_rot_004368.jpg,Apple_Black_Rot,train
train/Rice_Healthy/rice-leaf-disease-riceguard_train_rice-leaf-disease-riceguard_train_healthy_081376.jpeg,Rice_Healthy,train
train/Corn_(maize)_Northern_Leaf_Blight/PlantVillage_train_PlantVillage_train_Corn_(maize)___Northern_Leaf_Blight_027410.jpg,Corn_(maize)_Northern_Leaf_Blight,train
train/Rice_Scald/rice-leaf-disease-riceguard_train_rice-leaf-disease-riceguard_train_scald_085727.jpg,Rice_Scald,train
train/Tomato_Healthy/PlantVillage_train_PlantVillage_train_Tomato___healthy_051499.jpg,Tomato_Healthy,train
train/Tomato_Late_Blight/plantDoc_train_plantDoc_train_Tomato_leaf_late_blight_021465.jpg,Tomato_Late_Blight,train
train/Tomato_Target_Spot/PlantVillage_train_PlantVillage_train_Tomato___Target_Spot_057569.jpg,Tomato_Target_Spot,train
test/Grape_Leaf_blight_(Isariopsis_Leaf_Spot)/PlantVillage_test_PlantVillage_train_Grape___Leaf_blight_(Isariopsis_Leaf_Spot)_030339.jpg,Grape_Leaf_blight_(Isariopsis_Leaf_Spot),test
val/Rice_Blast/rice-leaf-disease-riceguard_val_rice-leaf-disease-riceguard_val_blast_089096.jpeg,Rice_Blast,val
train/Rice_Healthy/rice-leaf-disease-riceguard_train_rice-leaf-disease-riceguard_train_healthy_081976.jpeg,Rice_Healthy,train
val/Orange_Haunglongbing_(Citrus_greening)/PlantVillage_val_PlantVillage_val_Orange___Haunglongbing_(Citrus_greening)_065552.jpg,Orange_Haunglongbing_(Citrus_greening),val
train/Apple_Scab/plantDoc_train_plantDoc_train_Apple_Scab_Leaf_019530.jpg,Apple_Scab,train
val/Tomato_Yellow_Leaf_Curl_Virus/PlantVillage_val_PlantVillage_val_Tomato___Tomato_Yellow_Leaf_Curl_Virus_073081.jpg,Tomato_Yellow_Leaf_Curl_Virus,val
"train/Bell_Pepper_Bacterial_Spot/PlantVillage_train_PlantVillage_train_Pepper,_bell___Bacterial_spot_038318.jpg",Bell_Pepper_Bacterial_Spot,train
val/Tomato_Spider_Mites/PlantVillage_val_PlantVillage_val_Tomato___Spider_mites Two-spotted_spider_mite_071550.jpg,Tomato_Spider_Mites,val
train/Cherry_(including_sour)_healthy/PlantVillage_train_PlantVillage_train_Cherry_(including_sour)___healthy_023697.jpg,Cherry_(including_sour)_healthy,train
train/Tomato_Late_Blight/PlantVillage_train_PlantVillage_train_Tomato___Late_blight_053522.jpg,Tomato_Late_Blight,train
train/Orange_Haunglongbing_(Citrus_greening)/PlantVillage_train_PlantVillage_train_Orange___Haunglongbing_(Citrus_greening)_034955.jpg,Orange_Haunglongbing_(Citrus_greening),train
train/Tomato_Septoria_Leaf_Spot/PlantVillage_train_PlantVillage_train_Tomato___Septoria_leaf_spot_055145.jpg,Tomato_Septoria_Leaf_Spot,train
val/Soybean_healthy/PlantVillage_val_PlantVillage_val_Soybean___healthy_068750.jpg,Soybean_healthy,val
train/Rice_Blast/rice-leaf-disease-riceguard_train_rice-leaf-disease-riceguard_train_blast_077360.jpeg,Rice_Blast,train
train/Cassava_Mosaic_Disease/Cassava_train_Cassava_train_cmd_016261.jpg,Cassava_Mosaic_Disease,train
train/Corn_rust_leaf/plantDoc_train_plantDoc_train_Corn_rust_leaf_020159.jpg,Corn_rust_leaf,train
train/Corn_(maize)_healthy/PlantVillage_train_PlantVillage_train_Corn_(maize)___healthy_026489.jpg,Corn_(maize)_healthy,train
train/Rice_Scald/rice-leaf-disease-riceguard_train_rice-leaf-disease-riceguard_train_scald_085865.jpg,Rice_Scald,train
train/Apple_Black_Rot/Apple_Disease_Dataset_train_Apple_Disease_Dataset_train_Apple___Black_rot_004525.jpg,Apple_Black_Rot,train
test/Cherry_(including_sour)_healthy/PlantVillage_test_PlantVillage_train_Cherry_(including_sour)___healthy_023323.jpg,Cherry_(including_sour)_healthy,test
train/Peach_Bacterial_spot/PlantVillage_train_PlantVillage_train_Peach___Bacterial_spot_036600.jpg,Peach_Bacterial_spot,train
test/Cassava_Brown_Streak_Disease/Cassava_test_Cassava_train_cbsd_014531.jpg,Cassava_Brown_Streak_Disease,test
train/Apple_Cedar_Apple_Rust/Apple_Disease_Dataset_train_Apple_Disease_Dataset_train_Apple___Cedar_apple_rust_006827.jpg,Apple_Cedar_Apple_Rust,train
train/Tomato_Spider_Mites/PlantVillage_train_PlantVillage_train_Tomato___Spider_mites Two-spotted_spider_mite_056029.jpg,Tomato_Spider_Mites,train
train/Grape_Esca_(Black_Measles)/PlantVillage_train_PlantVillage_train_Grape___Esca_(Black_Measles)_029423.jpg,Grape_Esca_(Black_Measles),train
val/Apple_Scab/Apple_Disease_Dataset_val_Apple_Disease_Dataset_train_Apple___Apple_scab_003938.jpg,Apple_Scab,val
test/Apple_Healthy/Apple_Disease_Dataset_test_Apple_Disease_Dataset_test_Apple___healthy_001595.jpg,Apple_Healthy,test
train/Peach_Bacterial_spot/PlantVillage_train_PlantVillage_train_Peach___Bacterial_spot_037152.jpg,Peach_Bacterial_spot,train
test/Rice_Leaf_Folder/rice-leaf-disease-riceguard_test_rice-leaf-disease-riceguard_test_leaf_folder_074988.jpeg,Rice_Leaf_Folder,test
train/Cassava_Brown_Streak_Disease/Cassava_train_Cassava_train_cbsd_014337.jpg,Cassava_Brown_Streak_Disease,train
train/Raspberry_leaf/plantDoc_train_plantDoc_train_Raspberry_leaf_020854.jpg,Raspberry_leaf,train
test/Tomato_Yellow_Leaf_Curl_Virus/PlantVillage_test_PlantVillage_train_Tomato___Tomato_Yellow_Leaf_Curl_Virus_059818.jpg,Tomato_Yellow_Leaf_Curl_Virus,test
val/Peach_Bacterial_spot/PlantVillage_val_PlantVillage_val_Peach___Bacterial_spot_066678.jpg,Peach_Bacterial_spot,val
train/Tomato_Yellow_Leaf_Curl_Virus/PlantVillage_train_PlantVillage_train_Tomato___Tomato_Yellow_Leaf_Curl_Virus_060168.jpg,Tomato_Yellow_Leaf_Curl_Virus,train
train/Strawberry_leaf/plantDoc_train_plantDoc_train_Strawberry_leaf_021145.jpg,Strawberry_leaf,train
train/Corn_(maize)_healthy/PlantVillage_train_PlantVillage_train_Corn_(maize)___healthy_026589.jpg,Corn_(maize)_healthy,train
train/Peach_leaf/plantDoc_train_plantDoc_train_Peach_leaf_020378.jpg,Peach_leaf,train
val/Soybean_healthy/PlantVillage_val_PlantVillage_val_Soybean___healthy_068406.jpg,Soybean_healthy,val
train/Peach_Bacterial_spot/PlantVillage_train_PlantVillage_train_Peach___Bacterial_spot_037227.jpg,Peach_Bacterial_spot,train
train/Rice_Bacterial_Leaf_Stripe/rice-leaf-disease-riceguard_train_rice-leaf-disease-riceguard_train_stripes_087261.jpeg,Rice_Bacterial_Leaf_Stripe,train
train/Rice_Scald/rice-leaf-disease-riceguard_train_rice-leaf-disease-riceguard_train_scald_085764.jpg,Rice_Scald,train
train/Corn_(maize)_Northern_Leaf_Blight/PlantVillage_train_PlantVillage_train_Corn_(maize)___Northern_Leaf_Blight_027210.jpg,Corn_(maize)_Northern_Leaf_Blight,train
train/Potato_Early_Blight/PlantVillage_train_PlantVillage_train_Potato___Early_blight_040320.jpg,Potato_Early_Blight,train
train/Apple_Scab/Apple_Disease_Dataset_train_Apple_Disease_Dataset_train_Apple___Apple_scab_003712.jpg,Apple_Scab,train
train/Apple_Black_Rot/Apple_Disease_Dataset_train_Apple_Disease_Dataset_train_Apple___Black_rot_004486.jpg,Apple_Black_Rot,train
train/Rice_Healthy/rice-leaf-disease-riceguard_train_rice-leaf-disease-riceguard_train_healthy_079993.jpeg,Rice_Healthy,train
train/Apple_Cedar_Apple_Rust/Apple_Disease_Dataset_train_Apple_Disease_Dataset_train_Apple___Cedar_apple_rust_006146.jpg,Apple_Cedar_Apple_Rust,train
train/Soybean_healthy/PlantVillage_train_PlantVillage_train_Soybean___healthy_042062.jpg,Soybean_healthy,train
train/Tomato_Early_Blight/PlantVillage_train_PlantVillage_train_Tomato___Early_blight_050798.jpg,Tomato_Early_Blight,train
train/Tomato_Mosaic_Virus/PlantVillage_train_PlantVillage_train_Tomato___Tomato_mosaic_virus_058346.jpg,Tomato_Mosaic_Virus,train
train/Rice_Tungro/rice-leaf-disease-riceguard_train_rice-leaf-disease-riceguard_train_tungro_088292.jpeg,Rice_Tungro,train
train/Apple_Healthy/Apple_Disease_Dataset_train_Apple_Disease_Dataset_train_Apple___healthy_009241.jpg,Apple_Healthy,train
train/Soybean_healthy/PlantVillage_train_PlantVillage_train_Soybean___healthy_042234.jpg,Soybean_healthy,train
train/Apple_Black_Rot/Apple_Disease_Dataset_train_Apple_Disease_Dataset_train_Apple___Black_rot_005557.jpg,Apple_Black_Rot,train
train/Corn_(maize)_Northern_Leaf_Blight/PlantVillage_train_PlantVillage_train_Corn_(maize)___Northern_Leaf_Blight_027172.jpg,Corn_(maize)_Northern_Leaf_Blight,train
train/grape_leaf_black_rot/plantDoc_train_plantDoc_train_grape_leaf_black_rot_020320.jpg,grape_leaf_black_rot,train
"train/Bell_Pepper_Bacterial_Spot/PlantVillage_train_PlantVillage_train_Pepper,_bell___Bacterial_spot_038359.jpg",Bell_Pepper_Bacterial_Spot,train
train/Blueberry_healthy/PlantVillage_train_PlantVillage_train_Blueberry___healthy_022544.jpg,Blueberry_healthy,train
train/Peach_leaf/plantDoc_train_plantDoc_train_Peach_leaf_020392.jpg,Peach_leaf,train
train/Blueberry_leaf/plantDoc_train_plantDoc_train_Blueberry_leaf_019786.jpg,Blueberry_leaf,train
train/Apple_Healthy/Apple_Disease_Dataset_train_Apple_Disease_Dataset_train_Apple___healthy_007828.jpg,Apple_Healthy,train
train/Apple_Scab/Apple_Disease_Dataset_train_Apple_Disease_Dataset_train_Apple___Apple_scab_003783.jpg,Apple_Scab,train
train/Rice_Healthy/rice-leaf-disease-riceguard_train_rice-leaf-disease-riceguard_train_healthy_082167.jpeg,Rice_Healthy,train
train/Rice_Leaf_Folder/rice-leaf-disease-riceguard_train_rice-leaf-disease-riceguard_train_leaf_folder_084770.jpeg,Rice_Leaf_Folder,train
train/Soybean_healthy/PlantVillage_train_PlantVillage_train_Soybean___healthy_045134.jpg,Soybean_healthy,train
val/Cherry_(including_sour)_Powdery_mildew/PlantVillage_val_PlantVillage_val_Cherry_(including_sour)___Powdery_mildew_063565.jpg,Cherry_(including_sour)_Powdery_mildew,val
train/Potato_Late_Blight/PlantVillage_train_PlantVillage_train_Potato___Late_blight_040916.jpg,Potato_Late_Blight,train
train/Rice_Bacterial_Leaf_Stripe/rice-leaf-disease-riceguard_train_rice-leaf-disease-riceguard_train_stripes_086814.jpeg,Rice_Bacterial_Leaf_Stripe,train
train/Rice_Healthy/rice-leaf-disease-riceguard_train_rice-leaf-disease-riceguard_train_healthy_081557.jpeg,Rice_Healthy,train
test/Apple_Black_Rot/plantDoc_test_plantDoc_test_Apple_rust_leaf_019107.jpg,Apple_Black_Rot,test
train/Corn_(maize)_healthy/PlantVillage_train_PlantVillage_train_Corn_(maize)___healthy_026655.jpg,Corn_(maize)_healthy,train
train/Cassava_Mosaic_Disease/Cassava_train_Cassava_train_cmd_016686.jpg,Cassava_Mosaic_Disease,train
val/Orange_Haunglongbing_(Citrus_greening)/PlantVillage_val_PlantVillage_val_Orange___Haunglongbing_(Citrus_greening)_066040.jpg,Orange_Haunglongbing_(Citrus_greening),val
train/Tomato_Early_Blight/PlantVillage_train_PlantVillage_train_Tomato___Early_blight_050584.jpg,Tomato_Early_Blight,train
"val/Bell_Pepper_Bacterial_Spot/PlantVillage_val_PlantVillage_val_Pepper,_bell___Bacterial_spot_066945.jpg",Bell_Pepper_Bacterial_Spot,val
val/Rice_Healthy/rice-leaf-disease-riceguard_val_rice-leaf-disease-riceguard_val_healthy_089814.jpeg,Rice_Healthy,val
test/Tomato_Leaf_Mold/PlantVillage_test_PlantVillage_train_Tomato___Leaf_Mold_053946.jpg,Tomato_Leaf_Mold,test
train/Cassava_Green_Mite/Cassava_train_Cassava_train_cgm_015838.jpg,Cassava_Green_Mite,train
val/Tomato_Late_Blight/PlantVillage_val_PlantVillage_val_Tomato___Late_blight_070705.jpg,Tomato_Late_Blight,val
train/Peach_Bacterial_spot/PlantVillage_train_PlantVillage_train_Peach___Bacterial_spot_036722.jpg,Peach_Bacterial_spot,train
train/Rice_Bacterial_Leaf_Stripe/rice-leaf-disease-riceguard_train_rice-leaf-disease-riceguard_train_stripes_087277.jpeg,Rice_Bacterial_Leaf_Stripe,train
val/Potato_Late_Blight/PlantVillage_val_PlantVillage_val_Potato___Late_blight_067690.jpg,Potato_Late_Blight,val
train/Potato_Healthy/PlantVillage_train_PlantVillage_train_Potato___healthy_040498.jpg,Potato_Healthy,train
train/Potato_Late_Blight/PlantVillage_train_PlantVillage_train_Potato___Late_blight_040777.jpg,Potato_Late_Blight,train
val/Peach_Bacterial_spot/PlantVillage_val_PlantVillage_val_Peach___Bacterial_spot_066518.jpg,Peach_Bacterial_spot,val
test/Potato_Early_Blight/PlantVillage_test_PlantVillage_train_Potato___Early_blight_039698.jpg,Potato_Early_Blight,test
train/Apple_Black_Rot/Apple_Disease_Dataset_train_Apple_Disease_Dataset_train_Apple___Black_rot_005855.jpg,Apple_Black_Rot,train
train/Corn_(maize)_Cercospora_leaf_spot_Gray_leaf_spot/PlantVillage_train_PlantVillage_train_Corn_(maize)___Cercospora_leaf_spot Gray_leaf_spot_024753.jpg,Corn_(maize)_Cercospora_leaf_spot_Gray_leaf_spot,train
train/Tomato_Target_Spot/PlantVillage_train_PlantVillage_train_Tomato___Target_Spot_057564.jpg,Tomato_Target_Spot,train
test/Apple_Healthy/Apple_Disease_Dataset_test_Apple_Disease_Dataset_test_Apple___healthy_001784.jpg,Apple_Healthy,test
train/Tomato_Target_Spot/PlantVillage_train_PlantVillage_train_Tomato___Target_Spot_058103.jpg,Tomato_Target_Spot,train
val/Tomato_Target_Spot/PlantVillage_val_PlantVillage_val_Tomato___Target_Spot_071851.jpg,Tomato_Target_Spot,val
train/Corn_(maize)_healthy/PlantVillage_train_PlantVillage_train_Corn_(maize)___healthy_026569.jpg,Corn_(maize)_healthy,train
train/Grape_Esca_(Black_Measles)/PlantVillage_train_PlantVillage_train_Grape___Esca_(Black_Measles)_028827.jpg,Grape_Esca_(Black_Measles),train
train/Apple_Cedar_Apple_Rust/Apple_Disease_Dataset_train_Apple_Disease_Dataset_train_Apple___Cedar_apple_rust_007281.jpg,Apple_Cedar_Apple_Rust,train
train/Apple_Cedar_Apple_Rust/Apple_Disease_Dataset_train_Apple_Disease_Dataset_train_Apple___Cedar_apple_rust_006819.jpg,Apple_Cedar_Apple_Rust,train
train/Tomato_Healthy/PlantVillage_train_PlantVillage_train_Tomato___healthy_052149.jpg,Tomato_Healthy,train
train/Tomato_Leaf_Mold/PlantVillage_train_PlantVillage_train_Tomato___Leaf_Mold_053681.jpg,Tomato_Leaf_Mold,train
val/Blueberry_healthy/PlantVillage_val_PlantVillage_val_Blueberry___healthy_063141.jpg,Blueberry_healthy,val
train/Blueberry_healthy/PlantVillage_train_PlantVillage_train_Blueberry___healthy_022846.jpg,Blueberry_healthy,train
test/Apple_Scab/Apple_Disease_Dataset_test_Apple_Disease_Dataset_test_Apple___Apple_scab_000185.jpg,Apple_Scab,test
test/Tomato_Bacterial_Spot/PlantVillage_test_PlantVillage_train_Tomato___Bacterial_spot_048932.jpg,Tomato_Bacterial_Spot,test
val/Orange_Haunglongbing_(Citrus_greening)/PlantVillage_val_PlantVillage_val_Orange___Haunglongbing_(Citrus_greening)_065505.jpg,Orange_Haunglongbing_(Citrus_greening),val
train/Corn_rust_leaf/plantDoc_train_plantDoc_train_Corn_rust_leaf_020173.jpg,Corn_rust_leaf,train
train/Blueberry_healthy/PlantVillage_train_PlantVillage_train_Blueberry___healthy_022531.jpg,Blueberry_healthy,train
train/Tomato_Yellow_Leaf_Curl_Virus/plantDoc_train_plantDoc_train_Tomato_leaf_yellow_virus_021571.jpg,Tomato_Yellow_Leaf_Curl_Virus,train
train/Orange_Haunglongbing_(Citrus_greening)/PlantVillage_train_PlantVillage_train_Orange___Haunglongbing_(Citrus_greening)_031576.jpg,Orange_Haunglongbing_(Citrus_greening),train
val/Apple_Cedar_Apple_Rust/Apple_Disease_Dataset_val_Apple_Disease_Dataset_train_Apple___Cedar_apple_rust_006595.jpg,Apple_Cedar_Apple_Rust,val
train/Grape_healthy/PlantVillage_train_PlantVillage_train_Grape___healthy_029988.jpg,Grape_healthy,train
val/Soybean_healthy/PlantVillage_val_PlantVillage_val_Soybean___healthy_068534.jpg,Soybean_healthy,val
train/Rice_Tungro/rice-leaf-disease-riceguard_train_rice-leaf-disease-riceguard_train_tungro_088473.jpeg,Rice_Tungro,train
train/Corn_(maize)_healthy/PlantVillage_train_PlantVillage_train_Corn_(maize)___healthy_026417.jpg,Corn_(maize)_healthy,train
train/grape_leaf/plantDoc_train_plantDoc_train_grape_leaf_020270.jpg,grape_leaf,train
train/Tomato_Target_Spot/PlantVillage_train_PlantVillage_train_Tomato___Target_Spot_058312.jpg,Tomato_Target_Spot,train
train/Corn_(maize)_Northern_Leaf_Blight/PlantVillage_train_PlantVillage_train_Corn_(maize)___Northern_Leaf_Blight_027194.jpg,Corn_(maize)_Northern_Leaf_Blight,train
train/Cassava_Mosaic_Disease/Cassava_train_Cassava_train_cmd_016425.jpg,Cassava_Mosaic_Disease,train
train/Rice_Leaf_Folder/rice-leaf-disease-riceguard_train_rice-leaf-disease-riceguard_train_leaf_folder_085067.jpeg,Rice_Leaf_Folder,train
train/Soybean_healthy/PlantVillage_train_PlantVillage_train_Soybean___healthy_042119.jpg,Soybean_healthy,train
train/Cassava_Mosaic_Disease/Cassava_train_Cassava_train_cmd_018530.jpg,Cassava_Mosaic_Disease,train
val/Peach_Bacterial_spot/PlantVillage_val_PlantVillage_val_Peach___Bacterial_spot_066498.jpg,Peach_Bacterial_spot,val
train/Bell_Pepper_Bacterial_Spot/plantDoc_train_plantDoc_train_Bell_pepper_leaf_spot_019680.jpg,Bell_Pepper_Bacterial_Spot,train
train/Blueberry_leaf/plantDoc_train_plantDoc_train_Blueberry_leaf_019763.jpg,Blueberry_leaf,train
train/Cherry_leaf/plantDoc_train_plantDoc_train_Cherry_leaf_019847.jpg,Cherry_leaf,train
val/Soybean_healthy/PlantVillage_val_PlantVillage_val_Soybean___healthy_067972.jpg,Soybean_healthy,val
test/Tomato_Late_Blight/PlantVillage_test_PlantVillage_train_Tomato___Late_blight_053163.jpg,Tomato_Late_Blight,test
train/Rice_Bacterial_Leaf_Stripe/rice-leaf-disease-riceguard_train_rice-leaf-disease-riceguard_train_stripes_086692.jpeg,Rice_Bacterial_Leaf_Stripe,train
train/Apple_Scab/Apple_Disease_Dataset_train_Apple_Disease_Dataset_train_Apple___Apple_scab_003382.jpg,Apple_Scab,train
train/Tomato_Spider_Mites/PlantVillage_train_PlantVillage_train_Tomato___Spider_mites Two-spotted_spider_mite_056846.jpg,Tomato_Spider_Mites,train
train/Blueberry_healthy/PlantVillage_train_PlantVillage_train_Blueberry___healthy_022836.jpg,Blueberry_healthy,train
train/Grape_Leaf_blight_(Isariopsis_Leaf_Spot)/PlantVillage_train_PlantVillage_train_Grape___Leaf_blight_(Isariopsis_Leaf_Spot)_030931.jpg,Grape_Leaf_blight_(Isariopsis_Leaf_Spot),train
test/Rice_Healthy/rice-leaf-disease-riceguard_test_rice-leaf-disease-riceguard_test_healthy_074368.jpeg,Rice_Healthy,test
train/Soybean_healthy/PlantVillage_train_PlantVillage_train_Soybean___healthy_041995.jpg,Soybean_healthy,train
train/Squash_Powdery_mildew/PlantVillage_train_PlantVillage_train_Squash___Powdery_mildew_046544.jpg,Squash_Powdery_mildew,train
train/Soybean_healthy/PlantVillage_train_PlantVillage_train_Soybean___healthy_043782.jpg,Soybean_healthy,train
train/Corn_rust_leaf/plantDoc_train_plantDoc_train_Corn_rust_leaf_020184.jpg,Corn_rust_leaf,train
train/Tomato_Late_Blight/PlantVillage_train_PlantVillage_train_Tomato___Late_blight_053441.jpg,Tomato_Late_Blight,train
"train/Bell_Pepper_Healthy/PlantVillage_train_PlantVillage_train_Pepper,_bell___healthy_039499.jpg",Bell_Pepper_Healthy,train
train/Tomato_Late_Blight/PlantVillage_train_PlantVillage_train_Tomato___Late_blight_053316.jpg,Tomato_Late_Blight,train
"train/Bell_Pepper_Bacterial_Spot/PlantVillage_train_PlantVillage_train_Pepper,_bell___Bacterial_spot_038360.jpg",Bell_Pepper_Bacterial_Spot,train
train/Orange_Haunglongbing_(Citrus_greening)/PlantVillage_train_PlantVillage_train_Orange___Haunglongbing_(Citrus_greening)_031523.jpg,Orange_Haunglongbing_(Citrus_greening),train
train/Cassava_Brown_Streak_Disease/Cassava_train_Cassava_train_cbsd_014463.jpg,Cassava_Brown_Streak_Disease,train
train/Corn_(maize)_Common_rust_/PlantVillage_train_PlantVillage_train_Corn_(maize)___Common_rust__025379.jpg,Corn_(maize)_Common_rust_,train
train/Corn_(maize)_Northern_Leaf_Blight/PlantVillage_train_PlantVillage_train_Corn_(maize)___Northern_Leaf_Blight_027160.jpg,Corn_(maize)_Northern_Leaf_Blight,train
train/Peach_healthy/PlantVillage_train_PlantVillage_train_Peach___healthy_037521.jpg,Peach_healthy,train
train/Apple_Scab/Apple_Disease_Dataset_train_Apple_Disease_Dataset_train_Apple___Apple_scab_003086.jpg,Apple_Scab,train
train/Potato_Late_Blight/PlantVillage_train_PlantVillage_train_Potato___Late_blight_040895.jpg,Potato_Late_Blight,train
val/Orange_Haunglongbing_(Citrus_greening)/PlantVillage_val_PlantVillage_val_Orange___Haunglongbing_(Citrus_greening)_066081.jpg,Orange_Haunglongbing_(Citrus_greening),val
train/Corn_(maize)_Cercospora_leaf_spot_Gray_leaf_spot/PlantVillage_train_PlantVillage_train_Corn_(maize)___Cercospora_leaf_spot Gray_leaf_spot_024890.jpg,Corn_(maize)_Cercospora_leaf_spot_Gray_leaf_spot,train
train/Squash_Powdery_mildew_leaf/plantDoc_train_plantDoc_train_Squash_Powdery_mildew_leaf_021050.jpg,Squash_Powdery_mildew_leaf,train
train/Rice_Tungro/rice-leaf-disease-riceguard_train_rice-leaf-disease-riceguard_train_tungro_087539.jpeg,Rice_Tungro,train
train/Cassava_Mosaic_Disease/Cassava_train_Cassava_train_cmd_018605.jpg,Cassava_Mosaic_Disease,train
train/grape_leaf_black_rot/plantDoc_train_plantDoc_train_grape_leaf_black_rot_020327.jpg,grape_leaf_black_rot,train
test/Grape_Esca_(Black_Measles)/PlantVillage_test_PlantVillage_train_Grape___Esca_(Black_Measles)_029460.jpg,Grape_Esca_(Black_Measles),test
train/Rice_Healthy/rice-leaf-disease-riceguard_train_rice-leaf-disease-riceguard_train_healthy_082633.jpg,Rice_Healthy,train
train/Raspberry_healthy/PlantVillage_train_PlantVillage_train_Raspberry___healthy_041518.jpg,Raspberry_healthy,train
test/Tomato_Early_Blight/PlantVillage_test_PlantVillage_train_Tomato___Early_blight_050366.jpg,Tomato_Early_Blight,test
train/Cassava_Mosaic_Disease/Cassava_train_Cassava_train_cmd_017054.jpg,Cassava_Mosaic_Disease,train
test/Apple_Black_Rot/Apple_Disease_Dataset_test_Apple_Disease_Dataset_test_Apple___Black_rot_000977.jpg,Apple_Black_Rot,test
train/Tomato_Septoria_Leaf_Spot/PlantVillage_train_PlantVillage_train_Tomato___Septoria_leaf_spot_054555.jpg,Tomato_Septoria_Leaf_Spot,train
val/Cassava_Healthy/Cassava_val_Cassava_train_healthy_019022.jpg,Cassava_Healthy,val
train/Cassava_Brown_Streak_Disease/Cassava_train_Cassava_train_cbsd_014994.jpg,Cassava_Brown_Streak_Disease,train
test/Apple_Cedar_Apple_Rust/Apple_Disease_Dataset_test_Apple_Disease_Dataset_test_Apple___Cedar_apple_rust_001178.jpg,Apple_Cedar_Apple_Rust,test
train/Squash_Powdery_mildew/PlantVillage_train_PlantVillage_train_Squash___Powdery_mildew_047090.jpg,Squash_Powdery_mildew,train
train/Tomato_Healthy/PlantVillage_train_PlantVillage_train_Tomato___healthy_050901.jpg,Tomato_Healthy,train
train/Tomato_Early_Blight/PlantVillage_train_PlantVillage_train_Tomato___Early_blight_050351.jpg,Tomato_Early_Blight,train
train/Squash_Powdery_mildew_leaf/plantDoc_train_plantDoc_train_Squash_Powdery_mildew_leaf_021025.jpg,Squash_Powdery_mildew_leaf,train
train/Peach_Bacterial_spot/PlantVillage_train_PlantVillage_train_Peach___Bacterial_spot_037026.jpg,Peach_Bacterial_spot,train
train/Apple_Cedar_Apple_Rust/Apple_Disease_Dataset_train_Apple_Disease_Dataset_train_Apple___Cedar_apple_rust_007185.jpg,Apple_Cedar_Apple_Rust,train
train/Apple_Healthy/Apple_Disease_Dataset_train_Apple_Disease_Dataset_train_Apple___healthy_008634.jpg,Apple_Healthy,train
val/Strawberry_Leaf_scorch/PlantVillage_val_PlantVillage_val_Strawberry___Leaf_scorch_069496.jpg,Strawberry_Leaf_scorch,val
train/Cassava_Mosaic_Disease/Cassava_train_Cassava_train_cmd_017753.jpg,Cassava_Mosaic_Disease,train
train/Apple_Scab/Apple_Disease_Dataset_train_Apple_Disease_Dataset_train_Apple___Apple_scab_002719.jpg,Apple_Scab,train
train/Cassava_Brown_Streak_Disease/Cassava_train_Cassava_train_cbsd_013997.jpg,Cassava_Brown_Streak_Disease,train
test/Rice_Healthy/rice-leaf-disease-riceguard_test_rice-leaf-disease-riceguard_test_healthy_074239.jpeg,Rice_Healthy,test
val/Orange_Haunglongbing_(Citrus_greening)/PlantVillage_val_PlantVillage_val_Orange___Haunglongbing_(Citrus_greening)_065932.jpg,Orange_Haunglongbing_(Citrus_greening),val
train/Grape_healthy/PlantVillage_train_PlantVillage_train_Grape___healthy_030140.jpg,Grape_healthy,train
train/Strawberry_Leaf_scorch/PlantVillage_train_PlantVillage_train_Strawberry___Leaf_scorch_048079.jpg,Strawberry_Leaf_scorch,train
val/Peach_Bacterial_spot/PlantVillage_val_PlantVillage_val_Peach___Bacterial_spot_066615.jpg,Peach_Bacterial_spot,val
"val/Bell_Pepper_Healthy/PlantVillage_val_PlantVillage_val_Pepper,_bell___healthy_067006.jpg",Bell_Pepper_Healthy,val
train/Tomato_Target_Spot/PlantVillage_train_PlantVillage_train_Tomato___Target_Spot_058128.jpg,Tomato_Target_Spot,train
train/Potato_Early_Blight/PlantVillage_train_PlantVillage_train_Potato___Early_blight_039746.jpg,Potato_Early_Blight,train
train/Strawberry_leaf/plantDoc_train_plantDoc_train_Strawberry_leaf_021158.jpg,Strawberry_leaf,train
val/Tomato_Healthy/PlantVillage_val_PlantVillage_val_Tomato___healthy_070187.jpg,Tomato_Healthy,val
train/Tomato_Septoria_Leaf_Spot/PlantVillage_train_PlantVillage_train_Tomato___Septoria_leaf_spot_055052.jpg,Tomato_Septoria_Leaf_Spot,train
train/Tomato_Spider_Mites/PlantVillage_train_PlantVillage_train_Tomato___Spider_mites Two-spotted_spider_mite_056232.jpg,Tomato_Spider_Mites,train
train/Tomato_Late_Blight/PlantVillage_train_PlantVillage_train_Tomato___Late_blight_052550.jpg,Tomato_Late_Blight,train
train/Rice_Healthy/rice-leaf-disease-riceguard_train_rice-leaf-disease-riceguard_train_healthy_080973.jpeg,Rice_Healthy,train
train/Orange_Haunglongbing_(Citrus_greening)/PlantVillage_train_PlantVillage_train_Orange___Haunglongbing_(Citrus_greening)_032413.jpg,Orange_Haunglongbing_(Citrus_greening),train
train/Apple_Black_Rot/Apple_Disease_Dataset_train_Apple_Disease_Dataset_train_Apple___Black_rot_005441.jpg,Apple_Black_Rot,train
val/Tomato_Healthy/PlantVillage_val_PlantVillage_val_Tomato___healthy_070243.jpg,Tomato_Healthy,val
val/Soybean_healthy/PlantVillage_val_PlantVillage_val_Soybean___healthy_068198.jpg,Soybean_healthy,val
train/Corn_Gray_leaf_spot/plantDoc_train_plantDoc_train_Corn_Gray_leaf_spot_019911.jpg,Corn_Gray_leaf_spot,train
val/Tomato_Spider_Mites/PlantVillage_val_PlantVillage_val_Tomato___Spider_mites Two-spotted_spider_mite_071540.jpg,Tomato_Spider_Mites,val
train/Strawberry_leaf/plantDoc_train_plantDoc_train_Strawberry_leaf_021104.jpg,Strawberry_leaf,train
train/Corn_(maize)_Northern_Leaf_Blight/PlantVillage_train_PlantVillage_train_Corn_(maize)___Northern_Leaf_Blight_027176.jpg,Corn_(maize)_Northern_Leaf_Blight,train
train/Orange_Haunglongbing_(Citrus_greening)/PlantVillage_train_PlantVillage_train_Orange___Haunglongbing_(Citrus_greening)_031823.jpg,Orange_Haunglongbing_(Citrus_greening),train
val/Tomato_Healthy/PlantVillage_val_PlantVillage_val_Tomato___healthy_070234.jpg,Tomato_Healthy,val
train/Tomato_Late_Blight/PlantVillage_train_PlantVillage_train_Tomato___Late_blight_053057.jpg,Tomato_Late_Blight,train
test/grape_leaf_black_rot/plantDoc_test_plantDoc_test_grape_leaf_black_rot_019203.jpg,grape_leaf_black_rot,test
train/Cassava_Green_Mite/Cassava_train_Cassava_train_cgm_015658.jpg,Cassava_Green_Mite,train
val/Cassava_Mosaic_Disease/Cassava_val_Cassava_train_cmd_016202.jpg,Cassava_Mosaic_Disease,val
train/Orange_Haunglongbing_(Citrus_greening)/PlantVillage_train_PlantVillage_train_Orange___Haunglongbing_(Citrus_greening)_034792.jpg,Orange_Haunglongbing_(Citrus_greening),train
train/Rice_Insect_Damage/rice-leaf-disease-riceguard_train_rice-leaf-disease-riceguard_train_insect_082806.jpeg,Rice_Insect_Damage,train
train/Squash_Powdery_mildew/PlantVillage_train_PlantVillage_train_Squash___Powdery_mildew_046521.jpg,Squash_Powdery_mildew,train
train/Strawberry_Leaf_scorch/PlantVillage_train_PlantVillage_train_Strawberry___Leaf_scorch_047765.jpg,Strawberry_Leaf_scorch,train
train/Orange_Haunglongbing_(Citrus_greening)/PlantVillage_train_PlantVillage_train_Orange___Haunglongbing_(Citrus_greening)_034416.jpg,Orange_Haunglongbing_(Citrus_greening),train
val/Soybean_healthy/PlantVillage_val_PlantVillage_val_Soybean___healthy_068356.jpg,Soybean_healthy,val
train/Orange_Haunglongbing_(Citrus_greening)/PlantVillage_train_PlantVillage_train_Orange___Haunglongbing_(Citrus_greening)_032472.jpg,Orange_Haunglongbing_(Citrus_greening),train
train/Soybean_healthy/PlantVillage_train_PlantVillage_train_Soybean___healthy_044345.jpg,Soybean_healthy,train
train/Rice_Scald/rice-leaf-disease-riceguard_train_rice-leaf-disease-riceguard_train_scald_085823.jpg,Rice_Scald,train
train/Cassava_Brown_Streak_Disease/Cassava_train_Cassava_train_cbsd_014873.jpg,Cassava_Brown_Streak_Disease,train
train/Corn_(maize)_Northern_Leaf_Blight/PlantVillage_train_PlantVillage_train_Corn_(maize)___Northern_Leaf_Blight_027135.jpg,Corn_(maize)_Northern_Leaf_Blight,train
train/Tomato_Spider_Mites/PlantVillage_train_PlantVillage_train_Tomato___Spider_mites Two-spotted_spider_mite_056451.jpg,Tomato_Spider_Mites,train
train/Rice_Leaf_Folder/rice-leaf-disease-riceguard_train_rice-leaf-disease-riceguard_train_leaf_folder_085637.jpg,Rice_Leaf_Folder,train
train/Rice_Blast/rice-leaf-disease-riceguard_train_rice-leaf-disease-riceguard_train_blast_076048.jpeg,Rice_Blast,train
val/Apple_Cedar_Apple_Rust/Apple_Disease_Dataset_val_Apple_Disease_Dataset_train_Apple___Cedar_apple_rust_006055.jpg,Apple_Cedar_Apple_Rust,val
train/Tomato_Bacterial_Spot/PlantVillage_train_PlantVillage_train_Tomato___Bacterial_spot_048749.jpg,Tomato_Bacterial_Spot,train
train/Corn_Gray_leaf_spot/plantDoc_train_plantDoc_train_Corn_Gray_leaf_spot_019907.jpg,Corn_Gray_leaf_spot,train
test/Strawberry_healthy/PlantVillage_test_PlantVillage_train_Strawberry___healthy_047419.jpg,Strawberry_healthy,test
train/Apple_Scab/Apple_Disease_Dataset_train_Apple_Disease_Dataset_train_Apple___Apple_scab_003847.jpg,Apple_Scab,train
test/Rice_Blast/rice-leaf-disease-riceguard_test_rice-leaf-disease-riceguard_test_blast_073490.jpeg,Rice_Blast,test
train/Rice_Scald/rice-leaf-disease-riceguard_train_rice-leaf-disease-riceguard_train_scald_085812.jpg,Rice_Scald,train
"train/Bell_Pepper_Bacterial_Spot/PlantVillage_train_PlantVillage_train_Pepper,_bell___Bacterial_spot_038129.jpg",Bell_Pepper_Bacterial_Spot,train
train/Apple_Healthy/Apple_Disease_Dataset_train_Apple_Disease_Dataset_train_Apple___healthy_008485.jpg,Apple_Healthy,train
train/Apple_Black_Rot/Apple_Disease_Dataset_train_Apple_Disease_Dataset_train_Apple___Black_rot_005461.jpg,Apple_Black_Rot,train
train/Rice_Blast/rice-leaf-disease-riceguard_train_rice-leaf-disease-riceguard_train_blast_077087.jpeg,Rice_Blast,train
train/Tomato_Yellow_Leaf_Curl_Virus/PlantVillage_train_PlantVillage_train_Tomato___Tomato_Yellow_Leaf_Curl_Virus_061878.jpg,Tomato_Yellow_Leaf_Curl_Virus,train
train/Tomato_Yellow_Leaf_Curl_Virus/PlantVillage_train_PlantVillage_train_Tomato___Tomato_Yellow_Leaf_Curl_Virus_059579.jpg,Tomato_Yellow_Leaf_Curl_Virus,train
train/Rice_Leaf_Folder/rice-leaf-disease-riceguard_train_rice-leaf-disease-riceguard_train_leaf_folder_085315.jpeg,Rice_Leaf_Folder,train
train/Tomato_Spider_Mites/PlantVillage_train_PlantVillage_train_Tomato___Spider_mites Two-spotted_spider_mite_056001.jpg,Tomato_Spider_Mites,train
val/Corn_(maize)_Northern_Leaf_Blight/PlantVillage_val_PlantVillage_val_Corn_(maize)___Northern_Leaf_Blight_064325.jpg,Corn_(maize)_Northern_Leaf_Blight,val
train/Tomato_Bacterial_Spot/PlantVillage_train_PlantVillage_train_Tomato___Bacterial_spot_048593.jpg,Tomato_Bacterial_Spot,train
train/Cherry_(including_sour)_Powdery_mildew/PlantVillage_train_PlantVillage_train_Cherry_(including_sour)___Powdery_mildew_024017.jpg,Cherry_(including_sour)_Powdery_mildew,train
train/Rice_Blast/rice-leaf-disease-riceguard_train_rice-leaf-disease-riceguard_train_blast_078838.jpeg,Rice_Blast,train
val/Tomato_Healthy/PlantVillage_val_PlantVillage_val_Tomato___healthy_070368.jpg,Tomato_Healthy,val
train/Tomato_Yellow_Leaf_Curl_Virus/PlantVillage_train_PlantVillage_train_Tomato___Tomato_Yellow_Leaf_Curl_Virus_062752.jpg,Tomato_Yellow_Leaf_Curl_Virus,train
train/Tomato_Septoria_Leaf_Spot/PlantVillage_train_PlantVillage_train_Tomato___Septoria_leaf_spot_055526.jpg,Tomato_Septoria_Leaf_Spot,train
"train/Bell_Pepper_Healthy/PlantVillage_train_PlantVillage_train_Pepper,_bell___healthy_038922.jpg",Bell_Pepper_Healthy,train
train/Corn_leaf_blight/plantDoc_train_plantDoc_train_Corn_leaf_blight_020078.jpg,Corn_leaf_blight,train
train/Orange_Haunglongbing_(Citrus_greening)/PlantVillage_train_PlantVillage_train_Orange___Haunglongbing_(Citrus_greening)_034837.jpg,Orange_Haunglongbing_(Citrus_greening),train
train/Squash_Powdery_mildew/PlantVillage_train_PlantVillage_train_Squash___Powdery_mildew_045877.jpg,Squash_Powdery_mildew,train
val/Apple_Cedar_Apple_Rust/Apple_Disease_Dataset_val_Apple_Disease_Dataset_train_Apple___Cedar_apple_rust_007679.jpg,Apple_Cedar_Apple_Rust,val
test/Tomato_Bacterial_Spot/PlantVillage_test_PlantVillage_train_Tomato___Bacterial_spot_049038.jpg,Tomato_Bacterial_Spot,test
train/Rice_Blast/rice-leaf-disease-riceguard_train_rice-leaf-disease-riceguard_train_blast_078311.jpeg,Rice_Blast,train
train/Peach_leaf/plantDoc_train_plantDoc_train_Peach_leaf_020381.jpg,Peach_leaf,train
train/Rice_Healthy/rice-leaf-disease-riceguard_train_rice-leaf-disease-riceguard_train_healthy_080970.jpeg,Rice_Healthy,train
train/Orange_Haunglongbing_(Citrus_greening)/PlantVillage_train_PlantVillage_train_Orange___Haunglongbing_(Citrus_greening)_033581.jpg,Orange_Haunglongbing_(Citrus_greening),train
test/Cherry_(including_sour)_healthy/PlantVillage_test_PlantVillage_train_Cherry_(including_sour)___healthy_023495.jpg,Cherry_(including_sour)_healthy,test
train/Tomato_Leaf_Mold/PlantVillage_train_PlantVillage_train_Tomato___Leaf_Mold_053717.jpg,Tomato_Leaf_Mold,train
test/Cassava_Brown_Streak_Disease/Cassava_test_Cassava_train_cbsd_014143.jpg,Cassava_Brown_Streak_Disease,test
train/Squash_Powdery_mildew/PlantVillage_train_PlantVillage_train_Squash___Powdery_mildew_046859.jpg,Squash_Powdery_mildew,train
"train/Bell_Pepper_Healthy/PlantVillage_train_PlantVillage_train_Pepper,_bell___healthy_038730.jpg",Bell_Pepper_Healthy,train
train/Peach_Bacterial_spot/PlantVillage_train_PlantVillage_train_Peach___Bacterial_spot_035956.jpg,Peach_Bacterial_spot,train
test/Peach_Bacterial_spot/PlantVillage_test_PlantVillage_train_Peach___Bacterial_spot_035799.jpg,Peach_Bacterial_spot,test
val/Grape_Esca_(Black_Measles)/PlantVillage_val_PlantVillage_val_Grape___Esca_(Black_Measles)_064799.jpg,Grape_Esca_(Black_Measles),val
test/Rice_Scald/rice-leaf-disease-riceguard_test_rice-leaf-disease-riceguard_test_scald_075287.jpg,Rice_Scald,test
train/Tomato_Yellow_Leaf_Curl_Virus/PlantVillage_train_PlantVillage_train_Tomato___Tomato_Yellow_Leaf_Curl_Virus_061064.jpg,Tomato_Yellow_Leaf_Curl_Virus,train
train/Peach_healthy/PlantVillage_train_PlantVillage_train_Peach___healthy_037347.jpg,Peach_healthy,train
train/Blueberry_healthy/PlantVillage_train_PlantVillage_train_Blueberry___healthy_023203.jpg,Blueberry_healthy,train
test/Rice_Blast/rice-leaf-disease-riceguard_test_rice-leaf-disease-riceguard_test_blast_073640.jpeg,Rice_Blast,test
train/Tomato_Late_Blight/PlantVillage_train_PlantVillage_train_Tomato___Late_blight_052528.jpg,Tomato_Late_Blight,train
train/Squash_Powdery_mildew_leaf/plantDoc_train_plantDoc_train_Squash_Powdery_mildew_leaf_021016.jpg,Squash_Powdery_mildew_leaf,train
"test/Bell_Pepper_Healthy/PlantVillage_test_PlantVillage_train_Pepper,_bell___healthy_039131.jpg",Bell_Pepper_Healthy,test
train/Soybean_healthy/PlantVillage_train_PlantVillage_train_Soybean___healthy_042387.jpg,Soybean_healthy,train
train/Potato_Late_Blight/PlantVillage_train_PlantVillage_train_Potato___Late_blight_041101.jpg,Potato_Late_Blight,train
val/Orange_Haunglongbing_(Citrus_greening)/PlantVillage_val_PlantVillage_val_Orange___Haunglongbing_(Citrus_greening)_066085.jpg,Orange_Haunglongbing_(Citrus_greening),val
train/Rice_Bacterial_Leaf_Stripe/rice-leaf-disease-riceguard_train_rice-leaf-disease-riceguard_train_stripes_086091.jpeg,Rice_Bacterial_Leaf_Stripe,train
train/Soybean_healthy/PlantVillage_train_PlantVillage_train_Soybean___healthy_043382.jpg,Soybean_healthy,train
train/Apple_Cedar_Apple_Rust/Apple_Disease_Dataset_train_Apple_Disease_Dataset_train_Apple___Cedar_apple_rust_006065.jpg,Apple_Cedar_Apple_Rust,train
train/Blueberry_healthy/PlantVillage_train_PlantVillage_train_Blueberry___healthy_022400.jpg,Blueberry_healthy,train
train/Rice_Healthy/rice-leaf-disease-riceguard_train_rice-leaf-disease-riceguard_train_healthy_079777.jpeg,Rice_Healthy,train
train/Tomato_Septoria_Leaf_Spot/PlantVillage_train_PlantVillage_train_Tomato___Septoria_leaf_spot_055341.jpg,Tomato_Septoria_Leaf_Spot,train
test/Apple_Black_Rot/Apple_Disease_Dataset_test_Apple_Disease_Dataset_test_Apple___Black_rot_000920.jpg,Apple_Black_Rot,test
train/Soybean_healthy/PlantVillage_train_PlantVillage_train_Soybean___healthy_041923.jpg,Soybean_healthy,train
train/Rice_Leaf_Folder/rice-leaf-disease-riceguard_train_rice-leaf-disease-riceguard_train_leaf_folder_085044.jpeg,Rice_Leaf_Folder,train
train/Rice_Blast/rice-leaf-disease-riceguard_train_rice-leaf-disease-riceguard_train_blast_078843.jpeg,Rice_Blast,train
test/Tomato_Healthy/PlantVillage_test_PlantVillage_train_Tomato___healthy_050974.jpg,Tomato_Healthy,test
train/Squash_Powdery_mildew/PlantVillage_train_PlantVillage_train_Squash___Powdery_mildew_045781.jpg,Squash_Powdery_mildew,train
train/Tomato_Bacterial_Spot/PlantVillage_train_PlantVillage_train_Tomato___Bacterial_spot_049580.jpg,Tomato_Bacterial_Spot,train
train/Tomato_Bacterial_Spot/PlantVillage_train_PlantVillage_train_Tomato___Bacterial_spot_048875.jpg,Tomato_Bacterial_Spot,train
train/Rice_Leaf_Folder/rice-leaf-disease-riceguard_train_rice-leaf-disease-riceguard_train_leaf_folder_084963.jpeg,Rice_Leaf_Folder,train
"val/Bell_Pepper_Healthy/PlantVillage_val_PlantVillage_val_Pepper,_bell___healthy_067098.jpg",Bell_Pepper_Healthy,val
test/Cassava_Brown_Streak_Disease/Cassava_test_Cassava_train_cbsd_014891.jpg,Cassava_Brown_Streak_Disease,test
train/Strawberry_Leaf_scorch/PlantVillage_train_PlantVillage_train_Strawberry___Leaf_scorch_047881.jpg,Strawberry_Leaf_scorch,train
train/Tomato_Early_Blight/PlantVillage_train_PlantVillage_train_Tomato___Early_blight_050254.jpg,Tomato_Early_Blight,train
train/Tomato_Leaf_Mold/plantDoc_train_plantDoc_train_Tomato_mold_leaf_021823.jpg,Tomato_Leaf_Mold,train
train/Blueberry_healthy/PlantVillage_train_PlantVillage_train_Blueberry___healthy_022927.jpg,Blueberry_healthy,train
train/Squash_Powdery_mildew/PlantVillage_train_PlantVillage_train_Squash___Powdery_mildew_045932.jpg,Squash_Powdery_mildew,train
test/Potato_Early_Blight/PlantVillage_test_PlantVillage_train_Potato___Early_blight_039662.jpg,Potato_Early_Blight,test
val/Grape_Esca_(Black_Measles)/PlantVillage_val_PlantVillage_val_Grape___Esca_(Black_Measles)_064738.jpg,Grape_Esca_(Black_Measles),val
train/Grape_Leaf_blight_(Isariopsis_Leaf_Spot)/PlantVillage_train_PlantVillage_train_Grape___Leaf_blight_(Isariopsis_Leaf_Spot)_030835.jpg,Grape_Leaf_blight_(Isariopsis_Leaf_Spot),train
train/Rice_Leaf_Folder/rice-leaf-disease-riceguard_train_rice-leaf-disease-riceguard_train_leaf_folder_085283.jpeg,Rice_Leaf_Folder,train
test/Rice_Leaf_Folder/rice-leaf-disease-riceguard_test_rice-leaf-disease-riceguard_test_leaf_folder_075150.jpeg,Rice_Leaf_Folder,test
test/Rice_Insect_Damage/rice-leaf-disease-riceguard_test_rice-leaf-disease-riceguard_test_insect_074613.jpeg,Rice_Insect_Damage,test
train/Soybean_healthy/PlantVillage_train_PlantVillage_train_Soybean___healthy_042199.jpg,Soybean_healthy,train
train/Squash_Powdery_mildew/PlantVillage_train_PlantVillage_train_Squash___Powdery_mildew_046800.jpg,Squash_Powdery_mildew,train
val/Peach_leaf/plantDoc_val_plantDoc_train_Peach_leaf_020420.jpg,Peach_leaf,val
val/Orange_Haunglongbing_(Citrus_greening)/PlantVillage_val_PlantVillage_val_Orange___Haunglongbing_(Citrus_greening)_065380.jpg,Orange_Haunglongbing_(Citrus_greening),val
train/Tomato_Late_Blight/PlantVillage_train_PlantVillage_train_Tomato___Late_blight_053463.jpg,Tomato_Late_Blight,train
train/Squash_Powdery_mildew/PlantVillage_train_PlantVillage_train_Squash___Powdery_mildew_045725.jpg,Squash_Powdery_mildew,train
test/Apple_Cedar_Apple_Rust/Apple_Disease_Dataset_test_Apple_Disease_Dataset_test_Apple___Cedar_apple_rust_001407.jpg,Apple_Cedar_Apple_Rust,test
"train/Bell_Pepper_Bacterial_Spot/PlantVillage_train_PlantVillage_train_Pepper,_bell___Bacterial_spot_038097.jpg",Bell_Pepper_Bacterial_Spot,train
train/Raspberry_healthy/PlantVillage_train_PlantVillage_train_Raspberry___healthy_041374.jpg,Raspberry_healthy,train
val/Grape_Leaf_blight_(Isariopsis_Leaf_Spot)/PlantVillage_val_PlantVillage_val_Grape___Leaf_blight_(Isariopsis_Leaf_Spot)_065132.jpg,Grape_Leaf_blight_(Isariopsis_Leaf_Spot),val
val/Apple_Scab/Apple_Disease_Dataset_val_Apple_Disease_Dataset_train_Apple___Apple_scab_002832.jpg,Apple_Scab,val
train/Corn_(maize)_Common_rust_/PlantVillage_train_PlantVillage_train_Corn_(maize)___Common_rust__025514.jpg,Corn_(maize)_Common_rust_,train
val/Tomato_Target_Spot/PlantVillage_val_PlantVillage_val_Tomato___Target_Spot_071712.jpg,Tomato_Target_Spot,val
train/Grape_Black_rot/PlantVillage_train_PlantVillage_train_Grape___Black_rot_028720.jpg,Grape_Black_rot,train
train/Apple_Healthy/Apple_Disease_Dataset_train_Apple_Disease_Dataset_train_Apple___healthy_008137.jpg,Apple_Healthy,train
train/Tomato_Healthy/PlantVillage_train_PlantVillage_train_Tomato___healthy_050908.jpg,Tomato_Healthy,train
train/Rice_Leaf_Folder/rice-leaf-disease-riceguard_train_rice-leaf-disease-riceguard_train_leaf_folder_084693.jpeg,Rice_Leaf_Folder,train
test/Tomato_Bacterial_Spot/PlantVillage_test_PlantVillage_train_Tomato___Bacterial_spot_048509.jpg,Tomato_Bacterial_Spot,test
train/Rice_Insect_Damage/rice-leaf-disease-riceguard_train_rice-leaf-disease-riceguard_train_insect_083661.jpeg,Rice_Insect_Damage,train
train/Tomato_Mosaic_Virus/PlantVillage_train_PlantVillage_train_Tomato___Tomato_mosaic_virus_058465.jpg,Tomato_Mosaic_Virus,train
val/Rice_Blast/rice-leaf-disease-riceguard_val_rice-leaf-disease-riceguard_val_blast_089471.jpeg,Rice_Blast,val
train/Tomato_Late_Blight/PlantVillage_train_PlantVillage_train_Tomato___Late_blight_052509.jpg,Tomato_Late_Blight,train
train/Tomato_Target_Spot/PlantVillage_train_PlantVillage_train_Tomato___Target_Spot_057850.jpg,Tomato_Target_Spot,train
val/Rice_Bacterial_Leaf_Stripe/rice-leaf-disease-riceguard_val_rice-leaf-disease-riceguard_val_stripes_091335.jpg,Rice_Bacterial_Leaf_Stripe,val
train/Rice_Healthy/rice-leaf-disease-riceguard_train_rice-leaf-disease-riceguard_train_healthy_081268.jpeg,Rice_Healthy,train
train/Cassava_Mosaic_Disease/Cassava_train_Cassava_train_cmd_017521.jpg,Cassava_Mosaic_Disease,train
val/Tomato_Spider_Mites/PlantVillage_val_PlantVillage_val_Tomato___Spider_mites Two-spotted_spider_mite_071686.jpg,Tomato_Spider_Mites,val
train/Tomato_Yellow_Leaf_Curl_Virus/PlantVillage_train_PlantVillage_train_Tomato___Tomato_Yellow_Leaf_Curl_Virus_060902.jpg,Tomato_Yellow_Leaf_Curl_Virus,train
val/Tomato_Early_Blight/PlantVillage_val_PlantVillage_val_Tomato___Early_blight_069936.jpg,Tomato_Early_Blight,val
train/Cassava_Brown_Streak_Disease/Cassava_train_Cassava_train_cbsd_014572.jpg,Cassava_Brown_Streak_Disease,train
train/Blueberry_leaf/plantDoc_train_plantDoc_train_Blueberry_leaf_019804.jpg,Blueberry_leaf,train
val/Tomato_Bacterial_Spot/PlantVillage_val_PlantVillage_val_Tomato___Bacterial_spot_069566.jpg,Tomato_Bacterial_Spot,val
train/Grape_Esca_(Black_Measles)/PlantVillage_train_PlantVillage_train_Grape___Esca_(Black_Measles)_029639.jpg,Grape_Esca_(Black_Measles),train
train/Rice_Healthy/rice-leaf-disease-riceguard_train_rice-leaf-disease-riceguard_train_healthy_082502.jpg,Rice_Healthy,train
train/Cassava_Bacterial_Blight/Cassava_train_Cassava_train_cbb_013663.jpg,Cassava_Bacterial_Blight,train
train/Cassava_Bacterial_Blight/Cassava_train_Cassava_train_cbb_013568.jpg,Cassava_Bacterial_Blight,train
val/Tomato_Target_Spot/PlantVillage_val_PlantVillage_val_Tomato___Target_Spot_071736.jpg,Tomato_Target_Spot,val
train/Rice_Blast/rice-leaf-disease-riceguard_train_rice-leaf-disease-riceguard_train_blast_078371.jpeg,Rice_Blast,train
train/Tomato_Healthy/PlantVillage_train_PlantVillage_train_Tomato___healthy_050922.jpg,Tomato_Healthy,train
test/Corn_leaf_blight/plantDoc_test_plantDoc_test_Corn_leaf_blight_019173.jpg,Corn_leaf_blight,test
train/Tomato_Spider_Mites/PlantVillage_train_PlantVillage_train_Tomato___Spider_mites Two-spotted_spider_mite_056686.jpg,Tomato_Spider_Mites,train
test/Strawberry_healthy/PlantVillage_test_PlantVillage_train_Strawberry___healthy_047251.jpg,Strawberry_healthy,test
train/Tomato_Bacterial_Spot/PlantVillage_train_PlantVillage_train_Tomato___Bacterial_spot_048713.jpg,Tomato_Bacterial_Spot,train
train/Corn_(maize)_Common_rust_/PlantVillage_train_PlantVillage_train_Corn_(maize)___Common_rust__025278.jpg,Corn_(maize)_Common_rust_,train
train/Corn_leaf_blight/plantDoc_train_plantDoc_train_Corn_leaf_blight_020035.jpg,Corn_leaf_blight,train
train/Cassava_Green_Mite/Cassava_train_Cassava_train_cgm_015920.jpg,Cassava_Green_Mite,train
train/Tomato_Bacterial_Spot/PlantVillage_train_PlantVillage_train_Tomato___Bacterial_spot_048554.jpg,Tomato_Bacterial_Spot,train
val/Squash_Powdery_mildew/PlantVillage_val_PlantVillage_val_Squash___Powdery_mildew_068837.jpg,Squash_Powdery_mildew,val
val/Blueberry_healthy/PlantVillage_val_PlantVillage_val_Blueberry___healthy_063145.jpg,Blueberry_healthy,val
train/Soybean_healthy/PlantVillage_train_PlantVillage_train_Soybean___healthy_043398.jpg,Soybean_healthy,train
train/grape_leaf_black_rot/plantDoc_train_plantDoc_train_grape_leaf_black_rot_020315.jpg,grape_leaf_black_rot,train
train/Potato_Early_Blight/PlantVillage_train_PlantVillage_train_Potato___Early_blight_039790.jpg,Potato_Early_Blight,train
train/Blueberry_healthy/PlantVillage_train_PlantVillage_train_Blueberry___healthy_022305.jpg,Blueberry_healthy,train
"train/Bell_Pepper_Healthy/PlantVillage_train_PlantVillage_train_Pepper,_bell___healthy_038762.jpg",Bell_Pepper_Healthy,train
train/Tomato_Leaf_Mold/PlantVillage_train_PlantVillage_train_Tomato___Leaf_Mold_054002.jpg,Tomato_Leaf_Mold,train
train/Tomato_Healthy/PlantVillage_train_PlantVillage_train_Tomato___healthy_051637.jpg,Tomato_Healthy,train
train/Cassava_Mosaic_Disease/Cassava_train_Cassava_train_cmd_018073.jpg,Cassava_Mosaic_Disease,train
train/Grape_healthy/PlantVillage_train_PlantVillage_train_Grape___healthy_030144.jpg,Grape_healthy,train
train/Squash_Powdery_mildew/PlantVillage_train_PlantVillage_train_Squash___Powdery_mildew_046381.jpg,Squash_Powdery_mildew,train
train/Corn_(maize)_Common_rust_/PlantVillage_train_PlantVillage_train_Corn_(maize)___Common_rust__025849.jpg,Corn_(maize)_Common_rust_,train
train/Tomato_Leaf_Mold/plantDoc_train_plantDoc_train_Tomato_mold_leaf_021815.jpg,Tomato_Leaf_Mold,train
train/Corn_(maize)_Northern_Leaf_Blight/PlantVillage_train_PlantVillage_train_Corn_(maize)___Northern_Leaf_Blight_027391.jpg,Corn_(maize)_Northern_Leaf_Blight,train
train/Corn_(maize)_Common_rust_/PlantVillage_train_PlantVillage_train_Corn_(maize)___Common_rust__025569.jpg,Corn_(maize)_Common_rust_,train
train/Squash_Powdery_mildew/PlantVillage_train_PlantVillage_train_Squash___Powdery_mildew_046179.jpg,Squash_Powdery_mildew,train
train/Apple_Healthy/Apple_Disease_Dataset_train_Apple_Disease_Dataset_train_Apple___healthy_008869.jpg,Apple_Healthy,train
val/Rice_Healthy/rice-leaf-disease-riceguard_val_rice-leaf-disease-riceguard_val_healthy_090004.jpeg,Rice_Healthy,val
train/Rice_Tungro/rice-leaf-disease-riceguard_train_rice-leaf-disease-riceguard_train_tungro_088274.jpeg,Rice_Tungro,train
test/Apple_Healthy/Apple_Disease_Dataset_test_Apple_Disease_Dataset_test_Apple___healthy_001716.jpg,Apple_Healthy,test
train/Rice_Leaf_Folder/rice-leaf-disease-riceguard_train_rice-leaf-disease-riceguard_train_leaf_folder_085432.jpeg,Rice_Leaf_Folder,train
val/Apple_Healthy/Apple_Disease_Dataset_val_Apple_Disease_Dataset_train_Apple___healthy_008746.jpg,Apple_Healthy,val
val/Grape_Esca_(Black_Measles)/PlantVillage_val_PlantVillage_val_Grape___Esca_(Black_Measles)_064723.jpg,Grape_Esca_(Black_Measles),val
train/Orange_Haunglongbing_(Citrus_greening)/PlantVillage_train_PlantVillage_train_Orange___Haunglongbing_(Citrus_greening)_034174.jpg,Orange_Haunglongbing_(Citrus_greening),train
train/Tomato_Bacterial_Spot/PlantVillage_train_PlantVillage_train_Tomato___Bacterial_spot_048989.jpg,Tomato_Bacterial_Spot,train
train/Cherry_(including_sour)_healthy/PlantVillage_train_PlantVillage_train_Cherry_(including_sour)___healthy_023861.jpg,Cherry_(including_sour)_healthy,train
train/Apple_Black_Rot/plantDoc_train_plantDoc_train_Apple_rust_leaf_019493.jpg,Apple_Black_Rot,train
train/Orange_Haunglongbing_(Citrus_greening)/PlantVillage_train_PlantVillage_train_Orange___Haunglongbing_(Citrus_greening)_033213.jpg,Orange_Haunglongbing_(Citrus_greening),train
train/Grape_Esca_(Black_Measles)/PlantVillage_train_PlantVillage_train_Grape___Esca_(Black_Measles)_029758.jpg,Grape_Esca_(Black_Measles),train
train/Rice_Healthy/rice-leaf-disease-riceguard_train_rice-leaf-disease-riceguard_train_healthy_081223.jpeg,Rice_Healthy,train
train/Tomato_Spider_Mites/PlantVillage_train_PlantVillage_train_Tomato___Spider_mites Two-spotted_spider_mite_056318.jpg,Tomato_Spider_Mites,train
train/Apple_Black_Rot/Apple_Disease_Dataset_train_Apple_Disease_Dataset_train_Apple___Black_rot_004502.jpg,Apple_Black_Rot,train
test/Potato_Late_Blight/PlantVillage_test_PlantVillage_train_Potato___Late_blight_040599.jpg,Potato_Late_Blight,test
train/Tomato_Septoria_Leaf_Spot/PlantVillage_train_PlantVillage_train_Tomato___Septoria_leaf_spot_054634.jpg,Tomato_Septoria_Leaf_Spot,train
train/Orange_Haunglongbing_(Citrus_greening)/PlantVillage_train_PlantVillage_train_Orange___Haunglongbing_(Citrus_greening)_031525.jpg,Orange_Haunglongbing_(Citrus_greening),train
train/Tomato_Yellow_Leaf_Curl_Virus/PlantVillage_train_PlantVillage_train_Tomato___Tomato_Yellow_Leaf_Curl_Virus_060120.jpg,Tomato_Yellow_Leaf_Curl_Virus,train
train/Tomato_Bacterial_Spot/PlantVillage_train_PlantVillage_train_Tomato___Bacterial_spot_048435.jpg,Tomato_Bacterial_Spot,train
train/Rice_Leaf_Folder/rice-leaf-disease-riceguard_train_rice-leaf-disease-riceguard_train_leaf_folder_085284.jpeg,Rice_Leaf_Folder,train
train/Orange_Haunglongbing_(Citrus_greening)/PlantVillage_train_PlantVillage_train_Orange___Haunglongbing_(Citrus_greening)_033127.jpg,Orange_Haunglongbing_(Citrus_greening),train
train/Cassava_Brown_Streak_Disease/Cassava_train_Cassava_train_cbsd_014617.jpg,Cassava_Brown_Streak_Disease,train
train/Tomato_Target_Spot/PlantVillage_train_PlantVillage_train_Tomato___Target_Spot_057530.jpg,Tomato_Target_Spot,train
train/Tomato_Yellow_Leaf_Curl_Virus/PlantVillage_train_PlantVillage_train_Tomato___Tomato_Yellow_Leaf_Curl_Virus_060480.jpg,Tomato_Yellow_Leaf_Curl_Virus,train
train/Tomato_Leaf_Mold/PlantVillage_train_PlantVillage_train_Tomato___Leaf_Mold_054426.jpg,Tomato_Leaf_Mold,train
test/Apple_Healthy/Apple_Disease_Dataset_test_Apple_Disease_Dataset_test_Apple___healthy_001472.jpg,Apple_Healthy,test
train/Tomato_Bacterial_Spot/PlantVillage_train_PlantVillage_train_Tomato___Bacterial_spot_049696.jpg,Tomato_Bacterial_Spot,train
test/Tomato_Spider_Mites/PlantVillage_test_PlantVillage_train_Tomato___Spider_mites Two-spotted_spider_mite_056408.jpg,Tomato_Spider_Mites,test
train/Cassava_Bacterial_Blight/Cassava_train_Cassava_train_cbb_013507.jpg,Cassava_Bacterial_Blight,train
val/Tomato_Late_Blight/PlantVillage_val_PlantVillage_val_Tomato___Late_blight_070550.jpg,Tomato_Late_Blight,val
test/Raspberry_leaf/plantDoc_test_plantDoc_test_Raspberry_leaf_019238.jpg,Raspberry_leaf,test
train/Rice_Bacterial_Leaf_Stripe/rice-leaf-disease-riceguard_train_rice-leaf-disease-riceguard_train_stripes_087064.jpeg,Rice_Bacterial_Leaf_Stripe,train
train/Cassava_Mosaic_Disease/Cassava_train_Cassava_train_cmd_016210.jpg,Cassava_Mosaic_Disease,train
train/Apple_Scab/Apple_Disease_Dataset_train_Apple_Disease_Dataset_train_Apple___Apple_scab_003271.jpg,Apple_Scab,train
train/Rice_Bacterial_Leaf_Stripe/rice-leaf-disease-riceguard_train_rice-leaf-disease-riceguard_train_stripes_086859.jpeg,Rice_Bacterial_Leaf_Stripe,train
train/Tomato_Target_Spot/PlantVillage_train_PlantVillage_train_Tomato___Target_Spot_057678.jpg,Tomato_Target_Spot,train
train/Apple_Healthy/Apple_Disease_Dataset_train_Apple_Disease_Dataset_train_Apple___healthy_007777.jpg,Apple_Healthy,train
train/Rice_Tungro/rice-leaf-disease-riceguard_train_rice-leaf-disease-riceguard_train_tungro_087711.jpeg,Rice_Tungro,train
train/Tomato_Spider_Mites/PlantVillage_train_PlantVillage_train_Tomato___Spider_mites Two-spotted_spider_mite_056178.jpg,Tomato_Spider_Mites,train
train/Corn_rust_leaf/plantDoc_train_plantDoc_train_Corn_rust_leaf_020117.jpg,Corn_rust_leaf,train
"val/Bell_Pepper_Bacterial_Spot/PlantVillage_val_PlantVillage_val_Pepper,_bell___Bacterial_spot_066893.jpg",Bell_Pepper_Bacterial_Spot,val
"train/Bell_Pepper_Bacterial_Spot/PlantVillage_train_PlantVillage_train_Pepper,_bell___Bacterial_spot_037716.jpg",Bell_Pepper_Bacterial_Spot,train
train/Tomato_Spider_Mites/PlantVillage_train_PlantVillage_train_Tomato___Spider_mites Two-spotted_spider_mite_056885.jpg,Tomato_Spider_Mites,train
train/Apple_Black_Rot/Apple_Disease_Dataset_train_Apple_Disease_Dataset_train_Apple___Black_rot_004805.jpg,Apple_Black_Rot,train
train/Cherry_(including_sour)_healthy/PlantVillage_train_PlantVillage_train_Cherry_(including_sour)___healthy_023475.jpg,Cherry_(including_sour)_healthy,train
val/Rice_Blast/rice-leaf-disease-riceguard_val_rice-leaf-disease-riceguard_val_blast_088925.jpeg,Rice_Blast,val
test/Squash_Powdery_mildew_leaf/plantDoc_test_plantDoc_test_Squash_Powdery_mildew_leaf_019253.jpg,Squash_Powdery_mildew_leaf,test
val/Corn_Gray_leaf_spot/plantDoc_val_plantDoc_train_Corn_Gray_leaf_spot_019888.jpg,Corn_Gray_leaf_spot,val
train/Cassava_Green_Mite/Cassava_train_Cassava_train_cgm_016069.jpg,Cassava_Green_Mite,train
train/Tomato_Mosaic_Virus/PlantVillage_train_PlantVillage_train_Tomato___Tomato_mosaic_virus_058466.jpg,Tomato_Mosaic_Virus,train
train/Corn_(maize)_healthy/PlantVillage_train_PlantVillage_train_Corn_(maize)___healthy_026690.jpg,Corn_(maize)_healthy,train
train/Cherry_(including_sour)_Powdery_mildew/PlantVillage_train_PlantVillage_train_Cherry_(including_sour)___Powdery_mildew_024286.jpg,Cherry_(including_sour)_Powdery_mildew,train
train/Corn_(maize)_Northern_Leaf_Blight/PlantVillage_train_PlantVillage_train_Corn_(maize)___Northern_Leaf_Blight_027395.jpg,Corn_(maize)_Northern_Leaf_Blight,train
train/Rice_Tungro/rice-leaf-disease-riceguard_train_rice-leaf-disease-riceguard_train_tungro_087521.jpeg,Rice_Tungro,train
val/Soybean_healthy/PlantVillage_val_PlantVillage_val_Soybean___healthy_068611.jpg,Soybean_healthy,val
val/Peach_Bacterial_spot/PlantVillage_val_PlantVillage_val_Peach___Bacterial_spot_066343.jpg,Peach_Bacterial_spot,val
train/Raspberry_leaf/plantDoc_train_plantDoc_train_Raspberry_leaf_020841.jpg,Raspberry_leaf,train
train/grape_leaf_black_rot/plantDoc_train_plantDoc_train_grape_leaf_black_rot_020288.jpg,grape_leaf_black_rot,train
train/Apple_Scab/Apple_Disease_Dataset_train_Apple_Disease_Dataset_train_Apple___Apple_scab_002894.jpg,Apple_Scab,train
val/Soybean_healthy/PlantVillage_val_PlantVillage_val_Soybean___healthy_068768.jpg,Soybean_healthy,val
train/Corn_(maize)_healthy/PlantVillage_train_PlantVillage_train_Corn_(maize)___healthy_026685.jpg,Corn_(maize)_healthy,train
train/Rice_Tungro/rice-leaf-disease-riceguard_train_rice-leaf-disease-riceguard_train_tungro_088772.jpg,Rice_Tungro,train
train/Cassava_Healthy/Cassava_train_Cassava_train_healthy_018874.jpg,Cassava_Healthy,train
train/Strawberry_healthy/PlantVillage_train_PlantVillage_train_Strawberry___healthy_047392.jpg,Strawberry_healthy,train
train/Apple_Scab/Apple_Disease_Dataset_train_Apple_Disease_Dataset_train_Apple___Apple_scab_003559.jpg,Apple_Scab,train
train/Rice_Blast/rice-leaf-disease-riceguard_train_rice-leaf-disease-riceguard_train_blast_079091.jpg,Rice_Blast,train
train/Apple_Black_Rot/Apple_Disease_Dataset_train_Apple_Disease_Dataset_train_Apple___Black_rot_005332.jpg,Apple_Black_Rot,train
test/Raspberry_leaf/plantDoc_test_plantDoc_test_Raspberry_leaf_019237.jpg,Raspberry_leaf,test
train/Rice_Healthy/rice-leaf-disease-riceguard_train_rice-leaf-disease-riceguard_train_healthy_080671.jpeg,Rice_Healthy,train
train/Peach_Bacterial_spot/PlantVillage_train_PlantVillage_train_Peach___Bacterial_spot_035496.jpg,Peach_Bacterial_spot,train
train/Tomato_Late_Blight/PlantVillage_train_PlantVillage_train_Tomato___Late_blight_052686.jpg,Tomato_Late_Blight,train
val/Cassava_Mosaic_Disease/Cassava_val_Cassava_train_cmd_016412.jpg,Cassava_Mosaic_Disease,val
train/Tomato_Yellow_Leaf_Curl_Virus/PlantVillage_train_PlantVillage_train_Tomato___Tomato_Yellow_Leaf_Curl_Virus_059742.jpg,Tomato_Yellow_Leaf_Curl_Virus,train
train/Grape_Black_rot/PlantVillage_train_PlantVillage_train_Grape___Black_rot_028313.jpg,Grape_Black_rot,train
train/Rice_Insect_Damage/rice-leaf-disease-riceguard_train_rice-leaf-disease-riceguard_train_insect_084053.jpeg,Rice_Insect_Damage,train
train/Tomato_Yellow_Leaf_Curl_Virus/PlantVillage_train_PlantVillage_train_Tomato___Tomato_Yellow_Leaf_Curl_Virus_058797.jpg,Tomato_Yellow_Leaf_Curl_Virus,train
train/Rice_Healthy/rice-leaf-disease-riceguard_train_rice-leaf-disease-riceguard_train_healthy_082488.jpg,Rice_Healthy,train
train/Orange_Haunglongbing_(Citrus_greening)/PlantVillage_train_PlantVillage_train_Orange___Haunglongbing_(Citrus_greening)_032767.jpg,Orange_Haunglongbing_(Citrus_greening),train
train/Tomato_Early_Blight/PlantVillage_train_PlantVillage_train_Tomato___Early_blight_050624.jpg,Tomato_Early_Blight,train
train/Soybean_healthy/PlantVillage_train_PlantVillage_train_Soybean___healthy_044300.jpg,Soybean_healthy,train
"train/Bell_Pepper_Healthy/PlantVillage_train_PlantVillage_train_Pepper,_bell___healthy_039208.jpg",Bell_Pepper_Healthy,train
val/Cassava_Mosaic_Disease/Cassava_val_Cassava_train_cmd_017627.jpg,Cassava_Mosaic_Disease,val
train/Tomato_Mosaic_Virus/plantDoc_train_plantDoc_train_Tomato_leaf_mosaic_virus_021517.jpg,Tomato_Mosaic_Virus,train
train/Cassava_Green_Mite/Cassava_train_Cassava_train_cgm_015685.jpg,Cassava_Green_Mite,train
val/Rice_Blast/rice-leaf-disease-riceguard_val_rice-leaf-disease-riceguard_val_blast_089392.jpeg,Rice_Blast,val
val/Cherry_(including_sour)_Powdery_mildew/PlantVillage_val_PlantVillage_val_Cherry_(including_sour)___Powdery_mildew_063504.jpg,Cherry_(including_sour)_Powdery_mildew,val
train/Cassava_Mosaic_Disease/Cassava_train_Cassava_train_cmd_018311.jpg,Cassava_Mosaic_Disease,train
val/Peach_healthy/PlantVillage_val_PlantVillage_val_Peach___healthy_066744.jpg,Peach_healthy,val
train/Strawberry_leaf/plantDoc_train_plantDoc_train_Strawberry_leaf_021174.jpg,Strawberry_leaf,train
train/Apple_Cedar_Apple_Rust/Apple_Disease_Dataset_train_Apple_Disease_Dataset_train_Apple___Cedar_apple_rust_007381.jpg,Apple_Cedar_Apple_Rust,train
test/Tomato_Healthy/PlantVillage_test_PlantVillage_train_Tomato___healthy_051855.jpg,Tomato_Healthy,test
train/Rice_Bacterial_Leaf_Stripe/rice-leaf-disease-riceguard_train_rice-leaf-disease-riceguard_train_stripes_086604.jpeg,Rice_Bacterial_Leaf_Stripe,train
train/Apple_Black_Rot/Apple_Disease_Dataset_train_Apple_Disease_Dataset_train_Apple___Black_rot_005274.jpg,Apple_Black_Rot,train
train/Corn_(maize)_healthy/PlantVillage_train_PlantVillage_train_Corn_(maize)___healthy_026338.jpg,Corn_(maize)_healthy,train
train/Grape_healthy/PlantVillage_train_PlantVillage_train_Grape___healthy_030123.jpg,Grape_healthy,train
train/Grape_Black_rot/PlantVillage_train_PlantVillage_train_Grape___Black_rot_028151.jpg,Grape_Black_rot,train
test/Soybean_healthy/PlantVillage_test_PlantVillage_train_Soybean___healthy_041968.jpg,Soybean_healthy,test
train/Rice_Insect_Damage/rice-leaf-disease-riceguard_train_rice-leaf-disease-riceguard_train_insect_082801.jpeg,Rice_Insect_Damage,train
train/Cassava_Green_Mite/Cassava_train_Cassava_train_cgm_015647.jpg,Cassava_Green_Mite,train
train/Apple_Cedar_Apple_Rust/Apple_Disease_Dataset_train_Apple_Disease_Dataset_train_Apple___Cedar_apple_rust_007575.jpg,Apple_Cedar_Apple_Rust,train
train/Apple_Black_Rot/Apple_Disease_Dataset_train_Apple_Disease_Dataset_train_Apple___Black_rot_003991.jpg,Apple_Black_Rot,train
train/Strawberry_healthy/PlantVillage_train_PlantVillage_train_Strawberry___healthy_047496.jpg,Strawberry_healthy,train
train/Rice_Bacterial_Leaf_Stripe/rice-leaf-disease-riceguard_train_rice-leaf-disease-riceguard_train_stripes_087359.jpg,Rice_Bacterial_Leaf_Stripe,train
train/Peach_Bacterial_spot/PlantVillage_train_PlantVillage_train_Peach___Bacterial_spot_037252.jpg,Peach_Bacterial_spot,train
train/Tomato_Mosaic_Virus/PlantVillage_train_PlantVillage_train_Tomato___Tomato_mosaic_virus_058454.jpg,Tomato_Mosaic_Virus,train
train/Orange_Haunglongbing_(Citrus_greening)/PlantVillage_train_PlantVillage_train_Orange___Haunglongbing_(Citrus_greening)_031076.jpg,Orange_Haunglongbing_(Citrus_greening),train
train/Rice_Blast/rice-leaf-disease-riceguard_train_rice-leaf-disease-riceguard_train_blast_079338.jpg,Rice_Blast,train
test/Tomato_Target_Spot/PlantVillage_test_PlantVillage_train_Tomato___Target_Spot_058013.jpg,Tomato_Target_Spot,test
train/Tomato_Septoria_Leaf_Spot/PlantVillage_train_PlantVillage_train_Tomato___Septoria_leaf_spot_055545.jpg,Tomato_Septoria_Leaf_Spot,train
train/Squash_Powdery_mildew/PlantVillage_train_PlantVillage_train_Squash___Powdery_mildew_045991.jpg,Squash_Powdery_mildew,train
train/Tomato_Yellow_Leaf_Curl_Virus/PlantVillage_train_PlantVillage_train_Tomato___Tomato_Yellow_Leaf_Curl_Virus_061941.jpg,Tomato_Yellow_Leaf_Curl_Virus,train
test/Rice_Insect_Damage/rice-leaf-disease-riceguard_test_rice-leaf-disease-riceguard_test_insect_074872.jpeg,Rice_Insect_Damage,test
train/Cherry_leaf/plantDoc_train_plantDoc_train_Cherry_leaf_019848.jpg,Cherry_leaf,train
train/Rice_Healthy/rice-leaf-disease-riceguard_train_rice-leaf-disease-riceguard_train_healthy_082574.jpg,Rice_Healthy,train
train/Potato_Early_Blight/PlantVillage_train_PlantVillage_train_Potato___Early_blight_040099.jpg,Potato_Early_Blight,train
val/Grape_healthy/PlantVillage_val_PlantVillage_val_Grape___healthy_064890.jpg,Grape_healthy,val
train/Cassava_Green_Mite/Cassava_train_Cassava_train_cgm_016112.jpg,Cassava_Green_Mite,train
train/Rice_Bacterial_Leaf_Stripe/rice-leaf-disease-riceguard_train_rice-leaf-disease-riceguard_train_stripes_087049.jpeg,Rice_Bacterial_Leaf_Stripe,train
train/Tomato_Yellow_Leaf_Curl_Virus/PlantVillage_train_PlantVillage_train_Tomato___Tomato_Yellow_Leaf_Curl_Virus_062261.jpg,Tomato_Yellow_Leaf_Curl_Virus,train
train/Corn_rust_leaf/plantDoc_train_plantDoc_train_Corn_rust_leaf_020181.jpg,Corn_rust_leaf,train
train/Cassava_Healthy/Cassava_train_Cassava_train_healthy_019078.jpg,Cassava_Healthy,train
train/Strawberry_Leaf_scorch/PlantVillage_train_PlantVillage_train_Strawberry___Leaf_scorch_048333.jpg,Strawberry_Leaf_scorch,train
"train/Bell_Pepper_Healthy/PlantVillage_train_PlantVillage_train_Pepper,_bell___healthy_038412.jpg",Bell_Pepper_Healthy,train
val/Tomato_Early_Blight/PlantVillage_val_PlantVillage_val_Tomato___Early_blight_069951.jpg,Tomato_Early_Blight,val
val/Orange_Haunglongbing_(Citrus_greening)/PlantVillage_val_PlantVillage_val_Orange___Haunglongbing_(Citrus_greening)_065839.jpg,Orange_Haunglongbing_(Citrus_greening),val
train/Orange_Haunglongbing_(Citrus_greening)/PlantVillage_train_PlantVillage_train_Orange___Haunglongbing_(Citrus_greening)_034497.jpg,Orange_Haunglongbing_(Citrus_greening),train
"train/Bell_Pepper_Healthy/PlantVillage_train_PlantVillage_train_Pepper,_bell___healthy_039181.jpg",Bell_Pepper_Healthy,train
train/Squash_Powdery_mildew_leaf/plantDoc_train_plantDoc_train_Squash_Powdery_mildew_leaf_021059.jpg,Squash_Powdery_mildew_leaf,train
val/Soybean_healthy/PlantVillage_val_PlantVillage_val_Soybean___healthy_067835.jpg,Soybean_healthy,val
val/Rice_Bacterial_Leaf_Stripe/rice-leaf-disease-riceguard_val_rice-leaf-disease-riceguard_val_stripes_091130.jpeg,Rice_Bacterial_Leaf_Stripe,val
train/Tomato_Yellow_Leaf_Curl_Virus/PlantVillage_train_PlantVillage_train_Tomato___Tomato_Yellow_Leaf_Curl_Virus_062905.jpg,Tomato_Yellow_Leaf_Curl_Virus,train
train/Potato_Early_Blight/PlantVillage_train_PlantVillage_train_Potato___Early_blight_039786.jpg,Potato_Early_Blight,train
train/Rice_Bacterial_Leaf_Stripe/rice-leaf-disease-riceguard_train_rice-leaf-disease-riceguard_train_stripes_087159.jpeg,Rice_Bacterial_Leaf_Stripe,train
train/Grape_healthy/PlantVillage_train_PlantVillage_train_Grape___healthy_030112.jpg,Grape_healthy,train
train/Apple_Cedar_Apple_Rust/Apple_Disease_Dataset_train_Apple_Disease_Dataset_train_Apple___Cedar_apple_rust_006528.jpg,Apple_Cedar_Apple_Rust,train
train/Rice_Tungro/rice-leaf-disease-riceguard_train_rice-leaf-disease-riceguard_train_tungro_088106.jpeg,Rice_Tungro,train
val/Orange_Haunglongbing_(Citrus_greening)/PlantVillage_val_PlantVillage_val_Orange___Haunglongbing_(Citrus_greening)_066211.jpg,Orange_Haunglongbing_(Citrus_greening),val
val/Cherry_(including_sour)_Powdery_mildew/PlantVillage_val_PlantVillage_val_Cherry_(including_sour)___Powdery_mildew_063550.jpg,Cherry_(including_sour)_Powdery_mildew,val
train/Apple_Black_Rot/Apple_Disease_Dataset_train_Apple_Disease_Dataset_train_Apple___Black_rot_005374.jpg,Apple_Black_Rot,train
train/Apple_Cedar_Apple_Rust/Apple_Disease_Dataset_train_Apple_Disease_Dataset_train_Apple___Cedar_apple_rust_006031.jpg,Apple_Cedar_Apple_Rust,train
test/Rice_Tungro/rice-leaf-disease-riceguard_test_rice-leaf-disease-riceguard_test_tungro_075723.jpeg,Rice_Tungro,test
val/Apple_Healthy/Apple_Disease_Dataset_val_Apple_Disease_Dataset_train_Apple___healthy_009532.jpg,Apple_Healthy,val
train/Squash_Powdery_mildew_leaf/plantDoc_train_plantDoc_train_Squash_Powdery_mildew_leaf_021028.jpg,Squash_Powdery_mildew_leaf,train
train/Tomato_Leaf_Mold/PlantVillage_train_PlantVillage_train_Tomato___Leaf_Mold_053882.jpg,Tomato_Leaf_Mold,train
train/Rice_Blast/rice-leaf-disease-riceguard_train_rice-leaf-disease-riceguard_train_blast_076360.jpeg,Rice_Blast,train
train/Blueberry_leaf/plantDoc_train_plantDoc_train_Blueberry_leaf_019724.jpg,Blueberry_leaf,train
test/Apple_Scab/Apple_Disease_Dataset_test_Apple_Disease_Dataset_test_Apple___Apple_scab_000290.jpg,Apple_Scab,test
train/Cherry_(including_sour)_healthy/PlantVillage_train_PlantVillage_train_Cherry_(including_sour)___healthy_023772.jpg,Cherry_(including_sour)_healthy,train
train/Squash_Powdery_mildew/PlantVillage_train_PlantVillage_train_Squash___Powdery_mildew_046184.jpg,Squash_Powdery_mildew,train
train/Rice_Healthy/rice-leaf-disease-riceguard_train_rice-leaf-disease-riceguard_train_healthy_079901.jpeg,Rice_Healthy,train
test/Apple_Cedar_Apple_Rust/Apple_Disease_Dataset_test_Apple_Disease_Dataset_test_Apple___Cedar_apple_rust_001220.jpg,Apple_Cedar_Apple_Rust,test
train/Rice_Leaf_Folder/rice-leaf-disease-riceguard_train_rice-leaf-disease-riceguard_train_leaf_folder_084903.jpeg,Rice_Leaf_Folder,train
train/Apple_Black_Rot/Apple_Disease_Dataset_train_Apple_Disease_Dataset_train_Apple___Black_rot_005552.jpg,Apple_Black_Rot,train
train/Cassava_Bacterial_Blight/Cassava_train_Cassava_train_cbb_013625.jpg,Cassava_Bacterial_Blight,train
train/Grape_Black_rot/PlantVillage_train_PlantVillage_train_Grape___Black_rot_028642.jpg,Grape_Black_rot,train
train/Orange_Haunglongbing_(Citrus_greening)/PlantVillage_train_PlantVillage_train_Orange___Haunglongbing_(Citrus_greening)_033801.jpg,Orange_Haunglongbing_(Citrus_greening),train
train/Rice_Blast/rice-leaf-disease-riceguard_train_rice-leaf-disease-riceguard_train_blast_076918.jpeg,Rice_Blast,train
train/Tomato_Mosaic_Virus/plantDoc_train_plantDoc_train_Tomato_leaf_mosaic_virus_021546.jpg,Tomato_Mosaic_Virus,train
train/Tomato_Bacterial_Spot/PlantVillage_train_PlantVillage_train_Tomato___Bacterial_spot_048954.jpg,Tomato_Bacterial_Spot,train
train/Apple_Black_Rot/Apple_Disease_Dataset_train_Apple_Disease_Dataset_train_Apple___Black_rot_004424.jpg,Apple_Black_Rot,train
test/Peach_Bacterial_spot/PlantVillage_test_PlantVillage_train_Peach___Bacterial_spot_035564.jpg,Peach_Bacterial_spot,test
test/Rice_Blast/rice-leaf-disease-riceguard_test_rice-leaf-disease-riceguard_test_blast_073347.jpeg,Rice_Blast,test
train/Apple_Black_Rot/Apple_Disease_Dataset_train_Apple_Disease_Dataset_train_Apple___Black_rot_004437.jpg,Apple_Black_Rot,train
val/Apple_Scab/Apple_Disease_Dataset_val_Apple_Disease_Dataset_train_Apple___Apple_scab_003885.jpg,Apple_Scab,val
train/Tomato_Yellow_Leaf_Curl_Virus/PlantVillage_train_PlantVillage_train_Tomato___Tomato_Yellow_Leaf_Curl_Virus_061490.jpg,Tomato_Yellow_Leaf_Curl_Virus,train
train/Rice_Insect_Damage/rice-leaf-disease-riceguard_train_rice-leaf-disease-riceguard_train_insect_082765.jpeg,Rice_Insect_Damage,train
train/Rice_Scald/rice-leaf-disease-riceguard_train_rice-leaf-disease-riceguard_train_scald_085806.jpg,Rice_Scald,train
train/Rice_Healthy/rice-leaf-disease-riceguard_train_rice-leaf-disease-riceguard_train_healthy_079531.jpeg,Rice_Healthy,train
train/Corn_(maize)_Northern_Leaf_Blight/PlantVillage_train_PlantVillage_train_Corn_(maize)___Northern_Leaf_Blight_027251.jpg,Corn_(maize)_Northern_Leaf_Blight,train
test/Tomato_Mosaic_Virus/plantDoc_test_plantDoc_test_Tomato_leaf_mosaic_virus_019306.jpg,Tomato_Mosaic_Virus,test
train/Apple_Healthy/Apple_Disease_Dataset_train_Apple_Disease_Dataset_train_Apple___healthy_008604.jpg,Apple_Healthy,train
val/Rice_Blast/rice-leaf-disease-riceguard_val_rice-leaf-disease-riceguard_val_blast_089521.jpeg,Rice_Blast,val
train/Tomato_Yellow_Leaf_Curl_Virus/PlantVillage_train_PlantVillage_train_Tomato___Tomato_Yellow_Leaf_Curl_Virus_062605.jpg,Tomato_Yellow_Leaf_Curl_Virus,train
train/Potato_Early_Blight/PlantVillage_train_PlantVillage_train_Potato___Early_blight_039827.jpg,Potato_Early_Blight,train
train/Cherry_leaf/plantDoc_train_plantDoc_train_Cherry_leaf_019820.jpg,Cherry_leaf,train
test/Grape_Leaf_blight_(Isariopsis_Leaf_Spot)/PlantVillage_test_PlantVillage_train_Grape___Leaf_blight_(Isariopsis_Leaf_Spot)_030226.jpg,Grape_Leaf_blight_(Isariopsis_Leaf_Spot),test
val/Corn_(maize)_Common_rust_/PlantVillage_val_PlantVillage_val_Corn_(maize)___Common_rust__063784.jpg,Corn_(maize)_Common_rust_,val
test/Cherry_(including_sour)_healthy/PlantVillage_test_PlantVillage_train_Cherry_(including_sour)___healthy_023289.jpg,Cherry_(including_sour)_healthy,test
train/Blueberry_leaf/plantDoc_train_plantDoc_train_Blueberry_leaf_019801.jpg,Blueberry_leaf,train
train/Apple_Healthy/Apple_Disease_Dataset_train_Apple_Disease_Dataset_train_Apple___healthy_008754.jpg,Apple_Healthy,train
train/Rice_Blast/rice-leaf-disease-riceguard_train_rice-leaf-disease-riceguard_train_blast_076868.jpeg,Rice_Blast,train
train/Tomato_Late_Blight/PlantVillage_train_PlantVillage_train_Tomato___Late_blight_052194.jpg,Tomato_Late_Blight,train
"train/Bell_Pepper_Bacterial_Spot/PlantVillage_train_PlantVillage_train_Pepper,_bell___Bacterial_spot_038250.jpg",Bell_Pepper_Bacterial_Spot,train
train/Rice_Blast/rice-leaf-disease-riceguard_train_rice-leaf-disease-riceguard_train_blast_078815.jpeg,Rice_Blast,train
train/Cassava_Brown_Streak_Disease/Cassava_train_Cassava_train_cbsd_014753.jpg,Cassava_Brown_Streak_Disease,train
val/Cassava_Mosaic_Disease/Cassava_val_Cassava_train_cmd_018706.jpg,Cassava_Mosaic_Disease,val
train/Grape_Black_rot/PlantVillage_train_PlantVillage_train_Grape___Black_rot_028051.jpg,Grape_Black_rot,train
train/Orange_Haunglongbing_(Citrus_greening)/PlantVillage_train_PlantVillage_train_Orange___Haunglongbing_(Citrus_greening)_033709.jpg,Orange_Haunglongbing_(Citrus_greening),train
train/Corn_leaf_blight/plantDoc_train_plantDoc_train_Corn_leaf_blight_020006.jpg,Corn_leaf_blight,train
train/Tomato_Spider_Mites/PlantVillage_train_PlantVillage_train_Tomato___Spider_mites Two-spotted_spider_mite_057093.jpg,Tomato_Spider_Mites,train
train/Rice_Tungro/rice-leaf-disease-riceguard_train_rice-leaf-disease-riceguard_train_tungro_088301.jpeg,Rice_Tungro,train
train/Tomato_Bacterial_Spot/PlantVillage_train_PlantVillage_train_Tomato___Bacterial_spot_048463.jpg,Tomato_Bacterial_Spot,train
train/Cassava_Mosaic_Disease/Cassava_train_Cassava_train_cmd_018101.jpg,Cassava_Mosaic_Disease,train
train/Tomato_Yellow_Leaf_Curl_Virus/PlantVillage_train_PlantVillage_train_Tomato___Tomato_Yellow_Leaf_Curl_Virus_058723.jpg,Tomato_Yellow_Leaf_Curl_Virus,train
train/Strawberry_healthy/PlantVillage_train_PlantVillage_train_Strawberry___healthy_047252.jpg,Strawberry_healthy,train
test/Rice_Healthy/rice-leaf-disease-riceguard_test_rice-leaf-disease-riceguard_test_healthy_074080.jpeg,Rice_Healthy,test
train/Grape_Leaf_blight_(Isariopsis_Leaf_Spot)/PlantVillage_train_PlantVillage_train_Grape___Leaf_blight_(Isariopsis_Leaf_Spot)_030580.jpg,Grape_Leaf_blight_(Isariopsis_Leaf_Spot),train
train/Potato_Late_Blight/plantDoc_train_plantDoc_train_Potato_leaf_late_blight_020739.jpg,Potato_Late_Blight,train
train/grape_leaf/plantDoc_train_plantDoc_train_grape_leaf_020226.jpg,grape_leaf,train
train/Orange_Haunglongbing_(Citrus_greening)/PlantVillage_train_PlantVillage_train_Orange___Haunglongbing_(Citrus_greening)_032631.jpg,Orange_Haunglongbing_(Citrus_greening),train
val/Rice_Bacterial_Leaf_Stripe/rice-leaf-disease-riceguard_val_rice-leaf-disease-riceguard_val_stripes_091101.jpeg,Rice_Bacterial_Leaf_Stripe,val
train/Squash_Powdery_mildew_leaf/plantDoc_train_plantDoc_train_Squash_Powdery_mildew_leaf_020987.jpg,Squash_Powdery_mildew_leaf,train
train/Potato_Healthy/PlantVillage_train_PlantVillage_train_Potato___healthy_040432.jpg,Potato_Healthy,train
val/Tomato_Septoria_Leaf_Spot/PlantVillage_val_PlantVillage_val_Tomato___Septoria_leaf_spot_071229.jpg,Tomato_Septoria_Leaf_Spot,val
val/Tomato_Yellow_Leaf_Curl_Virus/PlantVillage_val_PlantVillage_val_Tomato___Tomato_Yellow_Leaf_Curl_Virus_073102.jpg,Tomato_Yellow_Leaf_Curl_Virus,val
train/Peach_healthy/PlantVillage_train_PlantVillage_train_Peach___healthy_037557.jpg,Peach_healthy,train
test/Rice_Insect_Damage/rice-leaf-disease-riceguard_test_rice-leaf-disease-riceguard_test_insect_074936.jpg,Rice_Insect_Damage,test
train/grape_leaf_black_rot/plantDoc_train_plantDoc_train_grape_leaf_black_rot_020285.jpg,grape_leaf_black_rot,train
val/Potato_Late_Blight/PlantVillage_val_PlantVillage_val_Potato___Late_blight_067610.jpg,Potato_Late_Blight,val
val/Tomato_Spider_Mites/PlantVillage_val_PlantVillage_val_Tomato___Spider_mites Two-spotted_spider_mite_071393.jpg,Tomato_Spider_Mites,val
train/Rice_Leaf_Folder/rice-leaf-disease-riceguard_train_rice-leaf-disease-riceguard_train_leaf_folder_085342.jpeg,Rice_Leaf_Folder,train
train/Soybean_healthy/PlantVillage_train_PlantVillage_train_Soybean___healthy_042753.jpg,Soybean_healthy,train
train/Rice_Bacterial_Leaf_Stripe/rice-leaf-disease-riceguard_train_rice-leaf-disease-riceguard_train_stripes_087214.jpeg,Rice_Bacterial_Leaf_Stripe,train
train/Cassava_Mosaic_Disease/Cassava_train_Cassava_train_cmd_016802.jpg,Cassava_Mosaic_Disease,train
train/Tomato_Yellow_Leaf_Curl_Virus/PlantVillage_train_PlantVillage_train_Tomato___Tomato_Yellow_Leaf_Curl_Virus_059891.jpg,Tomato_Yellow_Leaf_Curl_Virus,train
test/Orange_Haunglongbing_(Citrus_greening)/PlantVillage_test_PlantVillage_train_Orange___Haunglongbing_(Citrus_greening)_035158.jpg,Orange_Haunglongbing_(Citrus_greening),test
val/Rice_Blast/rice-leaf-disease-riceguard_val_rice-leaf-disease-riceguard_val_blast_089455.jpeg,Rice_Blast,val
train/Cassava_Brown_Streak_Disease/Cassava_train_Cassava_train_cbsd_014996.jpg,Cassava_Brown_Streak_Disease,train
train/Orange_Haunglongbing_(Citrus_greening)/PlantVillage_train_PlantVillage_train_Orange___Haunglongbing_(Citrus_greening)_033891.jpg,Orange_Haunglongbing_(Citrus_greening),train
val/Grape_healthy/PlantVillage_val_PlantVillage_val_Grape___healthy_064876.jpg,Grape_healthy,val
train/Tomato_Septoria_Leaf_Spot/PlantVillage_train_PlantVillage_train_Tomato___Septoria_leaf_spot_054959.jpg,Tomato_Septoria_Leaf_Spot,train
train/Peach_Bacterial_spot/PlantVillage_train_PlantVillage_train_Peach___Bacterial_spot_035872.jpg,Peach_Bacterial_spot,train
train/Apple_Black_Rot/Apple_Disease_Dataset_train_Apple_Disease_Dataset_train_Apple___Black_rot_004290.jpg,Apple_Black_Rot,train
train/Potato_Early_Blight/PlantVillage_train_PlantVillage_train_Potato___Early_blight_040251.jpg,Potato_Early_Blight,train
train/Strawberry_leaf/plantDoc_train_plantDoc_train_Strawberry_leaf_021109.jpg,Strawberry_leaf,train
val/Blueberry_leaf/plantDoc_val_plantDoc_train_Blueberry_leaf_019775.jpg,Blueberry_leaf,val
train/Rice_Leaf_Folder/rice-leaf-disease-riceguard_train_rice-leaf-disease-riceguard_train_leaf_folder_084960.jpeg,Rice_Leaf_Folder,train
train/Rice_Bacterial_Leaf_Stripe/rice-leaf-disease-riceguard_train_rice-leaf-disease-riceguard_train_stripes_086785.jpeg,Rice_Bacterial_Leaf_Stripe,train
train/Cherry_(including_sour)_Powdery_mildew/PlantVillage_train_PlantVillage_train_Cherry_(including_sour)___Powdery_mildew_024451.jpg,Cherry_(including_sour)_Powdery_mildew,train
train/Tomato_Spider_Mites/PlantVillage_train_PlantVillage_train_Tomato___Spider_mites Two-spotted_spider_mite_056735.jpg,Tomato_Spider_Mites,train
train/Blueberry_leaf/plantDoc_train_plantDoc_train_Blueberry_leaf_019792.jpg,Blueberry_leaf,train
train/Cassava_Mosaic_Disease/Cassava_train_Cassava_train_cmd_016844.jpg,Cassava_Mosaic_Disease,train
train/Soybean_healthy/PlantVillage_train_PlantVillage_train_Soybean___healthy_044620.jpg,Soybean_healthy,train
train/Rice_Blast/rice-leaf-disease-riceguard_train_rice-leaf-disease-riceguard_train_blast_078680.jpeg,Rice_Blast,train
train/Potato_Early_Blight/PlantVillage_train_PlantVillage_train_Potato___Early_blight_040118.jpg,Potato_Early_Blight,train
train/Tomato_Late_Blight/PlantVillage_train_PlantVillage_train_Tomato___Late_blight_052256.jpg,Tomato_Late_Blight,train
train/Cassava_Brown_Streak_Disease/Cassava_train_Cassava_train_cbsd_014201.jpg,Cassava_Brown_Streak_Disease,train
train/Rice_Blast/rice-leaf-disease-riceguard_train_rice-leaf-disease-riceguard_train_blast_077892.jpeg,Rice_Blast,train
val/Squash_Powdery_mildew/PlantVillage_val_PlantVillage_val_Squash___Powdery_mildew_069153.jpg,Squash_Powdery_mildew,val
train/Orange_Haunglongbing_(Citrus_greening)/PlantVillage_train_PlantVillage_train_Orange___Haunglongbing_(Citrus_greening)_034413.jpg,Orange_Haunglongbing_(Citrus_greening),train
train/Tomato_Late_Blight/PlantVillage_train_PlantVillage_train_Tomato___Late_blight_052730.jpg,Tomato_Late_Blight,train
train/Tomato_Spider_Mites/PlantVillage_train_PlantVillage_train_Tomato___Spider_mites Two-spotted_spider_mite_056556.jpg,Tomato_Spider_Mites,train
train/Blueberry_healthy/PlantVillage_train_PlantVillage_train_Blueberry___healthy_022658.jpg,Blueberry_healthy,train
train/Rice_Healthy/rice-leaf-disease-riceguard_train_rice-leaf-disease-riceguard_train_healthy_080256.jpeg,Rice_Healthy,train
train/Blueberry_healthy/PlantVillage_train_PlantVillage_train_Blueberry___healthy_022128.jpg,Blueberry_healthy,train
train/Rice_Insect_Damage/rice-leaf-disease-riceguard_train_rice-leaf-disease-riceguard_train_insect_082898.jpeg,Rice_Insect_Damage,train
train/Blueberry_leaf/plantDoc_train_plantDoc_train_Blueberry_leaf_019798.jpg,Blueberry_leaf,train
train/Rice_Healthy/rice-leaf-disease-riceguard_train_rice-leaf-disease-riceguard_train_healthy_079544.jpeg,Rice_Healthy,train
train/Cherry_(including_sour)_healthy/PlantVillage_train_PlantVillage_train_Cherry_(including_sour)___healthy_023583.jpg,Cherry_(including_sour)_healthy,train
train/Orange_Haunglongbing_(Citrus_greening)/PlantVillage_train_PlantVillage_train_Orange___Haunglongbing_(Citrus_greening)_031082.jpg,Orange_Haunglongbing_(Citrus_greening),train
train/Cassava_Healthy/Cassava_train_Cassava_train_healthy_018926.jpg,Cassava_Healthy,train
val/Orange_Haunglongbing_(Citrus_greening)/PlantVillage_val_PlantVillage_val_Orange___Haunglongbing_(Citrus_greening)_065312.jpg,Orange_Haunglongbing_(Citrus_greening),val
val/Tomato_Early_Blight/PlantVillage_val_PlantVillage_val_Tomato___Early_blight_070076.jpg,Tomato_Early_Blight,val
train/Rice_Healthy/rice-leaf-disease-riceguard_train_rice-leaf-disease-riceguard_train_healthy_079768.jpeg,Rice_Healthy,train
val/Raspberry_healthy/PlantVillage_val_PlantVillage_val_Raspberry___healthy_067730.jpg,Raspberry_healthy,val
train/Squash_Powdery_mildew/PlantVillage_train_PlantVillage_train_Squash___Powdery_mildew_045989.jpg,Squash_Powdery_mildew,train
train/Soybean_healthy/PlantVillage_train_PlantVillage_train_Soybean___healthy_043007.jpg,Soybean_healthy,train
train/Corn_(maize)_Cercospora_leaf_spot_Gray_leaf_spot/PlantVillage_train_PlantVillage_train_Corn_(maize)___Cercospora_leaf_spot Gray_leaf_spot_024958.jpg,Corn_(maize)_Cercospora_leaf_spot_Gray_leaf_spot,train
test/Apple_Healthy/Apple_Disease_Dataset_test_Apple_Disease_Dataset_test_Apple___healthy_001526.jpg,Apple_Healthy,test
train/Tomato_Target_Spot/PlantVillage_train_PlantVillage_train_Tomato___Target_Spot_057948.jpg,Tomato_Target_Spot,train
test/Blueberry_healthy/PlantVillage_test_PlantVillage_train_Blueberry___healthy_022491.jpg,Blueberry_healthy,test
train/Corn_rust_leaf/plantDoc_train_plantDoc_train_Corn_rust_leaf_020140.jpg,Corn_rust_leaf,train
train/Apple_Scab/Apple_Disease_Dataset_train_Apple_Disease_Dataset_train_Apple___Apple_scab_003040.jpg,Apple_Scab,train
train/Tomato_Target_Spot/PlantVillage_train_PlantVillage_train_Tomato___Target_Spot_058192.jpg,Tomato_Target_Spot,train
train/Potato_Early_Blight/PlantVillage_train_PlantVillage_train_Potato___Early_blight_040377.jpg,Potato_Early_Blight,train
train/Soybean_healthy/PlantVillage_train_PlantVillage_train_Soybean___healthy_045506.jpg,Soybean_healthy,train
val/Orange_Haunglongbing_(Citrus_greening)/PlantVillage_val_PlantVillage_val_Orange___Haunglongbing_(Citrus_greening)_065772.jpg,Orange_Haunglongbing_(Citrus_greening),val
train/Cassava_Bacterial_Blight/Cassava_train_Cassava_train_cbb_013598.jpg,Cassava_Bacterial_Blight,train
test/Apple_Black_Rot/Apple_Disease_Dataset_test_Apple_Disease_Dataset_test_Apple___Black_rot_000929.jpg,Apple_Black_Rot,test
train/Peach_healthy/PlantVillage_train_PlantVillage_train_Peach___healthy_037395.jpg,Peach_healthy,train
train/Rice_Tungro/rice-leaf-disease-riceguard_train_rice-leaf-disease-riceguard_train_tungro_087778.jpeg,Rice_Tungro,train
train/Rice_Blast/rice-leaf-disease-riceguard_train_rice-leaf-disease-riceguard_train_blast_079045.jpg,Rice_Blast,train
train/Cassava_Healthy/Cassava_train_Cassava_train_healthy_019003.jpg,Cassava_Healthy,train
"train/Bell_Pepper_Healthy/PlantVillage_train_PlantVillage_train_Pepper,_bell___healthy_038563.jpg",Bell_Pepper_Healthy,train
train/Corn_leaf_blight/plantDoc_train_plantDoc_train_Corn_leaf_blight_020097.jpg,Corn_leaf_blight,train
train/Strawberry_healthy/PlantVillage_train_PlantVillage_train_Strawberry___healthy_047412.jpg,Strawberry_healthy,train
train/Corn_(maize)_Common_rust_/PlantVillage_train_PlantVillage_train_Corn_(maize)___Common_rust__025510.jpg,Corn_(maize)_Common_rust_,train
test/Grape_healthy/PlantVillage_test_PlantVillage_train_Grape___healthy_030040.jpg,Grape_healthy,test
val/Grape_Black_rot/PlantVillage_val_PlantVillage_val_Grape___Black_rot_064429.jpg,Grape_Black_rot,val
train/Rice_Healthy/rice-leaf-disease-riceguard_train_rice-leaf-disease-riceguard_train_healthy_082066.jpeg,Rice_Healthy,train
test/Apple_Scab/Apple_Disease_Dataset_test_Apple_Disease_Dataset_test_Apple___Apple_scab_000079.jpg,Apple_Scab,test
train/Tomato_Yellow_Leaf_Curl_Virus/PlantVillage_train_PlantVillage_train_Tomato___Tomato_Yellow_Leaf_Curl_Virus_059951.jpg,Tomato_Yellow_Leaf_Curl_Virus,train
val/Orange_Haunglongbing_(Citrus_greening)/PlantVillage_val_PlantVillage_val_Orange___Haunglongbing_(Citrus_greening)_065499.jpg,Orange_Haunglongbing_(Citrus_greening),val
"train/Bell_Pepper_Healthy/PlantVillage_train_PlantVillage_train_Pepper,_bell___healthy_039547.jpg",Bell_Pepper_Healthy,train
test/Apple_Healthy/Apple_Disease_Dataset_test_Apple_Disease_Dataset_test_Apple___healthy_001726.jpg,Apple_Healthy,test
val/Rice_Tungro/rice-leaf-disease-riceguard_val_rice-leaf-disease-riceguard_val_tungro_091460.jpeg,Rice_Tungro,val
train/Peach_Bacterial_spot/PlantVillage_train_PlantVillage_train_Peach___Bacterial_spot_036270.jpg,Peach_Bacterial_spot,train
val/Peach_Bacterial_spot/PlantVillage_val_PlantVillage_val_Peach___Bacterial_spot_066605.jpg,Peach_Bacterial_spot,val
train/Rice_Tungro/rice-leaf-disease-riceguard_train_rice-leaf-disease-riceguard_train_tungro_087899.jpeg,Rice_Tungro,train
train/Tomato_Bacterial_Spot/PlantVillage_train_PlantVillage_train_Tomato___Bacterial_spot_049852.jpg,Tomato_Bacterial_Spot,train
train/Corn_rust_leaf/plantDoc_train_plantDoc_train_Corn_rust_leaf_020195.jpg,Corn_rust_leaf,train
train/Tomato_Yellow_Leaf_Curl_Virus/PlantVillage_train_PlantVillage_train_Tomato___Tomato_Yellow_Leaf_Curl_Virus_062046.jpg,Tomato_Yellow_Leaf_Curl_Virus,train
train/Soybean_healthy/PlantVillage_train_PlantVillage_train_Soybean___healthy_042821.jpg,Soybean_healthy,train
train/Rice_Insect_Damage/rice-leaf-disease-riceguard_train_rice-leaf-disease-riceguard_train_insect_083161.jpeg,Rice_Insect_Damage,train
train/Tomato_Yellow_Leaf_Curl_Virus/PlantVillage_train_PlantVillage_train_Tomato___Tomato_Yellow_Leaf_Curl_Virus_061343.jpg,Tomato_Yellow_Leaf_Curl_Virus,train
train/Rice_Bacterial_Leaf_Stripe/rice-leaf-disease-riceguard_train_rice-leaf-disease-riceguard_train_stripes_086630.jpeg,Rice_Bacterial_Leaf_Stripe,train
train/Rice_Healthy/rice-leaf-disease-riceguard_train_rice-leaf-disease-riceguard_train_healthy_080750.jpeg,Rice_Healthy,train
train/Tomato_Mosaic_Virus/PlantVillage_train_PlantVillage_train_Tomato___Tomato_mosaic_virus_058394.jpg,Tomato_Mosaic_Virus,train
val/Corn_Gray_leaf_spot/plantDoc_val_plantDoc_train_Corn_Gray_leaf_spot_019877.jpg,Corn_Gray_leaf_spot,val
train/Rice_Tungro/rice-leaf-disease-riceguard_train_rice-leaf-disease-riceguard_train_tungro_088270.jpeg,Rice_Tungro,train
train/Tomato_Late_Blight/PlantVillage_train_PlantVillage_train_Tomato___Late_blight_052264.jpg,Tomato_Late_Blight,train
train/Strawberry_leaf/plantDoc_train_plantDoc_train_Strawberry_leaf_021177.jpg,Strawberry_leaf,train
train/Rice_Blast/rice-leaf-disease-riceguard_train_rice-leaf-disease-riceguard_train_blast_075960.jpeg,Rice_Blast,train
val/Soybean_healthy/PlantVillage_val_PlantVillage_val_Soybean___healthy_068386.jpg,Soybean_healthy,val
val/Peach_Bacterial_spot/PlantVillage_val_PlantVillage_val_Peach___Bacterial_spot_066521.jpg,Peach_Bacterial_spot,val
train/Cherry_(including_sour)_healthy/PlantVillage_train_PlantVillage_train_Cherry_(including_sour)___healthy_023519.jpg,Cherry_(including_sour)_healthy,train
train/Grape_healthy/PlantVillage_train_PlantVillage_train_Grape___healthy_030169.jpg,Grape_healthy,train
"val/Bell_Pepper_Healthy/PlantVillage_val_PlantVillage_val_Pepper,_bell___healthy_067235.jpg",Bell_Pepper_Healthy,val
train/Potato_Early_Blight/PlantVillage_train_PlantVillage_train_Potato___Early_blight_039653.jpg,Potato_Early_Blight,train
val/Squash_Powdery_mildew/PlantVillage_val_PlantVillage_val_Squash___Powdery_mildew_068877.jpg,Squash_Powdery_mildew,val
"train/Bell_Pepper_Healthy/PlantVillage_train_PlantVillage_train_Pepper,_bell___healthy_038666.jpg",Bell_Pepper_Healthy,train
train/Tomato_Yellow_Leaf_Curl_Virus/PlantVillage_train_PlantVillage_train_Tomato___Tomato_Yellow_Leaf_Curl_Virus_062263.jpg,Tomato_Yellow_Leaf_Curl_Virus,train
test/Rice_Leaf_Folder/rice-leaf-disease-riceguard_test_rice-leaf-disease-riceguard_test_leaf_folder_075127.jpeg,Rice_Leaf_Folder,test
train/Strawberry_Leaf_scorch/PlantVillage_train_PlantVillage_train_Strawberry___Leaf_scorch_048185.jpg,Strawberry_Leaf_scorch,train
train/Apple_Black_Rot/Apple_Disease_Dataset_train_Apple_Disease_Dataset_train_Apple___Black_rot_004606.jpg,Apple_Black_Rot,train
val/Tomato_Leaf_Mold/PlantVillage_val_PlantVillage_val_Tomato___Leaf_Mold_070992.jpg,Tomato_Leaf_Mold,val
train/Raspberry_healthy/PlantVillage_train_PlantVillage_train_Raspberry___healthy_041311.jpg,Raspberry_healthy,train
train/Cherry_leaf/plantDoc_train_plantDoc_train_Cherry_leaf_019816.jpg,Cherry_leaf,train
train/Corn_(maize)_Common_rust_/PlantVillage_train_PlantVillage_train_Corn_(maize)___Common_rust__025851.jpg,Corn_(maize)_Common_rust_,train
"train/Bell_Pepper_Bacterial_Spot/PlantVillage_train_PlantVillage_train_Pepper,_bell___Bacterial_spot_037612.jpg",Bell_Pepper_Bacterial_Spot,train
train/Rice_Leaf_Folder/rice-leaf-disease-riceguard_train_rice-leaf-disease-riceguard_train_leaf_folder_085640.jpg,Rice_Leaf_Folder,train
train/Cherry_(including_sour)_healthy/PlantVillage_train_PlantVillage_train_Cherry_(including_sour)___healthy_023360.jpg,Cherry_(including_sour)_healthy,train
train/Apple_Scab/Apple_Disease_Dataset_train_Apple_Disease_Dataset_train_Apple___Apple_scab_002299.jpg,Apple_Scab,train
val/Corn_(maize)_healthy/PlantVillage_val_PlantVillage_val_Corn_(maize)___healthy_064056.jpg,Corn_(maize)_healthy,val
train/Apple_Cedar_Apple_Rust/Apple_Disease_Dataset_train_Apple_Disease_Dataset_train_Apple___Cedar_apple_rust_006690.jpg,Apple_Cedar_Apple_Rust,train
train/Corn_(maize)_healthy/PlantVillage_train_PlantVillage_train_Corn_(maize)___healthy_026373.jpg,Corn_(maize)_healthy,train
val/Tomato_Yellow_Leaf_Curl_Virus/PlantVillage_val_PlantVillage_val_Tomato___Tomato_Yellow_Leaf_Curl_Virus_072354.jpg,Tomato_Yellow_Leaf_Curl_Virus,val
val/Tomato_Early_Blight/PlantVillage_val_PlantVillage_val_Tomato___Early_blight_069939.jpg,Tomato_Early_Blight,val
test/Cassava_Green_Mite/Cassava_test_Cassava_train_cgm_015700.jpg,Cassava_Green_Mite,test
train/Tomato_Leaf_Mold/PlantVillage_train_PlantVillage_train_Tomato___Leaf_Mold_054283.jpg,Tomato_Leaf_Mold,train
train/Rice_Insect_Damage/rice-leaf-disease-riceguard_train_rice-leaf-disease-riceguard_train_insect_083785.jpeg,Rice_Insect_Damage,train
val/Rice_Insect_Damage/rice-leaf-disease-riceguard_val_rice-leaf-disease-riceguard_val_insect_090518.jpeg,Rice_Insect_Damage,val
train/Rice_Bacterial_Leaf_Stripe/rice-leaf-disease-riceguard_train_rice-leaf-disease-riceguard_train_stripes_087062.jpeg,Rice_Bacterial_Leaf_Stripe,train
train/Rice_Healthy/rice-leaf-disease-riceguard_train_rice-leaf-disease-riceguard_train_healthy_079666.jpeg,Rice_Healthy,train
train/Blueberry_healthy/PlantVillage_train_PlantVillage_train_Blueberry___healthy_022066.jpg,Blueberry_healthy,train
train/Tomato_Yellow_Leaf_Curl_Virus/PlantVillage_train_PlantVillage_train_Tomato___Tomato_Yellow_Leaf_Curl_Virus_061959.jpg,Tomato_Yellow_Leaf_Curl_Virus,train
train/Soybean_healthy/PlantVillage_train_PlantVillage_train_Soybean___healthy_044678.jpg,Soybean_healthy,train
train/Corn_(maize)_Common_rust_/PlantVillage_train_PlantVillage_train_Corn_(maize)___Common_rust__025218.jpg,Corn_(maize)_Common_rust_,train
train/Tomato_Mosaic_Virus/PlantVillage_train_PlantVillage_train_Tomato___Tomato_mosaic_virus_058329.jpg,Tomato_Mosaic_Virus,train
val/Apple_Black_Rot/Apple_Disease_Dataset_val_Apple_Disease_Dataset_train_Apple___Black_rot_005365.jpg,Apple_Black_Rot,val
train/Rice_Insect_Damage/rice-leaf-disease-riceguard_train_rice-leaf-disease-riceguard_train_insect_083987.jpeg,Rice_Insect_Damage,train
train/Cherry_leaf/plantDoc_train_plantDoc_train_Cherry_leaf_019829.jpg,Cherry_leaf,train
train/Tomato_Yellow_Leaf_Curl_Virus/PlantVillage_train_PlantVillage_train_Tomato___Tomato_Yellow_Leaf_Curl_Virus_059030.jpg,Tomato_Yellow_Leaf_Curl_Virus,train
train/Tomato_Spider_Mites/PlantVillage_train_PlantVillage_train_Tomato___Spider_mites Two-spotted_spider_mite_055924.jpg,Tomato_Spider_Mites,train
train/Tomato_Early_Blight/PlantVillage_train_PlantVillage_train_Tomato___Early_blight_050243.jpg,Tomato_Early_Blight,train
test/Apple_Cedar_Apple_Rust/Apple_Disease_Dataset_test_Apple_Disease_Dataset_test_Apple___Cedar_apple_rust_001077.jpg,Apple_Cedar_Apple_Rust,test
val/Potato_Late_Blight/PlantVillage_val_PlantVillage_val_Potato___Late_blight_067585.jpg,Potato_Late_Blight,val
train/Rice_Leaf_Folder/rice-leaf-disease-riceguard_train_rice-leaf-disease-riceguard_train_leaf_folder_085477.jpeg,Rice_Leaf_Folder,train
train/Peach_leaf/plantDoc_train_plantDoc_train_Peach_leaf_020421.jpg,Peach_leaf,train
train/Apple_Cedar_Apple_Rust/Apple_Disease_Dataset_train_Apple_Disease_Dataset_train_Apple___Cedar_apple_rust_005977.jpg,Apple_Cedar_Apple_Rust,train
train/Corn_(maize)_Common_rust_/PlantVillage_train_PlantVillage_train_Corn_(maize)___Common_rust__025297.jpg,Corn_(maize)_Common_rust_,train
train/Rice_Bacterial_Leaf_Stripe/rice-leaf-disease-riceguard_train_rice-leaf-disease-riceguard_train_stripes_086628.jpeg,Rice_Bacterial_Leaf_Stripe,train
"train/Bell_Pepper_Bacterial_Spot/PlantVillage_train_PlantVillage_train_Pepper,_bell___Bacterial_spot_038185.jpg",Bell_Pepper_Bacterial_Spot,train
val/Soybean_healthy/PlantVillage_val_PlantVillage_val_Soybean___healthy_068202.jpg,Soybean_healthy,val
train/Tomato_Early_Blight/PlantVillage_train_PlantVillage_train_Tomato___Early_blight_050675.jpg,Tomato_Early_Blight,train
train/Rice_Insect_Damage/rice-leaf-disease-riceguard_train_rice-leaf-disease-riceguard_train_insect_082768.jpeg,Rice_Insect_Damage,train
test/Rice_Blast/rice-leaf-disease-riceguard_test_rice-leaf-disease-riceguard_test_blast_073779.jpeg,Rice_Blast,test
train/Tomato_Yellow_Leaf_Curl_Virus/PlantVillage_train_PlantVillage_train_Tomato___Tomato_Yellow_Leaf_Curl_Virus_061160.jpg,Tomato_Yellow_Leaf_Curl_Virus,train
train/Orange_Haunglongbing_(Citrus_greening)/PlantVillage_train_PlantVillage_train_Orange___Haunglongbing_(Citrus_greening)_033036.jpg,Orange_Haunglongbing_(Citrus_greening),train
train/Tomato_Leaf_Mold/PlantVillage_train_PlantVillage_train_Tomato___Leaf_Mold_054121.jpg,Tomato_Leaf_Mold,train
test/Apple_Healthy/Apple_Disease_Dataset_test_Apple_Disease_Dataset_test_Apple___healthy_001618.jpg,Apple_Healthy,test
train/Tomato_Leaf_Mold/PlantVillage_train_PlantVillage_train_Tomato___Leaf_Mold_053850.jpg,Tomato_Leaf_Mold,train
train/Corn_rust_leaf/plantDoc_train_plantDoc_train_Corn_rust_leaf_020153.jpg,Corn_rust_leaf,train
val/Cassava_Bacterial_Blight/Cassava_val_Cassava_train_cbb_013832.jpg,Cassava_Bacterial_Blight,val
train/Corn_Gray_leaf_spot/plantDoc_train_plantDoc_train_Corn_Gray_leaf_spot_019899.jpg,Corn_Gray_leaf_spot,train
val/Apple_Black_Rot/Apple_Disease_Dataset_val_Apple_Disease_Dataset_train_Apple___Black_rot_005518.jpg,Apple_Black_Rot,val
train/Grape_Esca_(Black_Measles)/PlantVillage_train_PlantVillage_train_Grape___Esca_(Black_Measles)_029634.jpg,Grape_Esca_(Black_Measles),train
val/Rice_Healthy/rice-leaf-disease-riceguard_val_rice-leaf-disease-riceguard_val_healthy_089967.jpeg,Rice_Healthy,val
val/Rice_Healthy/rice-leaf-disease-riceguard_val_rice-leaf-disease-riceguard_val_healthy_089938.jpeg,Rice_Healthy,val
val/Rice_Healthy/rice-leaf-disease-riceguard_val_rice-leaf-disease-riceguard_val_healthy_090111.jpeg,Rice_Healthy,val
"train/Bell_Pepper_Healthy/PlantVillage_train_PlantVillage_train_Pepper,_bell___healthy_038970.jpg",Bell_Pepper_Healthy,train
train/Rice_Bacterial_Leaf_Stripe/rice-leaf-disease-riceguard_train_rice-leaf-disease-riceguard_train_stripes_086426.jpeg,Rice_Bacterial_Leaf_Stripe,train
train/Tomato_Bacterial_Spot/plantDoc_train_plantDoc_train_Tomato_leaf_bacterial_spot_021385.jpg,Tomato_Bacterial_Spot,train
train/Tomato_Bacterial_Spot/PlantVillage_train_PlantVillage_train_Tomato___Bacterial_spot_050030.jpg,Tomato_Bacterial_Spot,train
val/Cherry_(including_sour)_healthy/PlantVillage_val_PlantVillage_val_Cherry_(including_sour)___healthy_063352.jpg,Cherry_(including_sour)_healthy,val
val/Rice_Blast/rice-leaf-disease-riceguard_val_rice-leaf-disease-riceguard_val_blast_089079.jpeg,Rice_Blast,val
train/Orange_Haunglongbing_(Citrus_greening)/PlantVillage_train_PlantVillage_train_Orange___Haunglongbing_(Citrus_greening)_031225.jpg,Orange_Haunglongbing_(Citrus_greening),train
train/Cassava_Mosaic_Disease/Cassava_train_Cassava_train_cmd_018461.jpg,Cassava_Mosaic_Disease,train
train/Cassava_Mosaic_Disease/Cassava_train_Cassava_train_cmd_017875.jpg,Cassava_Mosaic_Disease,train
train/Cassava_Brown_Streak_Disease/Cassava_train_Cassava_train_cbsd_014213.jpg,Cassava_Brown_Streak_Disease,train
test/Blueberry_leaf/plantDoc_test_plantDoc_test_Blueberry_leaf_019148.jpg,Blueberry_leaf,test
train/grape_leaf/plantDoc_train_plantDoc_train_grape_leaf_020248.jpg,grape_leaf,train
train/Orange_Haunglongbing_(Citrus_greening)/PlantVillage_train_PlantVillage_train_Orange___Haunglongbing_(Citrus_greening)_032235.jpg,Orange_Haunglongbing_(Citrus_greening),train
val/Strawberry_Leaf_scorch/PlantVillage_val_PlantVillage_val_Strawberry___Leaf_scorch_069396.jpg,Strawberry_Leaf_scorch,val
train/Rice_Leaf_Folder/rice-leaf-disease-riceguard_train_rice-leaf-disease-riceguard_train_leaf_folder_085294.jpeg,Rice_Leaf_Folder,train
"train/Bell_Pepper_Healthy/PlantVillage_train_PlantVillage_train_Pepper,_bell___healthy_039301.jpg",Bell_Pepper_Healthy,train
train/Corn_(maize)_Northern_Leaf_Blight/PlantVillage_train_PlantVillage_train_Corn_(maize)___Northern_Leaf_Blight_027815.jpg,Corn_(maize)_Northern_Leaf_Blight,train
train/Corn_(maize)_Cercospora_leaf_spot_Gray_leaf_spot/PlantVillage_train_PlantVillage_train_Corn_(maize)___Cercospora_leaf_spot Gray_leaf_spot_024801.jpg,Corn_(maize)_Cercospora_leaf_spot_Gray_leaf_spot,train
val/Grape_Leaf_blight_(Isariopsis_Leaf_Spot)/PlantVillage_val_PlantVillage_val_Grape___Leaf_blight_(Isariopsis_Leaf_Spot)_065168.jpg,Grape_Leaf_blight_(Isariopsis_Leaf_Spot),val
test/Soybean_healthy/PlantVillage_test_PlantVillage_train_Soybean___healthy_044394.jpg,Soybean_healthy,test
train/Apple_Healthy/Apple_Disease_Dataset_train_Apple_Disease_Dataset_train_Apple___healthy_009224.jpg,Apple_Healthy,train
test/Orange_Haunglongbing_(Citrus_greening)/PlantVillage_test_PlantVillage_train_Orange___Haunglongbing_(Citrus_greening)_035466.jpg,Orange_Haunglongbing_(Citrus_greening),test
train/Tomato_Late_Blight/PlantVillage_train_PlantVillage_train_Tomato___Late_blight_053357.jpg,Tomato_Late_Blight,train
train/Apple_Healthy/Apple_Disease_Dataset_train_Apple_Disease_Dataset_train_Apple___healthy_008833.jpg,Apple_Healthy,train
val/Grape_healthy/PlantVillage_val_PlantVillage_val_Grape___healthy_064872.jpg,Grape_healthy,val
"test/Bell_Pepper_Healthy/PlantVillage_test_PlantVillage_train_Pepper,_bell___healthy_038485.jpg",Bell_Pepper_Healthy,test
val/Grape_Esca_(Black_Measles)/PlantVillage_val_PlantVillage_val_Grape___Esca_(Black_Measles)_064830.jpg,Grape_Esca_(Black_Measles),val
val/Tomato_Yellow_Leaf_Curl_Virus/PlantVillage_val_PlantVillage_val_Tomato___Tomato_Yellow_Leaf_Curl_Virus_072781.jpg,Tomato_Yellow_Leaf_Curl_Virus,val
val/Tomato_Yellow_Leaf_Curl_Virus/PlantVillage_val_PlantVillage_val_Tomato___Tomato_Yellow_Leaf_Curl_Virus_072873.jpg,Tomato_Yellow_Leaf_Curl_Virus,val
test/Rice_Tungro/rice-leaf-disease-riceguard_test_rice-leaf-disease-riceguard_test_tungro_075789.jpeg,Rice_Tungro,test
"train/Bell_Pepper_Healthy/PlantVillage_train_PlantVillage_train_Pepper,_bell___healthy_038519.jpg",Bell_Pepper_Healthy,train
train/Cassava_Green_Mite/Cassava_train_Cassava_train_cgm_016121.jpg,Cassava_Green_Mite,train
"train/Bell_Pepper_Bacterial_Spot/PlantVillage_train_PlantVillage_train_Pepper,_bell___Bacterial_spot_038164.jpg",Bell_Pepper_Bacterial_Spot,train
train/Cassava_Mosaic_Disease/Cassava_train_Cassava_train_cmd_017890.jpg,Cassava_Mosaic_Disease,train
val/Soybean_healthy/PlantVillage_val_PlantVillage_val_Soybean___healthy_068755.jpg,Soybean_healthy,val
train/Potato_Late_Blight/PlantVillage_train_PlantVillage_train_Potato___Late_blight_041198.jpg,Potato_Late_Blight,train
train/Squash_Powdery_mildew_leaf/plantDoc_train_plantDoc_train_Squash_Powdery_mildew_leaf_021073.jpg,Squash_Powdery_mildew_leaf,train
train/Tomato_Yellow_Leaf_Curl_Virus/PlantVillage_train_PlantVillage_train_Tomato___Tomato_Yellow_Leaf_Curl_Virus_060592.jpg,Tomato_Yellow_Leaf_Curl_Virus,train
val/Grape_Leaf_blight_(Isariopsis_Leaf_Spot)/PlantVillage_val_PlantVillage_val_Grape___Leaf_blight_(Isariopsis_Leaf_Spot)_065114.jpg,Grape_Leaf_blight_(Isariopsis_Leaf_Spot),val
train/Apple_Healthy/Apple_Disease_Dataset_train_Apple_Disease_Dataset_train_Apple___healthy_008344.jpg,Apple_Healthy,train
train/Raspberry_healthy/PlantVillage_train_PlantVillage_train_Raspberry___healthy_041533.jpg,Raspberry_healthy,train
train/Tomato_Late_Blight/PlantVillage_train_PlantVillage_train_Tomato___Late_blight_053612.jpg,Tomato_Late_Blight,train
val/Tomato_Healthy/PlantVillage_val_PlantVillage_val_Tomato___healthy_070267.jpg,Tomato_Healthy,val
train/Peach_Bacterial_spot/PlantVillage_train_PlantVillage_train_Peach___Bacterial_spot_035889.jpg,Peach_Bacterial_spot,train
train/Squash_Powdery_mildew/PlantVillage_train_PlantVillage_train_Squash___Powdery_mildew_046286.jpg,Squash_Powdery_mildew,train
train/Tomato_Yellow_Leaf_Curl_Virus/PlantVillage_train_PlantVillage_train_Tomato___Tomato_Yellow_Leaf_Curl_Virus_061074.jpg,Tomato_Yellow_Leaf_Curl_Virus,train
val/Orange_Haunglongbing_(Citrus_greening)/PlantVillage_val_PlantVillage_val_Orange___Haunglongbing_(Citrus_greening)_065215.jpg,Orange_Haunglongbing_(Citrus_greening),val
train/Corn_(maize)_Common_rust_/PlantVillage_train_PlantVillage_train_Corn_(maize)___Common_rust__026073.jpg,Corn_(maize)_Common_rust_,train
train/Tomato_Early_Blight/PlantVillage_train_PlantVillage_train_Tomato___Early_blight_050597.jpg,Tomato_Early_Blight,train
test/Cassava_Bacterial_Blight/Cassava_test_Cassava_train_cbb_013867.jpg,Cassava_Bacterial_Blight,test
train/Tomato_Healthy/PlantVillage_train_PlantVillage_train_Tomato___healthy_051885.jpg,Tomato_Healthy,train
train/Raspberry_healthy/PlantVillage_train_PlantVillage_train_Raspberry___healthy_041428.jpg,Raspberry_healthy,train
train/Grape_healthy/PlantVillage_train_PlantVillage_train_Grape___healthy_029920.jpg,Grape_healthy,train
train/Tomato_Healthy/PlantVillage_train_PlantVillage_train_Tomato___healthy_051152.jpg,Tomato_Healthy,train
train/Squash_Powdery_mildew_leaf/plantDoc_train_plantDoc_train_Squash_Powdery_mildew_leaf_020989.jpg,Squash_Powdery_mildew_leaf,train
val/Tomato_Leaf_Mold/PlantVillage_val_PlantVillage_val_Tomato___Leaf_Mold_070897.jpg,Tomato_Leaf_Mold,val
train/Grape_healthy/PlantVillage_train_PlantVillage_train_Grape___healthy_030023.jpg,Grape_healthy,train
test/Apple_Scab/Apple_Disease_Dataset_test_Apple_Disease_Dataset_test_Apple___Apple_scab_000210.jpg,Apple_Scab,test
train/Tomato_Late_Blight/PlantVillage_train_PlantVillage_train_Tomato___Late_blight_052795.jpg,Tomato_Late_Blight,train
train/Corn_Gray_leaf_spot/plantDoc_train_plantDoc_train_Corn_Gray_leaf_spot_019891.jpg,Corn_Gray_leaf_spot,train
val/Cherry_(including_sour)_healthy/PlantVillage_val_PlantVillage_val_Cherry_(including_sour)___healthy_063347.jpg,Cherry_(including_sour)_healthy,val
test/Cherry_leaf/plantDoc_test_plantDoc_test_Cherry_leaf_019150.jpg,Cherry_leaf,test
test/Apple_Scab/Apple_Disease_Dataset_test_Apple_Disease_Dataset_test_Apple___Apple_scab_000209.jpg,Apple_Scab,test
train/Tomato_Yellow_Leaf_Curl_Virus/PlantVillage_train_PlantVillage_train_Tomato___Tomato_Yellow_Leaf_Curl_Virus_062779.jpg,Tomato_Yellow_Leaf_Curl_Virus,train
train/Corn_(maize)_Northern_Leaf_Blight/PlantVillage_train_PlantVillage_train_Corn_(maize)___Northern_Leaf_Blight_027522.jpg,Corn_(maize)_Northern_Leaf_Blight,train
train/Cherry_(including_sour)_Powdery_mildew/PlantVillage_train_PlantVillage_train_Cherry_(including_sour)___Powdery_mildew_024140.jpg,Cherry_(including_sour)_Powdery_mildew,train
train/Grape_healthy/PlantVillage_train_PlantVillage_train_Grape___healthy_030082.jpg,Grape_healthy,train
train/Rice_Healthy/rice-leaf-disease-riceguard_train_rice-leaf-disease-riceguard_train_healthy_080395.jpeg,Rice_Healthy,train
train/Orange_Haunglongbing_(Citrus_greening)/PlantVillage_train_PlantVillage_train_Orange___Haunglongbing_(Citrus_greening)_033962.jpg,Orange_Haunglongbing_(Citrus_greening),train
train/Tomato_Yellow_Leaf_Curl_Virus/PlantVillage_train_PlantVillage_train_Tomato___Tomato_Yellow_Leaf_Curl_Virus_060141.jpg,Tomato_Yellow_Leaf_Curl_Virus,train
train/Rice_Leaf_Folder/rice-leaf-disease-riceguard_train_rice-leaf-disease-riceguard_train_leaf_folder_084926.jpeg,Rice_Leaf_Folder,train
val/Corn_(maize)_Common_rust_/PlantVillage_val_PlantVillage_val_Corn_(maize)___Common_rust__063800.jpg,Corn_(maize)_Common_rust_,val
val/Grape_Leaf_blight_(Isariopsis_Leaf_Spot)/PlantVillage_val_PlantVillage_val_Grape___Leaf_blight_(Isariopsis_Leaf_Spot)_065124.jpg,Grape_Leaf_blight_(Isariopsis_Leaf_Spot),val
train/Peach_leaf/plantDoc_train_plantDoc_train_Peach_leaf_020360.jpg,Peach_leaf,train
val/Corn_leaf_blight/plantDoc_val_plantDoc_train_Corn_leaf_blight_019936.jpg,Corn_leaf_blight,val
val/Cassava_Bacterial_Blight/Cassava_val_Cassava_train_cbb_013886.jpg,Cassava_Bacterial_Blight,val
val/Raspberry_healthy/PlantVillage_val_PlantVillage_val_Raspberry___healthy_067740.jpg,Raspberry_healthy,val
train/Grape_Black_rot/PlantVillage_train_PlantVillage_train_Grape___Black_rot_028628.jpg,Grape_Black_rot,train
train/Peach_Bacterial_spot/PlantVillage_train_PlantVillage_train_Peach___Bacterial_spot_037276.jpg,Peach_Bacterial_spot,train
train/Apple_Cedar_Apple_Rust/Apple_Disease_Dataset_train_Apple_Disease_Dataset_train_Apple___Cedar_apple_rust_007213.jpg,Apple_Cedar_Apple_Rust,train
train/Cassava_Mosaic_Disease/Cassava_train_Cassava_train_cmd_018487.jpg,Cassava_Mosaic_Disease,train
train/Rice_Blast/rice-leaf-disease-riceguard_train_rice-leaf-disease-riceguard_train_blast_076767.jpeg,Rice_Blast,train
val/Tomato_Late_Blight/PlantVillage_val_PlantVillage_val_Tomato___Late_blight_070784.jpg,Tomato_Late_Blight,val
train/Apple_Black_Rot/Apple_Disease_Dataset_train_Apple_Disease_Dataset_train_Apple___Black_rot_004202.jpg,Apple_Black_Rot,train
train/Rice_Blast/rice-leaf-disease-riceguard_train_rice-leaf-disease-riceguard_train_blast_079511.jpg,Rice_Blast,train
val/Rice_Healthy/rice-leaf-disease-riceguard_val_rice-leaf-disease-riceguard_val_healthy_090301.jpg,Rice_Healthy,val
train/Tomato_Late_Blight/PlantVillage_train_PlantVillage_train_Tomato___Late_blight_052952.jpg,Tomato_Late_Blight,train
val/Rice_Blast/rice-leaf-disease-riceguard_val_rice-leaf-disease-riceguard_val_blast_089635.jpg,Rice_Blast,val
train/Corn_Gray_leaf_spot/plantDoc_train_plantDoc_train_Corn_Gray_leaf_spot_019920.jpg,Corn_Gray_leaf_spot,train
val/Raspberry_healthy/PlantVillage_val_PlantVillage_val_Raspberry___healthy_067748.jpg,Raspberry_healthy,val
train/Rice_Blast/rice-leaf-disease-riceguard_train_rice-leaf-disease-riceguard_train_blast_077025.jpeg,Rice_Blast,train
val/Soybean_healthy/PlantVillage_val_PlantVillage_val_Soybean___healthy_068587.jpg,Soybean_healthy,val
train/Rice_Leaf_Folder/rice-leaf-disease-riceguard_train_rice-leaf-disease-riceguard_train_leaf_folder_085352.jpeg,Rice_Leaf_Folder,train
train/Grape_Esca_(Black_Measles)/PlantVillage_train_PlantVillage_train_Grape___Esca_(Black_Measles)_029797.jpg,Grape_Esca_(Black_Measles),train
train/Rice_Insect_Damage/rice-leaf-disease-riceguard_train_rice-leaf-disease-riceguard_train_insect_084023.jpeg,Rice_Insect_Damage,train
train/Potato_Late_Blight/PlantVillage_train_PlantVillage_train_Potato___Late_blight_041234.jpg,Potato_Late_Blight,train
train/Apple_Healthy/Apple_Disease_Dataset_train_Apple_Disease_Dataset_train_Apple___healthy_008108.jpg,Apple_Healthy,train
train/Potato_Late_Blight/PlantVillage_train_PlantVillage_train_Potato___Late_blight_040681.jpg,Potato_Late_Blight,train
val/Cassava_Brown_Streak_Disease/Cassava_val_Cassava_train_cbsd_013984.jpg,Cassava_Brown_Streak_Disease,val
train/Raspberry_healthy/PlantVillage_train_PlantVillage_train_Raspberry___healthy_041347.jpg,Raspberry_healthy,train
train/Soybean_healthy/PlantVillage_train_PlantVillage_train_Soybean___healthy_044133.jpg,Soybean_healthy,train
train/Tomato_Healthy/PlantVillage_train_PlantVillage_train_Tomato___healthy_051924.jpg,Tomato_Healthy,train
train/grape_leaf_black_rot/plantDoc_train_plantDoc_train_grape_leaf_black_rot_020313.jpg,grape_leaf_black_rot,train
val/Orange_Haunglongbing_(Citrus_greening)/PlantVillage_val_PlantVillage_val_Orange___Haunglongbing_(Citrus_greening)_065603.jpg,Orange_Haunglongbing_(Citrus_greening),val
train/Grape_Black_rot/PlantVillage_train_PlantVillage_train_Grape___Black_rot_028092.jpg,Grape_Black_rot,train
test/Rice_Bacterial_Leaf_Stripe/rice-leaf-disease-riceguard_test_rice-leaf-disease-riceguard_test_stripes_075464.jpeg,Rice_Bacterial_Leaf_Stripe,test
train/Tomato_Yellow_Leaf_Curl_Virus/PlantVillage_train_PlantVillage_train_Tomato___Tomato_Yellow_Leaf_Curl_Virus_059765.jpg,Tomato_Yellow_Leaf_Curl_Virus,train
train/Soybean_healthy/PlantVillage_train_PlantVillage_train_Soybean___healthy_043921.jpg,Soybean_healthy,train
train/Cassava_Green_Mite/Cassava_train_Cassava_train_cgm_015765.jpg,Cassava_Green_Mite,train
train/Tomato_Late_Blight/PlantVillage_train_PlantVillage_train_Tomato___Late_blight_053411.jpg,Tomato_Late_Blight,train
val/Cherry_(including_sour)_healthy/PlantVillage_val_PlantVillage_val_Cherry_(including_sour)___healthy_063366.jpg,Cherry_(including_sour)_healthy,val
train/Cassava_Healthy/Cassava_train_Cassava_train_healthy_018987.jpg,Cassava_Healthy,train
train/Tomato_Spider_Mites/PlantVillage_train_PlantVillage_train_Tomato___Spider_mites Two-spotted_spider_mite_056133.jpg,Tomato_Spider_Mites,train
train/Tomato_Yellow_Leaf_Curl_Virus/PlantVillage_train_PlantVillage_train_Tomato___Tomato_Yellow_Leaf_Curl_Virus_059386.jpg,Tomato_Yellow_Leaf_Curl_Virus,train
train/Tomato_Septoria_Leaf_Spot/PlantVillage_train_PlantVillage_train_Tomato___Septoria_leaf_spot_055430.jpg,Tomato_Septoria_Leaf_Spot,train
train/Cassava_Mosaic_Disease/Cassava_train_Cassava_train_cmd_016513.jpg,Cassava_Mosaic_Disease,train
train/Apple_Black_Rot/Apple_Disease_Dataset_train_Apple_Disease_Dataset_train_Apple___Black_rot_004548.jpg,Apple_Black_Rot,train
train/Tomato_Yellow_Leaf_Curl_Virus/plantDoc_train_plantDoc_train_Tomato_leaf_yellow_virus_021771.jpg,Tomato_Yellow_Leaf_Curl_Virus,train
test/Tomato_Late_Blight/PlantVillage_test_PlantVillage_train_Tomato___Late_blight_053646.jpg,Tomato_Late_Blight,test
train/Strawberry_healthy/PlantVillage_train_PlantVillage_train_Strawberry___healthy_047192.jpg,Strawberry_healthy,train
test/Grape_Black_rot/PlantVillage_test_PlantVillage_train_Grape___Black_rot_028269.jpg,Grape_Black_rot,test
val/Apple_Healthy/Apple_Disease_Dataset_val_Apple_Disease_Dataset_train_Apple___healthy_009523.jpg,Apple_Healthy,val
train/Rice_Blast/rice-leaf-disease-riceguard_train_rice-leaf-disease-riceguard_train_blast_078109.jpeg,Rice_Blast,train
train/Rice_Bacterial_Leaf_Stripe/rice-leaf-disease-riceguard_train_rice-leaf-disease-riceguard_train_stripes_087210.jpeg,Rice_Bacterial_Leaf_Stripe,train
train/Soybean_healthy/PlantVillage_train_PlantVillage_train_Soybean___healthy_044915.jpg,Soybean_healthy,train
train/Soybean_healthy/PlantVillage_train_PlantVillage_train_Soybean___healthy_042133.jpg,Soybean_healthy,train
test/Blueberry_leaf/plantDoc_test_plantDoc_test_Blueberry_leaf_019144.jpg,Blueberry_leaf,test
train/Strawberry_healthy/PlantVillage_train_PlantVillage_train_Strawberry___healthy_047243.jpg,Strawberry_healthy,train
train/Rice_Blast/rice-leaf-disease-riceguard_train_rice-leaf-disease-riceguard_train_blast_076619.jpeg,Rice_Blast,train
test/Soybean_healthy/PlantVillage_test_PlantVillage_train_Soybean___healthy_043001.jpg,Soybean_healthy,test
train/Apple_Healthy/Apple_Disease_Dataset_train_Apple_Disease_Dataset_train_Apple___healthy_008032.jpg,Apple_Healthy,train
train/Tomato_Early_Blight/plantDoc_train_plantDoc_train_Tomato_Early_blight_leaf_021258.jpg,Tomato_Early_Blight,train
train/Cassava_Brown_Streak_Disease/Cassava_train_Cassava_train_cbsd_014771.jpg,Cassava_Brown_Streak_Disease,train
test/Apple_Scab/Apple_Disease_Dataset_test_Apple_Disease_Dataset_test_Apple___Apple_scab_000353.jpg,Apple_Scab,test
train/Raspberry_healthy/PlantVillage_train_PlantVillage_train_Raspberry___healthy_041530.jpg,Raspberry_healthy,train
val/Orange_Haunglongbing_(Citrus_greening)/PlantVillage_val_PlantVillage_val_Orange___Haunglongbing_(Citrus_greening)_065961.jpg,Orange_Haunglongbing_(Citrus_greening),val
train/Tomato_Healthy/PlantVillage_train_PlantVillage_train_Tomato___healthy_051064.jpg,Tomato_Healthy,train
train/Tomato_Early_Blight/PlantVillage_train_PlantVillage_train_Tomato___Early_blight_050353.jpg,Tomato_Early_Blight,train
val/Raspberry_leaf/plantDoc_val_plantDoc_train_Raspberry_leaf_020885.jpg,Raspberry_leaf,val
test/Rice_Tungro/rice-leaf-disease-riceguard_test_rice-leaf-disease-riceguard_test_tungro_075631.jpeg,Rice_Tungro,test
test/Apple_Black_Rot/Apple_Disease_Dataset_test_Apple_Disease_Dataset_test_Apple___Black_rot_000954.jpg,Apple_Black_Rot,test
train/Corn_leaf_blight/plantDoc_train_plantDoc_train_Corn_leaf_blight_020016.jpg,Corn_leaf_blight,train
train/Cherry_(including_sour)_healthy/PlantVillage_train_PlantVillage_train_Cherry_(including_sour)___healthy_023650.jpg,Cherry_(including_sour)_healthy,train
test/Soybean_healthy/PlantVillage_test_PlantVillage_train_Soybean___healthy_043463.jpg,Soybean_healthy,test
train/Apple_Cedar_Apple_Rust/Apple_Disease_Dataset_train_Apple_Disease_Dataset_train_Apple___Cedar_apple_rust_006773.jpg,Apple_Cedar_Apple_Rust,train
train/Rice_Healthy/rice-leaf-disease-riceguard_train_rice-leaf-disease-riceguard_train_healthy_081617.jpeg,Rice_Healthy,train
train/Apple_Scab/Apple_Disease_Dataset_train_Apple_Disease_Dataset_train_Apple___Apple_scab_003434.jpg,Apple_Scab,train
train/Cherry_(including_sour)_Powdery_mildew/PlantVillage_train_PlantVillage_train_Cherry_(including_sour)___Powdery_mildew_024155.jpg,Cherry_(including_sour)_Powdery_mildew,train
val/Potato_Early_Blight/PlantVillage_val_PlantVillage_val_Potato___Early_blight_067460.jpg,Potato_Early_Blight,val
train/Rice_Scald/rice-leaf-disease-riceguard_train_rice-leaf-disease-riceguard_train_scald_085768.jpg,Rice_Scald,train
train/Soyabean_leaf/plantDoc_train_plantDoc_train_Soyabean_leaf_020958.jpg,Soyabean_leaf,train
train/Soybean_healthy/PlantVillage_train_PlantVillage_train_Soybean___healthy_041634.jpg,Soybean_healthy,train
train/Tomato_Target_Spot/PlantVillage_train_PlantVillage_train_Tomato___Target_Spot_057973.jpg,Tomato_Target_Spot,train
train/Cassava_Mosaic_Disease/Cassava_train_Cassava_train_cmd_018266.jpg,Cassava_Mosaic_Disease,train
train/Tomato_Bacterial_Spot/PlantVillage_train_PlantVillage_train_Tomato___Bacterial_spot_049169.jpg,Tomato_Bacterial_Spot,train
test/Cassava_Brown_Streak_Disease/Cassava_test_Cassava_train_cbsd_014874.jpg,Cassava_Brown_Streak_Disease,test
train/Rice_Healthy/rice-leaf-disease-riceguard_train_rice-leaf-disease-riceguard_train_healthy_079771.jpeg,Rice_Healthy,train
train/Peach_healthy/PlantVillage_train_PlantVillage_train_Peach___healthy_037536.jpg,Peach_healthy,train
train/Squash_Powdery_mildew/PlantVillage_train_PlantVillage_train_Squash___Powdery_mildew_046406.jpg,Squash_Powdery_mildew,train
train/Corn_(maize)_Common_rust_/PlantVillage_train_PlantVillage_train_Corn_(maize)___Common_rust__025511.jpg,Corn_(maize)_Common_rust_,train
"train/Bell_Pepper_Healthy/PlantVillage_train_PlantVillage_train_Pepper,_bell___healthy_038897.jpg",Bell_Pepper_Healthy,train
train/Apple_Cedar_Apple_Rust/Apple_Disease_Dataset_train_Apple_Disease_Dataset_train_Apple___Cedar_apple_rust_006113.jpg,Apple_Cedar_Apple_Rust,train
val/Tomato_Bacterial_Spot/PlantVillage_val_PlantVillage_val_Tomato___Bacterial_spot_069587.jpg,Tomato_Bacterial_Spot,val
test/Soyabean_leaf/plantDoc_test_plantDoc_test_Soyabean_leaf_019251.jpg,Soyabean_leaf,test
val/Rice_Leaf_Folder/rice-leaf-disease-riceguard_val_rice-leaf-disease-riceguard_val_leaf_folder_090917.jpeg,Rice_Leaf_Folder,val
test/Rice_Insect_Damage/rice-leaf-disease-riceguard_test_rice-leaf-disease-riceguard_test_insect_074717.jpeg,Rice_Insect_Damage,test
val/Rice_Tungro/rice-leaf-disease-riceguard_val_rice-leaf-disease-riceguard_val_tungro_091382.jpeg,Rice_Tungro,val
train/Corn_rust_leaf/plantDoc_train_plantDoc_train_Corn_rust_leaf_020179.jpg,Corn_rust_leaf,train
train/Corn_(maize)_healthy/PlantVillage_train_PlantVillage_train_Corn_(maize)___healthy_026273.jpg,Corn_(maize)_healthy,train
val/Tomato_Septoria_Leaf_Spot/PlantVillage_val_PlantVillage_val_Tomato___Septoria_leaf_spot_071057.jpg,Tomato_Septoria_Leaf_Spot,val
train/Peach_leaf/plantDoc_train_plantDoc_train_Peach_leaf_020384.jpg,Peach_leaf,train
test/Corn_(maize)_healthy/PlantVillage_test_PlantVillage_train_Corn_(maize)___healthy_026108.jpg,Corn_(maize)_healthy,test
train/Rice_Tungro/rice-leaf-disease-riceguard_train_rice-leaf-disease-riceguard_train_tungro_087595.jpeg,Rice_Tungro,train
"train/Bell_Pepper_Bacterial_Spot/PlantVillage_train_PlantVillage_train_Pepper,_bell___Bacterial_spot_038067.jpg",Bell_Pepper_Bacterial_Spot,train
train/Tomato_Septoria_Leaf_Spot/PlantVillage_train_PlantVillage_train_Tomato___Septoria_leaf_spot_054542.jpg,Tomato_Septoria_Leaf_Spot,train
train/Rice_Insect_Damage/rice-leaf-disease-riceguard_train_rice-leaf-disease-riceguard_train_insect_083087.jpeg,Rice_Insect_Damage,train
train/Rice_Blast/rice-leaf-disease-riceguard_train_rice-leaf-disease-riceguard_train_blast_077442.jpeg,Rice_Blast,train
train/Blueberry_healthy/PlantVillage_train_PlantVillage_train_Blueberry___healthy_022496.jpg,Blueberry_healthy,train
train/Grape_Leaf_blight_(Isariopsis_Leaf_Spot)/PlantVillage_train_PlantVillage_train_Grape___Leaf_blight_(Isariopsis_Leaf_Spot)_030464.jpg,Grape_Leaf_blight_(Isariopsis_Leaf_Spot),train
train/Corn_(maize)_Northern_Leaf_Blight/PlantVillage_train_PlantVillage_train_Corn_(maize)___Northern_Leaf_Blight_027081.jpg,Corn_(maize)_Northern_Leaf_Blight,train
val/Tomato_Yellow_Leaf_Curl_Virus/PlantVillage_val_PlantVillage_val_Tomato___Tomato_Yellow_Leaf_Curl_Virus_072194.jpg,Tomato_Yellow_Leaf_Curl_Virus,val
val/Rice_Blast/rice-leaf-disease-riceguard_val_rice-leaf-disease-riceguard_val_blast_089145.jpeg,Rice_Blast,val
train/Corn_(maize)_Cercospora_leaf_spot_Gray_leaf_spot/PlantVillage_train_PlantVillage_train_Corn_(maize)___Cercospora_leaf_spot Gray_leaf_spot_025101.jpg,Corn_(maize)_Cercospora_leaf_spot_Gray_leaf_spot,train
train/Cherry_leaf/plantDoc_train_plantDoc_train_Cherry_leaf_019831.jpg,Cherry_leaf,train
val/Potato_Early_Blight/PlantVillage_val_PlantVillage_val_Potato___Early_blight_067423.jpg,Potato_Early_Blight,val
train/Rice_Insect_Damage/rice-leaf-disease-riceguard_train_rice-leaf-disease-riceguard_train_insect_083767.jpeg,Rice_Insect_Damage,train
train/Tomato_Spider_Mites/PlantVillage_train_PlantVillage_train_Tomato___Spider_mites Two-spotted_spider_mite_055909.jpg,Tomato_Spider_Mites,train
train/Rice_Tungro/rice-leaf-disease-riceguard_train_rice-leaf-disease-riceguard_train_tungro_088199.jpeg,Rice_Tungro,train
train/Cherry_(including_sour)_healthy/PlantVillage_train_PlantVillage_train_Cherry_(including_sour)___healthy_023828.jpg,Cherry_(including_sour)_healthy,train
train/Cassava_Bacterial_Blight/Cassava_train_Cassava_train_cbb_013497.jpg,Cassava_Bacterial_Blight,train
train/Cassava_Mosaic_Disease/Cassava_train_Cassava_train_cmd_016633.jpg,Cassava_Mosaic_Disease,train
val/Tomato_Yellow_Leaf_Curl_Virus/PlantVillage_val_PlantVillage_val_Tomato___Tomato_Yellow_Leaf_Curl_Virus_072747.jpg,Tomato_Yellow_Leaf_Curl_Virus,val
test/Rice_Blast/rice-leaf-disease-riceguard_test_rice-leaf-disease-riceguard_test_blast_073152.jpeg,Rice_Blast,test
train/Cherry_(including_sour)_Powdery_mildew/PlantVillage_train_PlantVillage_train_Cherry_(including_sour)___Powdery_mildew_024307.jpg,Cherry_(including_sour)_Powdery_mildew,train
val/Rice_Tungro/rice-leaf-disease-riceguard_val_rice-leaf-disease-riceguard_val_tungro_091468.jpeg,Rice_Tungro,val
train/Potato_Healthy/PlantVillage_train_PlantVillage_train_Potato___healthy_040394.jpg,Potato_Healthy,train
train/Apple_Cedar_Apple_Rust/Apple_Disease_Dataset_train_Apple_Disease_Dataset_train_Apple___Cedar_apple_rust_006223.jpg,Apple_Cedar_Apple_Rust,train
train/Rice_Tungro/rice-leaf-disease-riceguard_train_rice-leaf-disease-riceguard_train_tungro_088250.jpeg,Rice_Tungro,train
test/Cherry_(including_sour)_Powdery_mildew/PlantVillage_test_PlantVillage_train_Cherry_(including_sour)___Powdery_mildew_024637.jpg,Cherry_(including_sour)_Powdery_mildew,test
train/Blueberry_healthy/PlantVillage_train_PlantVillage_train_Blueberry___healthy_023032.jpg,Blueberry_healthy,train
test/Corn_rust_leaf/plantDoc_test_plantDoc_test_Corn_rust_leaf_019184.jpg,Corn_rust_leaf,test
val/Corn_(maize)_Northern_Leaf_Blight/PlantVillage_val_PlantVillage_val_Corn_(maize)___Northern_Leaf_Blight_064349.jpg,Corn_(maize)_Northern_Leaf_Blight,val
val/Tomato_Spider_Mites/PlantVillage_val_PlantVillage_val_Tomato___Spider_mites Two-spotted_spider_mite_071377.jpg,Tomato_Spider_Mites,val
test/Orange_Haunglongbing_(Citrus_greening)/PlantVillage_test_PlantVillage_train_Orange___Haunglongbing_(Citrus_greening)_033916.jpg,Orange_Haunglongbing_(Citrus_greening),test
train/Soyabean_leaf/plantDoc_train_plantDoc_train_Soyabean_leaf_020927.jpg,Soyabean_leaf,train
train/Corn_(maize)_Northern_Leaf_Blight/PlantVillage_train_PlantVillage_train_Corn_(maize)___Northern_Leaf_Blight_027393.jpg,Corn_(maize)_Northern_Leaf_Blight,train
train/Grape_Leaf_blight_(Isariopsis_Leaf_Spot)/PlantVillage_train_PlantVillage_train_Grape___Leaf_blight_(Isariopsis_Leaf_Spot)_030815.jpg,Grape_Leaf_blight_(Isariopsis_Leaf_Spot),train
train/Cassava_Mosaic_Disease/Cassava_train_Cassava_train_cmd_017299.jpg,Cassava_Mosaic_Disease,train
train/Apple_Cedar_Apple_Rust/Apple_Disease_Dataset_train_Apple_Disease_Dataset_train_Apple___Cedar_apple_rust_006417.jpg,Apple_Cedar_Apple_Rust,train
train/Strawberry_leaf/plantDoc_train_plantDoc_train_Strawberry_leaf_021122.jpg,Strawberry_leaf,train
val/Rice_Bacterial_Leaf_Stripe/rice-leaf-disease-riceguard_val_rice-leaf-disease-riceguard_val_stripes_091095.jpeg,Rice_Bacterial_Leaf_Stripe,val
train/Tomato_Late_Blight/PlantVillage_train_PlantVillage_train_Tomato___Late_blight_052356.jpg,Tomato_Late_Blight,train
val/Cassava_Brown_Streak_Disease/Cassava_val_Cassava_train_cbsd_014493.jpg,Cassava_Brown_Streak_Disease,val
test/Potato_Early_Blight/plantDoc_test_plantDoc_test_Potato_leaf_early_blight_019215.jpg,Potato_Early_Blight,test
train/Rice_Blast/rice-leaf-disease-riceguard_train_rice-leaf-disease-riceguard_train_blast_076198.jpeg,Rice_Blast,train
train/Tomato_Healthy/PlantVillage_train_PlantVillage_train_Tomato___healthy_051800.jpg,Tomato_Healthy,train
train/Grape_Esca_(Black_Measles)/PlantVillage_train_PlantVillage_train_Grape___Esca_(Black_Measles)_029278.jpg,Grape_Esca_(Black_Measles),train
train/Cassava_Green_Mite/Cassava_train_Cassava_train_cgm_015636.jpg,Cassava_Green_Mite,train
train/Strawberry_Leaf_scorch/PlantVillage_train_PlantVillage_train_Strawberry___Leaf_scorch_047771.jpg,Strawberry_Leaf_scorch,train
train/Apple_Black_Rot/Apple_Disease_Dataset_train_Apple_Disease_Dataset_train_Apple___Black_rot_004240.jpg,Apple_Black_Rot,train
train/Tomato_Mosaic_Virus/PlantVillage_train_PlantVillage_train_Tomato___Tomato_mosaic_virus_058372.jpg,Tomato_Mosaic_Virus,train
train/Cherry_(including_sour)_Powdery_mildew/PlantVillage_train_PlantVillage_train_Cherry_(including_sour)___Powdery_mildew_024698.jpg,Cherry_(including_sour)_Powdery_mildew,train
"train/Bell_Pepper_Healthy/PlantVillage_train_PlantVillage_train_Pepper,_bell___healthy_039307.jpg",Bell_Pepper_Healthy,train
train/Tomato_Yellow_Leaf_Curl_Virus/PlantVillage_train_PlantVillage_train_Tomato___Tomato_Yellow_Leaf_Curl_Virus_061033.jpg,Tomato_Yellow_Leaf_Curl_Virus,train
train/Apple_Black_Rot/Apple_Disease_Dataset_train_Apple_Disease_Dataset_train_Apple___Black_rot_004470.jpg,Apple_Black_Rot,train
val/Tomato_Yellow_Leaf_Curl_Virus/PlantVillage_val_PlantVillage_val_Tomato___Tomato_Yellow_Leaf_Curl_Virus_072886.jpg,Tomato_Yellow_Leaf_Curl_Virus,val
train/Corn_(maize)_Northern_Leaf_Blight/PlantVillage_train_PlantVillage_train_Corn_(maize)___Northern_Leaf_Blight_027293.jpg,Corn_(maize)_Northern_Leaf_Blight,train
test/Apple_Cedar_Apple_Rust/Apple_Disease_Dataset_test_Apple_Disease_Dataset_test_Apple___Cedar_apple_rust_001436.jpg,Apple_Cedar_Apple_Rust,test
train/Grape_Black_rot/PlantVillage_train_PlantVillage_train_Grape___Black_rot_028384.jpg,Grape_Black_rot,train
train/Rice_Bacterial_Leaf_Stripe/rice-leaf-disease-riceguard_train_rice-leaf-disease-riceguard_train_stripes_086397.jpeg,Rice_Bacterial_Leaf_Stripe,train
train/Raspberry_healthy/PlantVillage_train_PlantVillage_train_Raspberry___healthy_041471.jpg,Raspberry_healthy,train
train/Corn_(maize)_Common_rust_/PlantVillage_train_PlantVillage_train_Corn_(maize)___Common_rust__025537.jpg,Corn_(maize)_Common_rust_,train
train/Rice_Scald/rice-leaf-disease-riceguard_train_rice-leaf-disease-riceguard_train_scald_085943.jpg,Rice_Scald,train
train/Corn_(maize)_Common_rust_/PlantVillage_train_PlantVillage_train_Corn_(maize)___Common_rust__025656.jpg,Corn_(maize)_Common_rust_,train
val/Tomato_Bacterial_Spot/PlantVillage_val_PlantVillage_val_Tomato___Bacterial_spot_069571.jpg,Tomato_Bacterial_Spot,val
train/Grape_Esca_(Black_Measles)/PlantVillage_train_PlantVillage_train_Grape___Esca_(Black_Measles)_028945.jpg,Grape_Esca_(Black_Measles),train
test/Tomato_Septoria_Leaf_Spot/PlantVillage_test_PlantVillage_train_Tomato___Septoria_leaf_spot_055149.jpg,Tomato_Septoria_Leaf_Spot,test
train/Apple_Scab/Apple_Disease_Dataset_train_Apple_Disease_Dataset_train_Apple___Apple_scab_002405.jpg,Apple_Scab,train
train/Potato_Early_Blight/PlantVillage_train_PlantVillage_train_Potato___Early_blight_040158.jpg,Potato_Early_Blight,train
train/Corn_(maize)_healthy/PlantVillage_train_PlantVillage_train_Corn_(maize)___healthy_026255.jpg,Corn_(maize)_healthy,train
train/Tomato_Leaf_Mold/PlantVillage_train_PlantVillage_train_Tomato___Leaf_Mold_054349.jpg,Tomato_Leaf_Mold,train
"train/Bell_Pepper_Healthy/PlantVillage_train_PlantVillage_train_Pepper,_bell___healthy_039111.jpg",Bell_Pepper_Healthy,train
train/Soybean_healthy/PlantVillage_train_PlantVillage_train_Soybean___healthy_043938.jpg,Soybean_healthy,train
"val/Bell_Pepper_Healthy/PlantVillage_val_PlantVillage_val_Pepper,_bell___healthy_067173.jpg",Bell_Pepper_Healthy,val
train/Apple_Scab/Apple_Disease_Dataset_train_Apple_Disease_Dataset_train_Apple___Apple_scab_002249.jpg,Apple_Scab,train
val/Potato_Healthy/PlantVillage_val_PlantVillage_val_Potato___healthy_067514.jpg,Potato_Healthy,val
train/Tomato_Septoria_Leaf_Spot/PlantVillage_train_PlantVillage_train_Tomato___Septoria_leaf_spot_055021.jpg,Tomato_Septoria_Leaf_Spot,train
train/Corn_Gray_leaf_spot/plantDoc_train_plantDoc_train_Corn_Gray_leaf_spot_019892.jpg,Corn_Gray_leaf_spot,train
train/Peach_Bacterial_spot/PlantVillage_train_PlantVillage_train_Peach___Bacterial_spot_037166.jpg,Peach_Bacterial_spot,train
test/Rice_Blast/rice-leaf-disease-riceguard_test_rice-leaf-disease-riceguard_test_blast_073207.jpeg,Rice_Blast,test
train/Cassava_Mosaic_Disease/Cassava_train_Cassava_train_cmd_017303.jpg,Cassava_Mosaic_Disease,train
train/Cassava_Mosaic_Disease/Cassava_train_Cassava_train_cmd_016161.jpg,Cassava_Mosaic_Disease,train
train/Peach_Bacterial_spot/PlantVillage_train_PlantVillage_train_Peach___Bacterial_spot_036068.jpg,Peach_Bacterial_spot,train
val/Corn_leaf_blight/plantDoc_val_plantDoc_train_Corn_leaf_blight_019945.jpg,Corn_leaf_blight,val
val/Soybean_healthy/PlantVillage_val_PlantVillage_val_Soybean___healthy_068138.jpg,Soybean_healthy,val
train/Strawberry_leaf/plantDoc_train_plantDoc_train_Strawberry_leaf_021143.jpg,Strawberry_leaf,train
train/Apple_Cedar_Apple_Rust/Apple_Disease_Dataset_train_Apple_Disease_Dataset_train_Apple___Cedar_apple_rust_007646.jpg,Apple_Cedar_Apple_Rust,train
val/Corn_(maize)_Northern_Leaf_Blight/PlantVillage_val_PlantVillage_val_Corn_(maize)___Northern_Leaf_Blight_064333.jpg,Corn_(maize)_Northern_Leaf_Blight,val
train/Tomato_Bacterial_Spot/PlantVillage_train_PlantVillage_train_Tomato___Bacterial_spot_049650.jpg,Tomato_Bacterial_Spot,train
train/Strawberry_healthy/PlantVillage_train_PlantVillage_train_Strawberry___healthy_047493.jpg,Strawberry_healthy,train
val/Tomato_Leaf_Mold/PlantVillage_val_PlantVillage_val_Tomato___Leaf_Mold_070891.jpg,Tomato_Leaf_Mold,val
train/Apple_Black_Rot/Apple_Disease_Dataset_train_Apple_Disease_Dataset_train_Apple___Black_rot_004831.jpg,Apple_Black_Rot,train
train/Apple_Scab/Apple_Disease_Dataset_train_Apple_Disease_Dataset_train_Apple___Apple_scab_002723.jpg,Apple_Scab,train
train/Tomato_Bacterial_Spot/PlantVillage_train_PlantVillage_train_Tomato___Bacterial_spot_048610.jpg,Tomato_Bacterial_Spot,train
train/Rice_Healthy/rice-leaf-disease-riceguard_train_rice-leaf-disease-riceguard_train_healthy_080378.jpeg,Rice_Healthy,train
train/Tomato_Septoria_Leaf_Spot/PlantVillage_train_PlantVillage_train_Tomato___Septoria_leaf_spot_054753.jpg,Tomato_Septoria_Leaf_Spot,train
train/Rice_Leaf_Folder/rice-leaf-disease-riceguard_train_rice-leaf-disease-riceguard_train_leaf_folder_085463.jpeg,Rice_Leaf_Folder,train
train/Orange_Haunglongbing_(Citrus_greening)/PlantVillage_train_PlantVillage_train_Orange___Haunglongbing_(Citrus_greening)_032969.jpg,Orange_Haunglongbing_(Citrus_greening),train
train/Rice_Tungro/rice-leaf-disease-riceguard_train_rice-leaf-disease-riceguard_train_tungro_088173.jpeg,Rice_Tungro,train
train/Tomato_Bacterial_Spot/PlantVillage_train_PlantVillage_train_Tomato___Bacterial_spot_048997.jpg,Tomato_Bacterial_Spot,train
train/Cassava_Brown_Streak_Disease/Cassava_train_Cassava_train_cbsd_015259.jpg,Cassava_Brown_Streak_Disease,train
test/Apple_Healthy/Apple_Disease_Dataset_test_Apple_Disease_Dataset_test_Apple___healthy_001842.jpg,Apple_Healthy,test
train/Tomato_Target_Spot/PlantVillage_train_PlantVillage_train_Tomato___Target_Spot_057264.jpg,Tomato_Target_Spot,train
train/Cassava_Mosaic_Disease/Cassava_train_Cassava_train_cmd_016856.jpg,Cassava_Mosaic_Disease,train
train/Grape_Esca_(Black_Measles)/PlantVillage_train_PlantVillage_train_Grape___Esca_(Black_Measles)_029625.jpg,Grape_Esca_(Black_Measles),train
train/Potato_Healthy/PlantVillage_train_PlantVillage_train_Potato___healthy_040429.jpg,Potato_Healthy,train
train/Strawberry_healthy/PlantVillage_train_PlantVillage_train_Strawberry___healthy_047290.jpg,Strawberry_healthy,train
train/Strawberry_leaf/plantDoc_train_plantDoc_train_Strawberry_leaf_021135.jpg,Strawberry_leaf,train
train/Apple_Cedar_Apple_Rust/Apple_Disease_Dataset_train_Apple_Disease_Dataset_train_Apple___Cedar_apple_rust_006139.jpg,Apple_Cedar_Apple_Rust,train
train/Tomato_Yellow_Leaf_Curl_Virus/PlantVillage_train_PlantVillage_train_Tomato___Tomato_Yellow_Leaf_Curl_Virus_061117.jpg,Tomato_Yellow_Leaf_Curl_Virus,train
train/Tomato_Healthy/PlantVillage_train_PlantVillage_train_Tomato___healthy_051187.jpg,Tomato_Healthy,train
train/Rice_Blast/rice-leaf-disease-riceguard_train_rice-leaf-disease-riceguard_train_blast_077484.jpeg,Rice_Blast,train
train/Tomato_Late_Blight/PlantVillage_train_PlantVillage_train_Tomato___Late_blight_052507.jpg,Tomato_Late_Blight,train
train/Tomato_Mosaic_Virus/PlantVillage_train_PlantVillage_train_Tomato___Tomato_mosaic_virus_058398.jpg,Tomato_Mosaic_Virus,train
val/Soybean_healthy/PlantVillage_val_PlantVillage_val_Soybean___healthy_068453.jpg,Soybean_healthy,val
test/Rice_Bacterial_Leaf_Stripe/rice-leaf-disease-riceguard_test_rice-leaf-disease-riceguard_test_stripes_075505.jpeg,Rice_Bacterial_Leaf_Stripe,test
train/Orange_Haunglongbing_(Citrus_greening)/PlantVillage_train_PlantVillage_train_Orange___Haunglongbing_(Citrus_greening)_032023.jpg,Orange_Haunglongbing_(Citrus_greening),train
train/Tomato_Leaf_Mold/plantDoc_train_plantDoc_train_Tomato_mold_leaf_021853.jpg,Tomato_Leaf_Mold,train
val/Soybean_healthy/PlantVillage_val_PlantVillage_val_Soybean___healthy_068698.jpg,Soybean_healthy,val
train/Tomato_Healthy/PlantVillage_train_PlantVillage_train_Tomato___healthy_051014.jpg,Tomato_Healthy,train
train/Strawberry_healthy/PlantVillage_train_PlantVillage_train_Strawberry___healthy_047362.jpg,Strawberry_healthy,train
test/Rice_Blast/rice-leaf-disease-riceguard_test_rice-leaf-disease-riceguard_test_blast_073809.jpg,Rice_Blast,test
train/Tomato_Yellow_Leaf_Curl_Virus/PlantVillage_train_PlantVillage_train_Tomato___Tomato_Yellow_Leaf_Curl_Virus_060114.jpg,Tomato_Yellow_Leaf_Curl_Virus,train
train/Potato_Late_Blight/PlantVillage_train_PlantVillage_train_Potato___Late_blight_040541.jpg,Potato_Late_Blight,train
train/Grape_Black_rot/PlantVillage_train_PlantVillage_train_Grape___Black_rot_027941.jpg,Grape_Black_rot,train
val/Soybean_healthy/PlantVillage_val_PlantVillage_val_Soybean___healthy_068440.jpg,Soybean_healthy,val
val/Tomato_Yellow_Leaf_Curl_Virus/PlantVillage_val_PlantVillage_val_Tomato___Tomato_Yellow_Leaf_Curl_Virus_072424.jpg,Tomato_Yellow_Leaf_Curl_Virus,val
train/Apple_Cedar_Apple_Rust/Apple_Disease_Dataset_train_Apple_Disease_Dataset_train_Apple___Cedar_apple_rust_006654.jpg,Apple_Cedar_Apple_Rust,train
train/Squash_Powdery_mildew_leaf/plantDoc_train_plantDoc_train_Squash_Powdery_mildew_leaf_020999.jpg,Squash_Powdery_mildew_leaf,train
train/Grape_Esca_(Black_Measles)/PlantVillage_train_PlantVillage_train_Grape___Esca_(Black_Measles)_029429.jpg,Grape_Esca_(Black_Measles),train
train/Raspberry_leaf/plantDoc_train_plantDoc_train_Raspberry_leaf_020892.jpg,Raspberry_leaf,train
train/Soybean_healthy/PlantVillage_train_PlantVillage_train_Soybean___healthy_042985.jpg,Soybean_healthy,train
val/Cherry_(including_sour)_healthy/PlantVillage_val_PlantVillage_val_Cherry_(including_sour)___healthy_063238.jpg,Cherry_(including_sour)_healthy,val
train/Grape_Esca_(Black_Measles)/PlantVillage_train_PlantVillage_train_Grape___Esca_(Black_Measles)_028935.jpg,Grape_Esca_(Black_Measles),train
train/Peach_healthy/PlantVillage_train_PlantVillage_train_Peach___healthy_037442.jpg,Peach_healthy,train
train/Grape_Leaf_blight_(Isariopsis_Leaf_Spot)/PlantVillage_train_PlantVillage_train_Grape___Leaf_blight_(Isariopsis_Leaf_Spot)_031051.jpg,Grape_Leaf_blight_(Isariopsis_Leaf_Spot),train
val/Soybean_healthy/PlantVillage_val_PlantVillage_val_Soybean___healthy_067890.jpg,Soybean_healthy,val
train/Cherry_(including_sour)_Powdery_mildew/PlantVillage_train_PlantVillage_train_Cherry_(including_sour)___Powdery_mildew_024555.jpg,Cherry_(including_sour)_Powdery_mildew,train
val/Rice_Tungro/rice-leaf-disease-riceguard_val_rice-leaf-disease-riceguard_val_tungro_091528.jpeg,Rice_Tungro,val
train/Tomato_Bacterial_Spot/PlantVillage_train_PlantVillage_train_Tomato___Bacterial_spot_048880.jpg,Tomato_Bacterial_Spot,train
train/Tomato_Bacterial_Spot/PlantVillage_train_PlantVillage_train_Tomato___Bacterial_spot_049087.jpg,Tomato_Bacterial_Spot,train
train/Apple_Cedar_Apple_Rust/Apple_Disease_Dataset_train_Apple_Disease_Dataset_train_Apple___Cedar_apple_rust_006840.jpg,Apple_Cedar_Apple_Rust,train
train/Potato_Early_Blight/PlantVillage_train_PlantVillage_train_Potato___Early_blight_039641.jpg,Potato_Early_Blight,train
train/Tomato_Yellow_Leaf_Curl_Virus/PlantVillage_train_PlantVillage_train_Tomato___Tomato_Yellow_Leaf_Curl_Virus_061198.jpg,Tomato_Yellow_Leaf_Curl_Virus,train
train/Cassava_Mosaic_Disease/Cassava_train_Cassava_train_cmd_018458.jpg,Cassava_Mosaic_Disease,train
train/Corn_(maize)_Common_rust_/PlantVillage_train_PlantVillage_train_Corn_(maize)___Common_rust__026041.jpg,Corn_(maize)_Common_rust_,train
val/Peach_healthy/PlantVillage_val_PlantVillage_val_Peach___healthy_066736.jpg,Peach_healthy,val
test/Orange_Haunglongbing_(Citrus_greening)/PlantVillage_test_PlantVillage_train_Orange___Haunglongbing_(Citrus_greening)_031858.jpg,Orange_Haunglongbing_(Citrus_greening),test
train/Grape_healthy/PlantVillage_train_PlantVillage_train_Grape___healthy_030053.jpg,Grape_healthy,train
test/Rice_Blast/rice-leaf-disease-riceguard_test_rice-leaf-disease-riceguard_test_blast_073238.jpeg,Rice_Blast,test
train/Strawberry_healthy/PlantVillage_train_PlantVillage_train_Strawberry___healthy_047417.jpg,Strawberry_healthy,train
train/Rice_Healthy/rice-leaf-disease-riceguard_train_rice-leaf-disease-riceguard_train_healthy_082404.jpg,Rice_Healthy,train
train/Apple_Cedar_Apple_Rust/Apple_Disease_Dataset_train_Apple_Disease_Dataset_train_Apple___Cedar_apple_rust_007088.jpg,Apple_Cedar_Apple_Rust,train
train/Raspberry_leaf/plantDoc_train_plantDoc_train_Raspberry_leaf_020822.jpg,Raspberry_leaf,train
val/Tomato_Target_Spot/PlantVillage_val_PlantVillage_val_Tomato___Target_Spot_071861.jpg,Tomato_Target_Spot,val
val/Orange_Haunglongbing_(Citrus_greening)/PlantVillage_val_PlantVillage_val_Orange___Haunglongbing_(Citrus_greening)_065864.jpg,Orange_Haunglongbing_(Citrus_greening),val
train/Squash_Powdery_mildew/PlantVillage_train_PlantVillage_train_Squash___Powdery_mildew_046189.jpg,Squash_Powdery_mildew,train
test/Orange_Haunglongbing_(Citrus_greening)/PlantVillage_test_PlantVillage_train_Orange___Haunglongbing_(Citrus_greening)_034013.jpg,Orange_Haunglongbing_(Citrus_greening),test
train/Strawberry_leaf/plantDoc_train_plantDoc_train_Strawberry_leaf_021098.jpg,Strawberry_leaf,train
test/Rice_Healthy/rice-leaf-disease-riceguard_test_rice-leaf-disease-riceguard_test_healthy_074115.jpeg,Rice_Healthy,test
train/Grape_Esca_(Black_Measles)/PlantVillage_train_PlantVillage_train_Grape___Esca_(Black_Measles)_029761.jpg,Grape_Esca_(Black_Measles),train
train/Tomato_Yellow_Leaf_Curl_Virus/PlantVillage_train_PlantVillage_train_Tomato___Tomato_Yellow_Leaf_Curl_Virus_059272.jpg,Tomato_Yellow_Leaf_Curl_Virus,train
train/Corn_(maize)_Northern_Leaf_Blight/PlantVillage_train_PlantVillage_train_Corn_(maize)___Northern_Leaf_Blight_027355.jpg,Corn_(maize)_Northern_Leaf_Blight,train
train/Strawberry_Leaf_scorch/PlantVillage_train_PlantVillage_train_Strawberry___Leaf_scorch_047528.jpg,Strawberry_Leaf_scorch,train
train/Apple_Black_Rot/Apple_Disease_Dataset_train_Apple_Disease_Dataset_train_Apple___Black_rot_004309.jpg,Apple_Black_Rot,train
val/Cassava_Green_Mite/Cassava_val_Cassava_train_cgm_015833.jpg,Cassava_Green_Mite,val
train/Corn_(maize)_healthy/PlantVillage_train_PlantVillage_train_Corn_(maize)___healthy_026125.jpg,Corn_(maize)_healthy,train
test/Rice_Leaf_Folder/rice-leaf-disease-riceguard_test_rice-leaf-disease-riceguard_test_leaf_folder_075000.jpeg,Rice_Leaf_Folder,test
train/Rice_Blast/rice-leaf-disease-riceguard_train_rice-leaf-disease-riceguard_train_blast_077770.jpeg,Rice_Blast,train
train/Apple_Healthy/Apple_Disease_Dataset_train_Apple_Disease_Dataset_train_Apple___healthy_008768.jpg,Apple_Healthy,train
val/Potato_Late_Blight/PlantVillage_val_PlantVillage_val_Potato___Late_blight_067603.jpg,Potato_Late_Blight,val
train/Tomato_Bacterial_Spot/PlantVillage_train_PlantVillage_train_Tomato___Bacterial_spot_049298.jpg,Tomato_Bacterial_Spot,train
train/Rice_Insect_Damage/rice-leaf-disease-riceguard_train_rice-leaf-disease-riceguard_train_insect_083642.jpeg,Rice_Insect_Damage,train
test/Rice_Bacterial_Leaf_Stripe/rice-leaf-disease-riceguard_test_rice-leaf-disease-riceguard_test_stripes_075316.jpeg,Rice_Bacterial_Leaf_Stripe,test
"train/Bell_Pepper_Bacterial_Spot/PlantVillage_train_PlantVillage_train_Pepper,_bell___Bacterial_spot_037882.jpg",Bell_Pepper_Bacterial_Spot,train
train/Apple_Cedar_Apple_Rust/Apple_Disease_Dataset_train_Apple_Disease_Dataset_train_Apple___Cedar_apple_rust_007495.jpg,Apple_Cedar_Apple_Rust,train
test/Rice_Blast/rice-leaf-disease-riceguard_test_rice-leaf-disease-riceguard_test_blast_073284.jpeg,Rice_Blast,test
train/Rice_Tungro/rice-leaf-disease-riceguard_train_rice-leaf-disease-riceguard_train_tungro_088141.jpeg,Rice_Tungro,train
train/Strawberry_Leaf_scorch/PlantVillage_train_PlantVillage_train_Strawberry___Leaf_scorch_048383.jpg,Strawberry_Leaf_scorch,train
train/Apple_Healthy/Apple_Disease_Dataset_train_Apple_Disease_Dataset_train_Apple___healthy_009064.jpg,Apple_Healthy,train
train/Strawberry_Leaf_scorch/PlantVillage_train_PlantVillage_train_Strawberry___Leaf_scorch_048234.jpg,Strawberry_Leaf_scorch,train
train/Tomato_Mosaic_Virus/PlantVillage_train_PlantVillage_train_Tomato___Tomato_mosaic_virus_058470.jpg,Tomato_Mosaic_Virus,train
train/Cassava_Mosaic_Disease/Cassava_train_Cassava_train_cmd_018301.jpg,Cassava_Mosaic_Disease,train
train/Cassava_Brown_Streak_Disease/Cassava_train_Cassava_train_cbsd_014302.jpg,Cassava_Brown_Streak_Disease,train
train/Rice_Blast/rice-leaf-disease-riceguard_train_rice-leaf-disease-riceguard_train_blast_076253.jpeg,Rice_Blast,train
val/Peach_healthy/PlantVillage_val_PlantVillage_val_Peach___healthy_066782.jpg,Peach_healthy,val
train/Apple_Cedar_Apple_Rust/Apple_Disease_Dataset_train_Apple_Disease_Dataset_train_Apple___Cedar_apple_rust_007360.jpg,Apple_Cedar_Apple_Rust,train
train/Squash_Powdery_mildew/PlantVillage_train_PlantVillage_train_Squash___Powdery_mildew_047040.jpg,Squash_Powdery_mildew,train
train/Blueberry_healthy/PlantVillage_train_PlantVillage_train_Blueberry___healthy_022225.jpg,Blueberry_healthy,train
"train/Bell_Pepper_Healthy/PlantVillage_train_PlantVillage_train_Pepper,_bell___healthy_039060.jpg",Bell_Pepper_Healthy,train
train/Tomato_Yellow_Leaf_Curl_Virus/plantDoc_train_plantDoc_train_Tomato_leaf_yellow_virus_021592.jpg,Tomato_Yellow_Leaf_Curl_Virus,train
train/Soybean_healthy/PlantVillage_train_PlantVillage_train_Soybean___healthy_041802.jpg,Soybean_healthy,train
train/Blueberry_healthy/PlantVillage_train_PlantVillage_train_Blueberry___healthy_023017.jpg,Blueberry_healthy,train
train/Apple_Cedar_Apple_Rust/Apple_Disease_Dataset_train_Apple_Disease_Dataset_train_Apple___Cedar_apple_rust_006737.jpg,Apple_Cedar_Apple_Rust,train
test/Rice_Blast/rice-leaf-disease-riceguard_test_rice-leaf-disease-riceguard_test_blast_073747.jpeg,Rice_Blast,test
train/Cherry_leaf/plantDoc_train_plantDoc_train_Cherry_leaf_019852.jpg,Cherry_leaf,train
train/Rice_Insect_Damage/rice-leaf-disease-riceguard_train_rice-leaf-disease-riceguard_train_insect_083926.jpeg,Rice_Insect_Damage,train
train/Tomato_Late_Blight/PlantVillage_train_PlantVillage_train_Tomato___Late_blight_053309.jpg,Tomato_Late_Blight,train
train/Apple_Healthy/Apple_Disease_Dataset_train_Apple_Disease_Dataset_train_Apple___healthy_009017.jpg,Apple_Healthy,train
train/Cherry_(including_sour)_Powdery_mildew/PlantVillage_train_PlantVillage_train_Cherry_(including_sour)___Powdery_mildew_024304.jpg,Cherry_(including_sour)_Powdery_mildew,train
val/Corn_(maize)_Cercospora_leaf_spot_Gray_leaf_spot/PlantVillage_val_PlantVillage_val_Corn_(maize)___Cercospora_leaf_spot Gray_leaf_spot_063650.jpg,Corn_(maize)_Cercospora_leaf_spot_Gray_leaf_spot,val
train/Apple_Scab/Apple_Disease_Dataset_train_Apple_Disease_Dataset_train_Apple___Apple_scab_003856.jpg,Apple_Scab,train
train/Apple_Healthy/Apple_Disease_Dataset_train_Apple_Disease_Dataset_train_Apple___healthy_008215.jpg,Apple_Healthy,train
train/Cassava_Mosaic_Disease/Cassava_train_Cassava_train_cmd_017669.jpg,Cassava_Mosaic_Disease,train
"val/Bell_Pepper_Bacterial_Spot/PlantVillage_val_PlantVillage_val_Pepper,_bell___Bacterial_spot_066958.jpg",Bell_Pepper_Bacterial_Spot,val
train/grape_leaf/plantDoc_train_plantDoc_train_grape_leaf_020244.jpg,grape_leaf,train
train/Apple_Cedar_Apple_Rust/Apple_Disease_Dataset_train_Apple_Disease_Dataset_train_Apple___Cedar_apple_rust_006290.jpg,Apple_Cedar_Apple_Rust,train
train/Peach_Bacterial_spot/PlantVillage_train_PlantVillage_train_Peach___Bacterial_spot_036236.jpg,Peach_Bacterial_spot,train
train/Strawberry_leaf/plantDoc_train_plantDoc_train_Strawberry_leaf_021152.jpg,Strawberry_leaf,train
train/Tomato_Healthy/PlantVillage_train_PlantVillage_train_Tomato___healthy_051301.jpg,Tomato_Healthy,train
train/Apple_Healthy/Apple_Disease_Dataset_train_Apple_Disease_Dataset_train_Apple___healthy_009436.jpg,Apple_Healthy,train
train/Peach_healthy/PlantVillage_train_PlantVillage_train_Peach___healthy_037481.jpg,Peach_healthy,train
train/Tomato_Early_Blight/PlantVillage_train_PlantVillage_train_Tomato___Early_blight_050847.jpg,Tomato_Early_Blight,train
train/Squash_Powdery_mildew_leaf/plantDoc_train_plantDoc_train_Squash_Powdery_mildew_leaf_021046.jpg,Squash_Powdery_mildew_leaf,train
train/Squash_Powdery_mildew/PlantVillage_train_PlantVillage_train_Squash___Powdery_mildew_046451.jpg,Squash_Powdery_mildew,train
train/Apple_Black_Rot/plantDoc_train_plantDoc_train_Apple_rust_leaf_019425.jpg,Apple_Black_Rot,train
train/grape_leaf/plantDoc_train_plantDoc_train_grape_leaf_020217.jpg,grape_leaf,train
train/Apple_Cedar_Apple_Rust/Apple_Disease_Dataset_train_Apple_Disease_Dataset_train_Apple___Cedar_apple_rust_007180.jpg,Apple_Cedar_Apple_Rust,train
train/Tomato_Target_Spot/PlantVillage_train_PlantVillage_train_Tomato___Target_Spot_058204.jpg,Tomato_Target_Spot,train
"val/Bell_Pepper_Healthy/PlantVillage_val_PlantVillage_val_Pepper,_bell___healthy_067195.jpg",Bell_Pepper_Healthy,val
train/Grape_Black_rot/PlantVillage_train_PlantVillage_train_Grape___Black_rot_028430.jpg,Grape_Black_rot,train
train/Soybean_healthy/PlantVillage_train_PlantVillage_train_Soybean___healthy_041614.jpg,Soybean_healthy,train
train/Rice_Healthy/rice-leaf-disease-riceguard_train_rice-leaf-disease-riceguard_train_healthy_079953.jpeg,Rice_Healthy,train
train/Cassava_Bacterial_Blight/Cassava_train_Cassava_train_cbb_013916.jpg,Cassava_Bacterial_Blight,train
train/Orange_Haunglongbing_(Citrus_greening)/PlantVillage_train_PlantVillage_train_Orange___Haunglongbing_(Citrus_greening)_034091.jpg,Orange_Haunglongbing_(Citrus_greening),train
train/Apple_Scab/plantDoc_train_plantDoc_train_Apple_Scab_Leaf_019589.jpg,Apple_Scab,train
train/Tomato_Mosaic_Virus/PlantVillage_train_PlantVillage_train_Tomato___Tomato_mosaic_virus_058553.jpg,Tomato_Mosaic_Virus,train
"test/Bell_Pepper_Healthy/PlantVillage_test_PlantVillage_train_Pepper,_bell___healthy_038962.jpg",Bell_Pepper_Healthy,test
train/Strawberry_Leaf_scorch/PlantVillage_train_PlantVillage_train_Strawberry___Leaf_scorch_048087.jpg,Strawberry_Leaf_scorch,train
train/Cherry_(including_sour)_healthy/PlantVillage_train_PlantVillage_train_Cherry_(including_sour)___healthy_023386.jpg,Cherry_(including_sour)_healthy,train
train/Apple_Cedar_Apple_Rust/Apple_Disease_Dataset_train_Apple_Disease_Dataset_train_Apple___Cedar_apple_rust_007038.jpg,Apple_Cedar_Apple_Rust,train
val/Tomato_Septoria_Leaf_Spot/PlantVillage_val_PlantVillage_val_Tomato___Septoria_leaf_spot_071312.jpg,Tomato_Septoria_Leaf_Spot,val
test/Grape_Esca_(Black_Measles)/PlantVillage_test_PlantVillage_train_Grape___Esca_(Black_Measles)_028846.jpg,Grape_Esca_(Black_Measles),test
train/Apple_Scab/Apple_Disease_Dataset_train_Apple_Disease_Dataset_train_Apple___Apple_scab_003397.jpg,Apple_Scab,train
test/Rice_Insect_Damage/rice-leaf-disease-riceguard_test_rice-leaf-disease-riceguard_test_insect_074640.jpeg,Rice_Insect_Damage,test
train/Potato_Late_Blight/plantDoc_train_plantDoc_train_Potato_leaf_late_blight_020790.jpg,Potato_Late_Blight,train
train/Tomato_Yellow_Leaf_Curl_Virus/PlantVillage_train_PlantVillage_train_Tomato___Tomato_Yellow_Leaf_Curl_Virus_062638.jpg,Tomato_Yellow_Leaf_Curl_Virus,train
val/Tomato_Late_Blight/PlantVillage_val_PlantVillage_val_Tomato___Late_blight_070491.jpg,Tomato_Late_Blight,val
val/Tomato_Bacterial_Spot/PlantVillage_val_PlantVillage_val_Tomato___Bacterial_spot_069746.jpg,Tomato_Bacterial_Spot,val
train/Tomato_Septoria_Leaf_Spot/PlantVillage_train_PlantVillage_train_Tomato___Septoria_leaf_spot_055591.jpg,Tomato_Septoria_Leaf_Spot,train
train/Blueberry_healthy/PlantVillage_train_PlantVillage_train_Blueberry___healthy_022691.jpg,Blueberry_healthy,train
val/Blueberry_healthy/PlantVillage_val_PlantVillage_val_Blueberry___healthy_063017.jpg,Blueberry_healthy,val
train/Potato_Late_Blight/plantDoc_train_plantDoc_train_Potato_leaf_late_blight_020639.jpg,Potato_Late_Blight,train
train/Tomato_Mosaic_Virus/PlantVillage_train_PlantVillage_train_Tomato___Tomato_mosaic_virus_058360.jpg,Tomato_Mosaic_Virus,train
train/Corn_(maize)_healthy/PlantVillage_train_PlantVillage_train_Corn_(maize)___healthy_026169.jpg,Corn_(maize)_healthy,train
train/Grape_healthy/PlantVillage_train_PlantVillage_train_Grape___healthy_029921.jpg,Grape_healthy,train
train/Tomato_Healthy/PlantVillage_train_PlantVillage_train_Tomato___healthy_051793.jpg,Tomato_Healthy,train
train/Apple_Healthy/Apple_Disease_Dataset_train_Apple_Disease_Dataset_train_Apple___healthy_009001.jpg,Apple_Healthy,train
train/Corn_leaf_blight/plantDoc_train_plantDoc_train_Corn_leaf_blight_020095.jpg,Corn_leaf_blight,train
val/Tomato_Septoria_Leaf_Spot/PlantVillage_val_PlantVillage_val_Tomato___Septoria_leaf_spot_071153.jpg,Tomato_Septoria_Leaf_Spot,val
val/Apple_Black_Rot/Apple_Disease_Dataset_val_Apple_Disease_Dataset_train_Apple___Black_rot_005640.jpg,Apple_Black_Rot,val
train/Cassava_Healthy/Cassava_train_Cassava_train_healthy_018893.jpg,Cassava_Healthy,train
train/Rice_Healthy/rice-leaf-disease-riceguard_train_rice-leaf-disease-riceguard_train_healthy_080041.jpeg,Rice_Healthy,train
test/Peach_leaf/plantDoc_test_plantDoc_test_Peach_leaf_019211.jpg,Peach_leaf,test
train/Grape_Black_rot/PlantVillage_train_PlantVillage_train_Grape___Black_rot_028072.jpg,Grape_Black_rot,train
test/Rice_Tungro/rice-leaf-disease-riceguard_test_rice-leaf-disease-riceguard_test_tungro_075667.jpeg,Rice_Tungro,test
val/grape_leaf_black_rot/plantDoc_val_plantDoc_train_grape_leaf_black_rot_020330.jpg,grape_leaf_black_rot,val
train/Rice_Healthy/rice-leaf-disease-riceguard_train_rice-leaf-disease-riceguard_train_healthy_082198.jpeg,Rice_Healthy,train
test/Rice_Tungro/rice-leaf-disease-riceguard_test_rice-leaf-disease-riceguard_test_tungro_075741.jpeg,Rice_Tungro,test
train/Rice_Blast/rice-leaf-disease-riceguard_train_rice-leaf-disease-riceguard_train_blast_076485.jpeg,Rice_Blast,train
val/Tomato_Spider_Mites/PlantVillage_val_PlantVillage_val_Tomato___Spider_mites Two-spotted_spider_mite_071566.jpg,Tomato_Spider_Mites,val
val/Tomato_Septoria_Leaf_Spot/PlantVillage_val_PlantVillage_val_Tomato___Septoria_leaf_spot_071055.jpg,Tomato_Septoria_Leaf_Spot,val
train/Raspberry_healthy/PlantVillage_train_PlantVillage_train_Raspberry___healthy_041376.jpg,Raspberry_healthy,train
train/Peach_Bacterial_spot/PlantVillage_train_PlantVillage_train_Peach___Bacterial_spot_036093.jpg,Peach_Bacterial_spot,train
test/Tomato_Spider_Mites/PlantVillage_test_PlantVillage_train_Tomato___Spider_mites Two-spotted_spider_mite_056440.jpg,Tomato_Spider_Mites,test
train/Tomato_Yellow_Leaf_Curl_Virus/PlantVillage_train_PlantVillage_train_Tomato___Tomato_Yellow_Leaf_Curl_Virus_061897.jpg,Tomato_Yellow_Leaf_Curl_Virus,train
train/Tomato_Leaf_Mold/PlantVillage_train_PlantVillage_train_Tomato___Leaf_Mold_054353.jpg,Tomato_Leaf_Mold,train
train/Tomato_Healthy/PlantVillage_train_PlantVillage_train_Tomato___healthy_051817.jpg,Tomato_Healthy,train
val/Strawberry_Leaf_scorch/PlantVillage_val_PlantVillage_val_Strawberry___Leaf_scorch_069444.jpg,Strawberry_Leaf_scorch,val
test/Rice_Healthy/rice-leaf-disease-riceguard_test_rice-leaf-disease-riceguard_test_healthy_074218.jpeg,Rice_Healthy,test
train/Tomato_Spider_Mites/PlantVillage_train_PlantVillage_train_Tomato___Spider_mites Two-spotted_spider_mite_055971.jpg,Tomato_Spider_Mites,train
test/Tomato_Septoria_Leaf_Spot/PlantVillage_test_PlantVillage_train_Tomato___Septoria_leaf_spot_055415.jpg,Tomato_Septoria_Leaf_Spot,test
test/Rice_Healthy/rice-leaf-disease-riceguard_test_rice-leaf-disease-riceguard_test_healthy_074242.jpeg,Rice_Healthy,test
train/Rice_Tungro/rice-leaf-disease-riceguard_train_rice-leaf-disease-riceguard_train_tungro_087954.jpeg,Rice_Tungro,train
val/Tomato_Healthy/PlantVillage_val_PlantVillage_val_Tomato___healthy_070200.jpg,Tomato_Healthy,val
train/Grape_Esca_(Black_Measles)/PlantVillage_train_PlantVillage_train_Grape___Esca_(Black_Measles)_029799.jpg,Grape_Esca_(Black_Measles),train
val/Tomato_Yellow_Leaf_Curl_Virus/PlantVillage_val_PlantVillage_val_Tomato___Tomato_Yellow_Leaf_Curl_Virus_072087.jpg,Tomato_Yellow_Leaf_Curl_Virus,val
train/Cassava_Bacterial_Blight/Cassava_train_Cassava_train_cbb_013528.jpg,Cassava_Bacterial_Blight,train
train/Peach_leaf/plantDoc_train_plantDoc_train_Peach_leaf_020422.jpg,Peach_leaf,train
train/Tomato_Yellow_Leaf_Curl_Virus/PlantVillage_train_PlantVillage_train_Tomato___Tomato_Yellow_Leaf_Curl_Virus_060327.jpg,Tomato_Yellow_Leaf_Curl_Virus,train
train/Corn_Gray_leaf_spot/plantDoc_train_plantDoc_train_Corn_Gray_leaf_spot_019896.jpg,Corn_Gray_leaf_spot,train
train/Cassava_Brown_Streak_Disease/Cassava_train_Cassava_train_cbsd_015318.jpg,Cassava_Brown_Streak_Disease,train
train/Soybean_healthy/PlantVillage_train_PlantVillage_train_Soybean___healthy_042785.jpg,Soybean_healthy,train
train/Tomato_Late_Blight/PlantVillage_train_PlantVillage_train_Tomato___Late_blight_052295.jpg,Tomato_Late_Blight,train
train/Rice_Leaf_Folder/rice-leaf-disease-riceguard_train_rice-leaf-disease-riceguard_train_leaf_folder_085504.jpeg,Rice_Leaf_Folder,train
train/Apple_Black_Rot/Apple_Disease_Dataset_train_Apple_Disease_Dataset_train_Apple___Black_rot_004420.jpg,Apple_Black_Rot,train
train/Grape_Leaf_blight_(Isariopsis_Leaf_Spot)/PlantVillage_train_PlantVillage_train_Grape___Leaf_blight_(Isariopsis_Leaf_Spot)_030617.jpg,Grape_Leaf_blight_(Isariopsis_Leaf_Spot),train
val/Orange_Haunglongbing_(Citrus_greening)/PlantVillage_val_PlantVillage_val_Orange___Haunglongbing_(Citrus_greening)_066046.jpg,Orange_Haunglongbing_(Citrus_greening),val
train/Corn_(maize)_Common_rust_/PlantVillage_train_PlantVillage_train_Corn_(maize)___Common_rust__025488.jpg,Corn_(maize)_Common_rust_,train
train/Rice_Healthy/rice-leaf-disease-riceguard_train_rice-leaf-disease-riceguard_train_healthy_080046.jpeg,Rice_Healthy,train
train/Peach_healthy/PlantVillage_train_PlantVillage_train_Peach___healthy_037503.jpg,Peach_healthy,train
train/Tomato_Spider_Mites/PlantVillage_train_PlantVillage_train_Tomato___Spider_mites Two-spotted_spider_mite_056504.jpg,Tomato_Spider_Mites,train
train/grape_leaf/plantDoc_train_plantDoc_train_grape_leaf_020212.jpg,grape_leaf,train
train/Peach_healthy/PlantVillage_train_PlantVillage_train_Peach___healthy_037326.jpg,Peach_healthy,train
val/Rice_Insect_Damage/rice-leaf-disease-riceguard_val_rice-leaf-disease-riceguard_val_insect_090381.jpeg,Rice_Insect_Damage,val
train/Grape_healthy/PlantVillage_train_PlantVillage_train_Grape___healthy_030029.jpg,Grape_healthy,train
"train/Bell_Pepper_Bacterial_Spot/PlantVillage_train_PlantVillage_train_Pepper,_bell___Bacterial_spot_037676.jpg",Bell_Pepper_Bacterial_Spot,train
train/Soybean_healthy/PlantVillage_train_PlantVillage_train_Soybean___healthy_042054.jpg,Soybean_healthy,train
train/Rice_Insect_Damage/rice-leaf-disease-riceguard_train_rice-leaf-disease-riceguard_train_insect_083288.jpeg,Rice_Insect_Damage,train
train/Soybean_healthy/PlantVillage_train_PlantVillage_train_Soybean___healthy_041731.jpg,Soybean_healthy,train
val/Cherry_(including_sour)_Powdery_mildew/PlantVillage_val_PlantVillage_val_Cherry_(including_sour)___Powdery_mildew_063560.jpg,Cherry_(including_sour)_Powdery_mildew,val
train/Rice_Healthy/rice-leaf-disease-riceguard_train_rice-leaf-disease-riceguard_train_healthy_082009.jpeg,Rice_Healthy,train
train/Tomato_Septoria_Leaf_Spot/plantDoc_train_plantDoc_train_Tomato_Septoria_leaf_spot_021952.jpg,Tomato_Septoria_Leaf_Spot,train
train/Rice_Insect_Damage/rice-leaf-disease-riceguard_train_rice-leaf-disease-riceguard_train_insect_083901.jpeg,Rice_Insect_Damage,train
train/Rice_Bacterial_Leaf_Stripe/rice-leaf-disease-riceguard_train_rice-leaf-disease-riceguard_train_stripes_086044.jpeg,Rice_Bacterial_Leaf_Stripe,train
test/Rice_Leaf_Folder/rice-leaf-disease-riceguard_test_rice-leaf-disease-riceguard_test_leaf_folder_075234.jpg,Rice_Leaf_Folder,test
"val/Bell_Pepper_Healthy/PlantVillage_val_PlantVillage_val_Pepper,_bell___healthy_067255.jpg",Bell_Pepper_Healthy,val
train/grape_leaf/plantDoc_train_plantDoc_train_grape_leaf_020250.jpg,grape_leaf,train
train/Grape_Esca_(Black_Measles)/PlantVillage_train_PlantVillage_train_Grape___Esca_(Black_Measles)_028988.jpg,Grape_Esca_(Black_Measles),train
val/Tomato_Target_Spot/PlantVillage_val_PlantVillage_val_Tomato___Target_Spot_071804.jpg,Tomato_Target_Spot,val
train/Strawberry_healthy/PlantVillage_train_PlantVillage_train_Strawberry___healthy_047305.jpg,Strawberry_healthy,train
train/Tomato_Healthy/PlantVillage_train_PlantVillage_train_Tomato___healthy_051137.jpg,Tomato_Healthy,train
val/Rice_Tungro/rice-leaf-disease-riceguard_val_rice-leaf-disease-riceguard_val_tungro_091394.jpeg,Rice_Tungro,val
train/Cassava_Brown_Streak_Disease/Cassava_train_Cassava_train_cbsd_015346.jpg,Cassava_Brown_Streak_Disease,train
train/Rice_Blast/rice-leaf-disease-riceguard_train_rice-leaf-disease-riceguard_train_blast_076877.jpeg,Rice_Blast,train
train/Cassava_Mosaic_Disease/Cassava_train_Cassava_train_cmd_017491.jpg,Cassava_Mosaic_Disease,train
train/Rice_Scald/rice-leaf-disease-riceguard_train_rice-leaf-disease-riceguard_train_scald_085953.jpg,Rice_Scald,train
test/Apple_Scab/Apple_Disease_Dataset_test_Apple_Disease_Dataset_test_Apple___Apple_scab_000498.jpg,Apple_Scab,test
val/Cherry_(including_sour)_Powdery_mildew/PlantVillage_val_PlantVillage_val_Cherry_(including_sour)___Powdery_mildew_063533.jpg,Cherry_(including_sour)_Powdery_mildew,val
train/Rice_Healthy/rice-leaf-disease-riceguard_train_rice-leaf-disease-riceguard_train_healthy_080824.jpeg,Rice_Healthy,train
test/Rice_Insect_Damage/rice-leaf-disease-riceguard_test_rice-leaf-disease-riceguard_test_insect_074806.jpeg,Rice_Insect_Damage,test
train/Corn_(maize)_Cercospora_leaf_spot_Gray_leaf_spot/PlantVillage_train_PlantVillage_train_Corn_(maize)___Cercospora_leaf_spot Gray_leaf_spot_025023.jpg,Corn_(maize)_Cercospora_leaf_spot_Gray_leaf_spot,train
train/Rice_Healthy/rice-leaf-disease-riceguard_train_rice-leaf-disease-riceguard_train_healthy_079684.jpeg,Rice_Healthy,train
test/Peach_Bacterial_spot/PlantVillage_test_PlantVillage_train_Peach___Bacterial_spot_037034.jpg,Peach_Bacterial_spot,test
test/Strawberry_Leaf_scorch/PlantVillage_test_PlantVillage_train_Strawberry___Leaf_scorch_048305.jpg,Strawberry_Leaf_scorch,test
val/Soybean_healthy/PlantVillage_val_PlantVillage_val_Soybean___healthy_067943.jpg,Soybean_healthy,val
train/Corn_(maize)_Cercospora_leaf_spot_Gray_leaf_spot/PlantVillage_train_PlantVillage_train_Corn_(maize)___Cercospora_leaf_spot Gray_leaf_spot_024799.jpg,Corn_(maize)_Cercospora_leaf_spot_Gray_leaf_spot,train
val/Rice_Blast/rice-leaf-disease-riceguard_val_rice-leaf-disease-riceguard_val_blast_089587.jpg,Rice_Blast,val
train/Apple_Healthy/Apple_Disease_Dataset_train_Apple_Disease_Dataset_train_Apple___healthy_008801.jpg,Apple_Healthy,train
test/Orange_Haunglongbing_(Citrus_greening)/PlantVillage_test_PlantVillage_train_Orange___Haunglongbing_(Citrus_greening)_031868.jpg,Orange_Haunglongbing_(Citrus_greening),test
train/Rice_Blast/rice-leaf-disease-riceguard_train_rice-leaf-disease-riceguard_train_blast_076139.jpeg,Rice_Blast,train
train/Squash_Powdery_mildew_leaf/plantDoc_train_plantDoc_train_Squash_Powdery_mildew_leaf_020978.jpg,Squash_Powdery_mildew_leaf,train
val/Tomato_Bacterial_Spot/PlantVillage_val_PlantVillage_val_Tomato___Bacterial_spot_069569.jpg,Tomato_Bacterial_Spot,val
train/Grape_Black_rot/PlantVillage_train_PlantVillage_train_Grape___Black_rot_028498.jpg,Grape_Black_rot,train
train/Cherry_(including_sour)_Powdery_mildew/PlantVillage_train_PlantVillage_train_Cherry_(including_sour)___Powdery_mildew_024259.jpg,Cherry_(including_sour)_Powdery_mildew,train
val/Grape_healthy/PlantVillage_val_PlantVillage_val_Grape___healthy_064894.jpg,Grape_healthy,val
train/Soybean_healthy/PlantVillage_train_PlantVillage_train_Soybean___healthy_045325.jpg,Soybean_healthy,train
train/Rice_Leaf_Folder/rice-leaf-disease-riceguard_train_rice-leaf-disease-riceguard_train_leaf_folder_084466.jpeg,Rice_Leaf_Folder,train
train/Rice_Blast/rice-leaf-disease-riceguard_train_rice-leaf-disease-riceguard_train_blast_077334.jpeg,Rice_Blast,train
test/Rice_Scald/rice-leaf-disease-riceguard_test_rice-leaf-disease-riceguard_test_scald_075295.jpg,Rice_Scald,test
train/Corn_(maize)_Northern_Leaf_Blight/PlantVillage_train_PlantVillage_train_Corn_(maize)___Northern_Leaf_Blight_027695.jpg,Corn_(maize)_Northern_Leaf_Blight,train
train/Apple_Scab/Apple_Disease_Dataset_train_Apple_Disease_Dataset_train_Apple___Apple_scab_003388.jpg,Apple_Scab,train
train/Peach_healthy/PlantVillage_train_PlantVillage_train_Peach___healthy_037570.jpg,Peach_healthy,train
train/Apple_Scab/Apple_Disease_Dataset_train_Apple_Disease_Dataset_train_Apple___Apple_scab_003624.jpg,Apple_Scab,train
train/Strawberry_Leaf_scorch/PlantVillage_train_PlantVillage_train_Strawberry___Leaf_scorch_047966.jpg,Strawberry_Leaf_scorch,train
val/Tomato_Mosaic_Virus/PlantVillage_val_PlantVillage_val_Tomato___Tomato_mosaic_virus_071984.jpg,Tomato_Mosaic_Virus,val
train/Squash_Powdery_mildew/PlantVillage_train_PlantVillage_train_Squash___Powdery_mildew_047118.jpg,Squash_Powdery_mildew,train
test/Apple_Black_Rot/Apple_Disease_Dataset_test_Apple_Disease_Dataset_test_Apple___Black_rot_000828.jpg,Apple_Black_Rot,test
train/Rice_Bacterial_Leaf_Stripe/rice-leaf-disease-riceguard_train_rice-leaf-disease-riceguard_train_stripes_086633.jpeg,Rice_Bacterial_Leaf_Stripe,train
train/Cassava_Healthy/Cassava_train_Cassava_train_healthy_019032.jpg,Cassava_Healthy,train
test/Apple_Healthy/Apple_Disease_Dataset_test_Apple_Disease_Dataset_test_Apple___healthy_001520.jpg,Apple_Healthy,test
train/Rice_Leaf_Folder/rice-leaf-disease-riceguard_train_rice-leaf-disease-riceguard_train_leaf_folder_084422.jpeg,Rice_Leaf_Folder,train
test/Apple_Scab/Apple_Disease_Dataset_test_Apple_Disease_Dataset_test_Apple___Apple_scab_000132.jpg,Apple_Scab,test
train/Tomato_Target_Spot/PlantVillage_train_PlantVillage_train_Tomato___Target_Spot_057777.jpg,Tomato_Target_Spot,train
train/Grape_Esca_(Black_Measles)/PlantVillage_train_PlantVillage_train_Grape___Esca_(Black_Measles)_029657.jpg,Grape_Esca_(Black_Measles),train
train/Tomato_Early_Blight/PlantVillage_train_PlantVillage_train_Tomato___Early_blight_050453.jpg,Tomato_Early_Blight,train
train/Tomato_Yellow_Leaf_Curl_Virus/PlantVillage_train_PlantVillage_train_Tomato___Tomato_Yellow_Leaf_Curl_Virus_062396.jpg,Tomato_Yellow_Leaf_Curl_Virus,train
val/Tomato_Leaf_Mold/PlantVillage_val_PlantVillage_val_Tomato___Leaf_Mold_070935.jpg,Tomato_Leaf_Mold,val
train/Rice_Leaf_Folder/rice-leaf-disease-riceguard_train_rice-leaf-disease-riceguard_train_leaf_folder_084755.jpeg,Rice_Leaf_Folder,train
train/Grape_Leaf_blight_(Isariopsis_Leaf_Spot)/PlantVillage_train_PlantVillage_train_Grape___Leaf_blight_(Isariopsis_Leaf_Spot)_030689.jpg,Grape_Leaf_blight_(Isariopsis_Leaf_Spot),train
train/Tomato_Target_Spot/PlantVillage_train_PlantVillage_train_Tomato___Target_Spot_058107.jpg,Tomato_Target_Spot,train
train/Grape_Esca_(Black_Measles)/PlantVillage_train_PlantVillage_train_Grape___Esca_(Black_Measles)_028848.jpg,Grape_Esca_(Black_Measles),train
train/Tomato_Yellow_Leaf_Curl_Virus/PlantVillage_train_PlantVillage_train_Tomato___Tomato_Yellow_Leaf_Curl_Virus_062533.jpg,Tomato_Yellow_Leaf_Curl_Virus,train
val/Rice_Blast/rice-leaf-disease-riceguard_val_rice-leaf-disease-riceguard_val_blast_088964.jpeg,Rice_Blast,val
"train/Bell_Pepper_Bacterial_Spot/PlantVillage_train_PlantVillage_train_Pepper,_bell___Bacterial_spot_037765.jpg",Bell_Pepper_Bacterial_Spot,train
train/Cassava_Brown_Streak_Disease/Cassava_train_Cassava_train_cbsd_015090.jpg,Cassava_Brown_Streak_Disease,train
train/Tomato_Late_Blight/PlantVillage_train_PlantVillage_train_Tomato___Late_blight_052900.jpg,Tomato_Late_Blight,train
train/Squash_Powdery_mildew/PlantVillage_train_PlantVillage_train_Squash___Powdery_mildew_046534.jpg,Squash_Powdery_mildew,train
train/Peach_Bacterial_spot/PlantVillage_train_PlantVillage_train_Peach___Bacterial_spot_036849.jpg,Peach_Bacterial_spot,train
train/Potato_Late_Blight/PlantVillage_train_PlantVillage_train_Potato___Late_blight_041229.jpg,Potato_Late_Blight,train
train/Potato_Late_Blight/plantDoc_train_plantDoc_train_Potato_leaf_late_blight_020685.jpg,Potato_Late_Blight,train
"train/Bell_Pepper_Bacterial_Spot/PlantVillage_train_PlantVillage_train_Pepper,_bell___Bacterial_spot_038019.jpg",Bell_Pepper_Bacterial_Spot,train
test/Rice_Blast/rice-leaf-disease-riceguard_test_rice-leaf-disease-riceguard_test_blast_073890.jpg,Rice_Blast,test
test/Rice_Leaf_Folder/rice-leaf-disease-riceguard_test_rice-leaf-disease-riceguard_test_leaf_folder_074997.jpeg,Rice_Leaf_Folder,test
test/Tomato_Healthy/PlantVillage_test_PlantVillage_train_Tomato___healthy_052099.jpg,Tomato_Healthy,test
val/Cherry_(including_sour)_healthy/PlantVillage_val_PlantVillage_val_Cherry_(including_sour)___healthy_063327.jpg,Cherry_(including_sour)_healthy,val
train/Cherry_(including_sour)_Powdery_mildew/PlantVillage_train_PlantVillage_train_Cherry_(including_sour)___Powdery_mildew_023982.jpg,Cherry_(including_sour)_Powdery_mildew,train
train/Orange_Haunglongbing_(Citrus_greening)/PlantVillage_train_PlantVillage_train_Orange___Haunglongbing_(Citrus_greening)_033873.jpg,Orange_Haunglongbing_(Citrus_greening),train
train/Soyabean_leaf/plantDoc_train_plantDoc_train_Soyabean_leaf_020936.jpg,Soyabean_leaf,train
val/Tomato_Bacterial_Spot/PlantVillage_val_PlantVillage_val_Tomato___Bacterial_spot_069872.jpg,Tomato_Bacterial_Spot,val
train/Tomato_Target_Spot/PlantVillage_train_PlantVillage_train_Tomato___Target_Spot_057472.jpg,Tomato_Target_Spot,train
train/Apple_Scab/Apple_Disease_Dataset_train_Apple_Disease_Dataset_train_Apple___Apple_scab_002343.jpg,Apple_Scab,train
train/Squash_Powdery_mildew_leaf/plantDoc_train_plantDoc_train_Squash_Powdery_mildew_leaf_021034.jpg,Squash_Powdery_mildew_leaf,train
val/Rice_Insect_Damage/rice-leaf-disease-riceguard_val_rice-leaf-disease-riceguard_val_insect_090395.jpeg,Rice_Insect_Damage,val
val/Soybean_healthy/PlantVillage_val_PlantVillage_val_Soybean___healthy_068332.jpg,Soybean_healthy,val
val/Orange_Haunglongbing_(Citrus_greening)/PlantVillage_val_PlantVillage_val_Orange___Haunglongbing_(Citrus_greening)_065704.jpg,Orange_Haunglongbing_(Citrus_greening),val
train/Corn_Gray_leaf_spot/plantDoc_train_plantDoc_train_Corn_Gray_leaf_spot_019872.jpg,Corn_Gray_leaf_spot,train
val/Rice_Insect_Damage/rice-leaf-disease-riceguard_val_rice-leaf-disease-riceguard_val_insect_090465.jpeg,Rice_Insect_Damage,val
train/Potato_Late_Blight/PlantVillage_train_PlantVillage_train_Potato___Late_blight_040535.jpg,Potato_Late_Blight,train
train/Corn_(maize)_Northern_Leaf_Blight/PlantVillage_train_PlantVillage_train_Corn_(maize)___Northern_Leaf_Blight_027584.jpg,Corn_(maize)_Northern_Leaf_Blight,train
train/Rice_Healthy/rice-leaf-disease-riceguard_train_rice-leaf-disease-riceguard_train_healthy_080000.jpeg,Rice_Healthy,train
val/Cassava_Mosaic_Disease/Cassava_val_Cassava_train_cmd_017984.jpg,Cassava_Mosaic_Disease,val
train/Corn_(maize)_healthy/PlantVillage_train_PlantVillage_train_Corn_(maize)___healthy_026698.jpg,Corn_(maize)_healthy,train
train/Rice_Tungro/rice-leaf-disease-riceguard_train_rice-leaf-disease-riceguard_train_tungro_087523.jpeg,Rice_Tungro,train
train/Tomato_Early_Blight/PlantVillage_train_PlantVillage_train_Tomato___Early_blight_050611.jpg,Tomato_Early_Blight,train
train/Tomato_Early_Blight/PlantVillage_train_PlantVillage_train_Tomato___Early_blight_050548.jpg,Tomato_Early_Blight,train
train/Apple_Cedar_Apple_Rust/Apple_Disease_Dataset_train_Apple_Disease_Dataset_train_Apple___Cedar_apple_rust_007609.jpg,Apple_Cedar_Apple_Rust,train
train/Rice_Healthy/rice-leaf-disease-riceguard_train_rice-leaf-disease-riceguard_train_healthy_082578.jpg,Rice_Healthy,train
train/Rice_Tungro/rice-leaf-disease-riceguard_train_rice-leaf-disease-riceguard_train_tungro_088561.jpeg,Rice_Tungro,train
"train/Bell_Pepper_Healthy/PlantVillage_train_PlantVillage_train_Pepper,_bell___healthy_039108.jpg",Bell_Pepper_Healthy,train
train/Blueberry_healthy/PlantVillage_train_PlantVillage_train_Blueberry___healthy_022783.jpg,Blueberry_healthy,train
val/Orange_Haunglongbing_(Citrus_greening)/PlantVillage_val_PlantVillage_val_Orange___Haunglongbing_(Citrus_greening)_066024.jpg,Orange_Haunglongbing_(Citrus_greening),val
train/Grape_Black_rot/PlantVillage_train_PlantVillage_train_Grape___Black_rot_028038.jpg,Grape_Black_rot,train
train/Cassava_Mosaic_Disease/Cassava_train_Cassava_train_cmd_016776.jpg,Cassava_Mosaic_Disease,train
train/Tomato_Target_Spot/PlantVillage_train_PlantVillage_train_Tomato___Target_Spot_057715.jpg,Tomato_Target_Spot,train
val/Rice_Bacterial_Leaf_Stripe/rice-leaf-disease-riceguard_val_rice-leaf-disease-riceguard_val_stripes_091329.jpg,Rice_Bacterial_Leaf_Stripe,val
train/Tomato_Late_Blight/PlantVillage_train_PlantVillage_train_Tomato___Late_blight_053444.jpg,Tomato_Late_Blight,train
test/Corn_(maize)_Northern_Leaf_Blight/PlantVillage_test_PlantVillage_train_Corn_(maize)___Northern_Leaf_Blight_027151.jpg,Corn_(maize)_Northern_Leaf_Blight,test
train/Apple_Healthy/Apple_Disease_Dataset_train_Apple_Disease_Dataset_train_Apple___healthy_008839.jpg,Apple_Healthy,train
train/Corn_(maize)_healthy/PlantVillage_train_PlantVillage_train_Corn_(maize)___healthy_026335.jpg,Corn_(maize)_healthy,train
test/Rice_Blast/rice-leaf-disease-riceguard_test_rice-leaf-disease-riceguard_test_blast_073557.jpeg,Rice_Blast,test
train/Tomato_Septoria_Leaf_Spot/PlantVillage_train_PlantVillage_train_Tomato___Septoria_leaf_spot_054827.jpg,Tomato_Septoria_Leaf_Spot,train
"val/Bell_Pepper_Healthy/PlantVillage_val_PlantVillage_val_Pepper,_bell___healthy_067094.jpg",Bell_Pepper_Healthy,val
test/Grape_Black_rot/PlantVillage_test_PlantVillage_train_Grape___Black_rot_027822.jpg,Grape_Black_rot,test
test/Tomato_Healthy/PlantVillage_test_PlantVillage_train_Tomato___healthy_051442.jpg,Tomato_Healthy,test
train/Soyabean_leaf/plantDoc_train_plantDoc_train_Soyabean_leaf_020969.jpg,Soyabean_leaf,train
train/Tomato_Spider_Mites/PlantVillage_train_PlantVillage_train_Tomato___Spider_mites Two-spotted_spider_mite_057105.jpg,Tomato_Spider_Mites,train
train/Tomato_Yellow_Leaf_Curl_Virus/PlantVillage_train_PlantVillage_train_Tomato___Tomato_Yellow_Leaf_Curl_Virus_062650.jpg,Tomato_Yellow_Leaf_Curl_Virus,train
test/Corn_rust_leaf/plantDoc_test_plantDoc_test_Corn_rust_leaf_019177.jpg,Corn_rust_leaf,test
train/Soybean_healthy/PlantVillage_train_PlantVillage_train_Soybean___healthy_043246.jpg,Soybean_healthy,train
test/Cassava_Bacterial_Blight/Cassava_test_Cassava_train_cbb_013920.jpg,Cassava_Bacterial_Blight,test
"train/Bell_Pepper_Bacterial_Spot/PlantVillage_train_PlantVillage_train_Pepper,_bell___Bacterial_spot_038277.jpg",Bell_Pepper_Bacterial_Spot,train
train/Strawberry_Leaf_scorch/PlantVillage_train_PlantVillage_train_Strawberry___Leaf_scorch_047811.jpg,Strawberry_Leaf_scorch,train
train/Apple_Black_Rot/Apple_Disease_Dataset_train_Apple_Disease_Dataset_train_Apple___Black_rot_004431.jpg,Apple_Black_Rot,train
train/Rice_Insect_Damage/rice-leaf-disease-riceguard_train_rice-leaf-disease-riceguard_train_insect_083985.jpeg,Rice_Insect_Damage,train
val/Cherry_(including_sour)_Powdery_mildew/PlantVillage_val_PlantVillage_val_Cherry_(including_sour)___Powdery_mildew_063408.jpg,Cherry_(including_sour)_Powdery_mildew,val
train/Blueberry_leaf/plantDoc_train_plantDoc_train_Blueberry_leaf_019745.jpg,Blueberry_leaf,train
train/Rice_Tungro/rice-leaf-disease-riceguard_train_rice-leaf-disease-riceguard_train_tungro_088712.jpeg,Rice_Tungro,train
train/Tomato_Spider_Mites/PlantVillage_train_PlantVillage_train_Tomato___Spider_mites Two-spotted_spider_mite_055936.jpg,Tomato_Spider_Mites,train
train/Rice_Blast/rice-leaf-disease-riceguard_train_rice-leaf-disease-riceguard_train_blast_077930.jpeg,Rice_Blast,train
train/Soybean_healthy/PlantVillage_train_PlantVillage_train_Soybean___healthy_045148.jpg,Soybean_healthy,train
train/Cassava_Bacterial_Blight/Cassava_train_Cassava_train_cbb_013750.jpg,Cassava_Bacterial_Blight,train
train/Grape_Leaf_blight_(Isariopsis_Leaf_Spot)/PlantVillage_train_PlantVillage_train_Grape___Leaf_blight_(Isariopsis_Leaf_Spot)_030231.jpg,Grape_Leaf_blight_(Isariopsis_Leaf_Spot),train
val/Raspberry_healthy/PlantVillage_val_PlantVillage_val_Raspberry___healthy_067742.jpg,Raspberry_healthy,val
val/Apple_Cedar_Apple_Rust/Apple_Disease_Dataset_val_Apple_Disease_Dataset_train_Apple___Cedar_apple_rust_007173.jpg,Apple_Cedar_Apple_Rust,val
train/Cassava_Brown_Streak_Disease/Cassava_train_Cassava_train_cbsd_015010.jpg,Cassava_Brown_Streak_Disease,train
train/Tomato_Yellow_Leaf_Curl_Virus/PlantVillage_train_PlantVillage_train_Tomato___Tomato_Yellow_Leaf_Curl_Virus_062445.jpg,Tomato_Yellow_Leaf_Curl_Virus,train
train/Tomato_Septoria_Leaf_Spot/plantDoc_train_plantDoc_train_Tomato_Septoria_leaf_spot_021914.jpg,Tomato_Septoria_Leaf_Spot,train
train/Apple_Scab/Apple_Disease_Dataset_train_Apple_Disease_Dataset_train_Apple___Apple_scab_002792.jpg,Apple_Scab,train
train/Apple_Cedar_Apple_Rust/Apple_Disease_Dataset_train_Apple_Disease_Dataset_train_Apple___Cedar_apple_rust_007509.jpg,Apple_Cedar_Apple_Rust,train
"val/Bell_Pepper_Bacterial_Spot/PlantVillage_val_PlantVillage_val_Pepper,_bell___Bacterial_spot_066806.jpg",Bell_Pepper_Bacterial_Spot,val
val/Peach_Bacterial_spot/PlantVillage_val_PlantVillage_val_Peach___Bacterial_spot_066535.jpg,Peach_Bacterial_spot,val
train/Potato_Early_Blight/PlantVillage_train_PlantVillage_train_Potato___Early_blight_040074.jpg,Potato_Early_Blight,train
train/Rice_Bacterial_Leaf_Stripe/rice-leaf-disease-riceguard_train_rice-leaf-disease-riceguard_train_stripes_087115.jpeg,Rice_Bacterial_Leaf_Stripe,train
"train/Bell_Pepper_Healthy/PlantVillage_train_PlantVillage_train_Pepper,_bell___healthy_039138.jpg",Bell_Pepper_Healthy,train
train/Squash_Powdery_mildew/PlantVillage_train_PlantVillage_train_Squash___Powdery_mildew_045859.jpg,Squash_Powdery_mildew,train
train/Orange_Haunglongbing_(Citrus_greening)/PlantVillage_train_PlantVillage_train_Orange___Haunglongbing_(Citrus_greening)_033554.jpg,Orange_Haunglongbing_(Citrus_greening),train
train/Soyabean_leaf/plantDoc_train_plantDoc_train_Soyabean_leaf_020934.jpg,Soyabean_leaf,train
val/Cherry_(including_sour)_Powdery_mildew/PlantVillage_val_PlantVillage_val_Cherry_(including_sour)___Powdery_mildew_063438.jpg,Cherry_(including_sour)_Powdery_mildew,val
val/Orange_Haunglongbing_(Citrus_greening)/PlantVillage_val_PlantVillage_val_Orange___Haunglongbing_(Citrus_greening)_065460.jpg,Orange_Haunglongbing_(Citrus_greening),val
train/Potato_Healthy/PlantVillage_train_PlantVillage_train_Potato___healthy_040383.jpg,Potato_Healthy,train
test/Grape_Black_rot/PlantVillage_test_PlantVillage_train_Grape___Black_rot_028543.jpg,Grape_Black_rot,test
train/Tomato_Early_Blight/PlantVillage_train_PlantVillage_train_Tomato___Early_blight_050729.jpg,Tomato_Early_Blight,train
train/Tomato_Yellow_Leaf_Curl_Virus/PlantVillage_train_PlantVillage_train_Tomato___Tomato_Yellow_Leaf_Curl_Virus_061350.jpg,Tomato_Yellow_Leaf_Curl_Virus,train
val/Peach_Bacterial_spot/PlantVillage_val_PlantVillage_val_Peach___Bacterial_spot_066348.jpg,Peach_Bacterial_spot,val
"train/Bell_Pepper_Healthy/PlantVillage_train_PlantVillage_train_Pepper,_bell___healthy_039099.jpg",Bell_Pepper_Healthy,train
train/Soybean_healthy/PlantVillage_train_PlantVillage_train_Soybean___healthy_044751.jpg,Soybean_healthy,train
train/Tomato_Late_Blight/plantDoc_train_plantDoc_train_Tomato_leaf_late_blight_021485.jpg,Tomato_Late_Blight,train
train/Grape_Leaf_blight_(Isariopsis_Leaf_Spot)/PlantVillage_train_PlantVillage_train_Grape___Leaf_blight_(Isariopsis_Leaf_Spot)_030590.jpg,Grape_Leaf_blight_(Isariopsis_Leaf_Spot),train
train/Potato_Early_Blight/PlantVillage_train_PlantVillage_train_Potato___Early_blight_040268.jpg,Potato_Early_Blight,train
train/Rice_Tungro/rice-leaf-disease-riceguard_train_rice-leaf-disease-riceguard_train_tungro_088506.jpeg,Rice_Tungro,train
test/Tomato_Target_Spot/PlantVillage_test_PlantVillage_train_Tomato___Target_Spot_057723.jpg,Tomato_Target_Spot,test
val/Tomato_Yellow_Leaf_Curl_Virus/PlantVillage_val_PlantVillage_val_Tomato___Tomato_Yellow_Leaf_Curl_Virus_073106.jpg,Tomato_Yellow_Leaf_Curl_Virus,val
train/Tomato_Early_Blight/PlantVillage_train_PlantVillage_train_Tomato___Early_blight_050439.jpg,Tomato_Early_Blight,train
val/Orange_Haunglongbing_(Citrus_greening)/PlantVillage_val_PlantVillage_val_Orange___Haunglongbing_(Citrus_greening)_066058.jpg,Orange_Haunglongbing_(Citrus_greening),val
val/Potato_Healthy/PlantVillage_val_PlantVillage_val_Potato___healthy_067508.jpg,Potato_Healthy,val
train/Rice_Healthy/rice-leaf-disease-riceguard_train_rice-leaf-disease-riceguard_train_healthy_082484.jpg,Rice_Healthy,train
train/Tomato_Spider_Mites/PlantVillage_train_PlantVillage_train_Tomato___Spider_mites Two-spotted_spider_mite_056831.jpg,Tomato_Spider_Mites,train
test/Cherry_(including_sour)_healthy/PlantVillage_test_PlantVillage_train_Cherry_(including_sour)___healthy_023354.jpg,Cherry_(including_sour)_healthy,test
train/Orange_Haunglongbing_(Citrus_greening)/PlantVillage_train_PlantVillage_train_Orange___Haunglongbing_(Citrus_greening)_035171.jpg,Orange_Haunglongbing_(Citrus_greening),train
train/Apple_Healthy/Apple_Disease_Dataset_train_Apple_Disease_Dataset_train_Apple___healthy_009136.jpg,Apple_Healthy,train
train/Cassava_Mosaic_Disease/Cassava_train_Cassava_train_cmd_018498.jpg,Cassava_Mosaic_Disease,train
test/Tomato_Yellow_Leaf_Curl_Virus/PlantVillage_test_PlantVillage_train_Tomato___Tomato_Yellow_Leaf_Curl_Virus_059202.jpg,Tomato_Yellow_Leaf_Curl_Virus,test
test/Tomato_Healthy/PlantVillage_test_PlantVillage_train_Tomato___healthy_051097.jpg,Tomato_Healthy,test
train/Rice_Healthy/rice-leaf-disease-riceguard_train_rice-leaf-disease-riceguard_train_healthy_080270.jpeg,Rice_Healthy,train
test/Rice_Healthy/rice-leaf-disease-riceguard_test_rice-leaf-disease-riceguard_test_healthy_074553.jpg,Rice_Healthy,test
train/Tomato_Spider_Mites/PlantVillage_train_PlantVillage_train_Tomato___Spider_mites Two-spotted_spider_mite_056860.jpg,Tomato_Spider_Mites,train
train/Cherry_(including_sour)_healthy/PlantVillage_train_PlantVillage_train_Cherry_(including_sour)___healthy_023446.jpg,Cherry_(including_sour)_healthy,train
"val/Bell_Pepper_Healthy/PlantVillage_val_PlantVillage_val_Pepper,_bell___healthy_067078.jpg",Bell_Pepper_Healthy,val
train/Rice_Insect_Damage/rice-leaf-disease-riceguard_train_rice-leaf-disease-riceguard_train_insect_084358.jpg,Rice_Insect_Damage,train
test/Rice_Healthy/rice-leaf-disease-riceguard_test_rice-leaf-disease-riceguard_test_healthy_074240.jpeg,Rice_Healthy,test
train/Cherry_(including_sour)_healthy/PlantVillage_train_PlantVillage_train_Cherry_(including_sour)___healthy_023625.jpg,Cherry_(including_sour)_healthy,train
train/Apple_Healthy/Apple_Disease_Dataset_train_Apple_Disease_Dataset_train_Apple___healthy_009419.jpg,Apple_Healthy,train
train/Blueberry_healthy/PlantVillage_train_PlantVillage_train_Blueberry___healthy_022085.jpg,Blueberry_healthy,train
train/Cassava_Green_Mite/Cassava_train_Cassava_train_cgm_015672.jpg,Cassava_Green_Mite,train
train/Corn_(maize)_healthy/PlantVillage_train_PlantVillage_train_Corn_(maize)___healthy_026204.jpg,Corn_(maize)_healthy,train
train/Cherry_(including_sour)_Powdery_mildew/PlantVillage_train_PlantVillage_train_Cherry_(including_sour)___Powdery_mildew_024270.jpg,Cherry_(including_sour)_Powdery_mildew,train
train/Tomato_Septoria_Leaf_Spot/PlantVillage_train_PlantVillage_train_Tomato___Septoria_leaf_spot_055381.jpg,Tomato_Septoria_Leaf_Spot,train
train/Tomato_Target_Spot/PlantVillage_train_PlantVillage_train_Tomato___Target_Spot_058120.jpg,Tomato_Target_Spot,train
train/Potato_Early_Blight/PlantVillage_train_PlantVillage_train_Potato___Early_blight_039785.jpg,Potato_Early_Blight,train
train/Potato_Late_Blight/PlantVillage_train_PlantVillage_train_Potato___Late_blight_041136.jpg,Potato_Late_Blight,train
train/Soybean_healthy/PlantVillage_train_PlantVillage_train_Soybean___healthy_045032.jpg,Soybean_healthy,train
train/Rice_Blast/rice-leaf-disease-riceguard_train_rice-leaf-disease-riceguard_train_blast_078396.jpeg,Rice_Blast,train
train/Tomato_Target_Spot/PlantVillage_train_PlantVillage_train_Tomato___Target_Spot_057889.jpg,Tomato_Target_Spot,train
val/Soybean_healthy/PlantVillage_val_PlantVillage_val_Soybean___healthy_067911.jpg,Soybean_healthy,val
test/Grape_Esca_(Black_Measles)/PlantVillage_test_PlantVillage_train_Grape___Esca_(Black_Measles)_029416.jpg,Grape_Esca_(Black_Measles),test
train/Corn_Gray_leaf_spot/plantDoc_train_plantDoc_train_Corn_Gray_leaf_spot_019881.jpg,Corn_Gray_leaf_spot,train
train/Cassava_Mosaic_Disease/Cassava_train_Cassava_train_cmd_018486.jpg,Cassava_Mosaic_Disease,train
val/Soybean_healthy/PlantVillage_val_PlantVillage_val_Soybean___healthy_068014.jpg,Soybean_healthy,val
train/Rice_Blast/rice-leaf-disease-riceguard_train_rice-leaf-disease-riceguard_train_blast_076217.jpeg,Rice_Blast,train
val/Rice_Scald/rice-leaf-disease-riceguard_val_rice-leaf-disease-riceguard_val_scald_091033.jpg,Rice_Scald,val
train/Corn_(maize)_Northern_Leaf_Blight/PlantVillage_train_PlantVillage_train_Corn_(maize)___Northern_Leaf_Blight_027787.jpg,Corn_(maize)_Northern_Leaf_Blight,train
train/Rice_Bacterial_Leaf_Stripe/rice-leaf-disease-riceguard_train_rice-leaf-disease-riceguard_train_stripes_086919.jpeg,Rice_Bacterial_Leaf_Stripe,train
train/Cassava_Brown_Streak_Disease/Cassava_train_Cassava_train_cbsd_014565.jpg,Cassava_Brown_Streak_Disease,train
val/Rice_Blast/rice-leaf-disease-riceguard_val_rice-leaf-disease-riceguard_val_blast_089354.jpeg,Rice_Blast,val
val/Cassava_Healthy/Cassava_val_Cassava_train_healthy_018963.jpg,Cassava_Healthy,val
val/Potato_Healthy/PlantVillage_val_PlantVillage_val_Potato___healthy_067507.jpg,Potato_Healthy,val
train/Rice_Blast/rice-leaf-disease-riceguard_train_rice-leaf-disease-riceguard_train_blast_076927.jpeg,Rice_Blast,train
train/Grape_Esca_(Black_Measles)/PlantVillage_train_PlantVillage_train_Grape___Esca_(Black_Measles)_029673.jpg,Grape_Esca_(Black_Measles),train
train/Raspberry_healthy/PlantVillage_train_PlantVillage_train_Raspberry___healthy_041513.jpg,Raspberry_healthy,train
train/Soyabean_leaf/plantDoc_train_plantDoc_train_Soyabean_leaf_020947.jpg,Soyabean_leaf,train
train/Rice_Blast/rice-leaf-disease-riceguard_train_rice-leaf-disease-riceguard_train_blast_076865.jpeg,Rice_Blast,train
train/Grape_Esca_(Black_Measles)/PlantVillage_train_PlantVillage_train_Grape___Esca_(Black_Measles)_029750.jpg,Grape_Esca_(Black_Measles),train
val/Grape_Leaf_blight_(Isariopsis_Leaf_Spot)/PlantVillage_val_PlantVillage_val_Grape___Leaf_blight_(Isariopsis_Leaf_Spot)_065067.jpg,Grape_Leaf_blight_(Isariopsis_Leaf_Spot),val
train/Grape_Leaf_blight_(Isariopsis_Leaf_Spot)/PlantVillage_train_PlantVillage_train_Grape___Leaf_blight_(Isariopsis_Leaf_Spot)_030282.jpg,Grape_Leaf_blight_(Isariopsis_Leaf_Spot),train
train/Apple_Cedar_Apple_Rust/Apple_Disease_Dataset_train_Apple_Disease_Dataset_train_Apple___Cedar_apple_rust_007468.jpg,Apple_Cedar_Apple_Rust,train
train/Rice_Bacterial_Leaf_Stripe/rice-leaf-disease-riceguard_train_rice-leaf-disease-riceguard_train_stripes_086466.jpeg,Rice_Bacterial_Leaf_Stripe,train
train/Peach_leaf/plantDoc_train_plantDoc_train_Peach_leaf_020388.jpg,Peach_leaf,train
val/Corn_(maize)_healthy/PlantVillage_val_PlantVillage_val_Corn_(maize)___healthy_063939.jpg,Corn_(maize)_healthy,val
train/Tomato_Septoria_Leaf_Spot/PlantVillage_train_PlantVillage_train_Tomato___Septoria_leaf_spot_054750.jpg,Tomato_Septoria_Leaf_Spot,train
train/Apple_Cedar_Apple_Rust/Apple_Disease_Dataset_train_Apple_Disease_Dataset_train_Apple___Cedar_apple_rust_006733.jpg,Apple_Cedar_Apple_Rust,train
train/Strawberry_leaf/plantDoc_train_plantDoc_train_Strawberry_leaf_021111.jpg,Strawberry_leaf,train
train/Squash_Powdery_mildew/PlantVillage_train_PlantVillage_train_Squash___Powdery_mildew_045757.jpg,Squash_Powdery_mildew,train
train/Blueberry_healthy/PlantVillage_train_PlantVillage_train_Blueberry___healthy_022731.jpg,Blueberry_healthy,train
train/Tomato_Target_Spot/PlantVillage_train_PlantVillage_train_Tomato___Target_Spot_057765.jpg,Tomato_Target_Spot,train
train/grape_leaf/plantDoc_train_plantDoc_train_grape_leaf_020251.jpg,grape_leaf,train
val/Tomato_Late_Blight/plantDoc_val_plantDoc_train_Tomato_leaf_late_blight_021413.jpg,Tomato_Late_Blight,val
test/Cherry_(including_sour)_Powdery_mildew/PlantVillage_test_PlantVillage_train_Cherry_(including_sour)___Powdery_mildew_024122.jpg,Cherry_(including_sour)_Powdery_mildew,test
train/Peach_Bacterial_spot/PlantVillage_train_PlantVillage_train_Peach___Bacterial_spot_036490.jpg,Peach_Bacterial_spot,train
val/Peach_Bacterial_spot/PlantVillage_val_PlantVillage_val_Peach___Bacterial_spot_066723.jpg,Peach_Bacterial_spot,val
train/Squash_Powdery_mildew/PlantVillage_train_PlantVillage_train_Squash___Powdery_mildew_046898.jpg,Squash_Powdery_mildew,train
"train/Bell_Pepper_Healthy/PlantVillage_train_PlantVillage_train_Pepper,_bell___healthy_038584.jpg",Bell_Pepper_Healthy,train
train/Strawberry_healthy/PlantVillage_train_PlantVillage_train_Strawberry___healthy_047168.jpg,Strawberry_healthy,train
train/Squash_Powdery_mildew/PlantVillage_train_PlantVillage_train_Squash___Powdery_mildew_045716.jpg,Squash_Powdery_mildew,train
"train/Bell_Pepper_Healthy/PlantVillage_train_PlantVillage_train_Pepper,_bell___healthy_038617.jpg",Bell_Pepper_Healthy,train
val/Orange_Haunglongbing_(Citrus_greening)/PlantVillage_val_PlantVillage_val_Orange___Haunglongbing_(Citrus_greening)_066271.jpg,Orange_Haunglongbing_(Citrus_greening),val
val/Tomato_Spider_Mites/PlantVillage_val_PlantVillage_val_Tomato___Spider_mites Two-spotted_spider_mite_071564.jpg,Tomato_Spider_Mites,val
train/Cherry_(including_sour)_healthy/PlantVillage_train_PlantVillage_train_Cherry_(including_sour)___healthy_023320.jpg,Cherry_(including_sour)_healthy,train
train/Cassava_Green_Mite/Cassava_train_Cassava_train_cgm_015431.jpg,Cassava_Green_Mite,train
train/Rice_Insect_Damage/rice-leaf-disease-riceguard_train_rice-leaf-disease-riceguard_train_insect_083334.jpeg,Rice_Insect_Damage,train
train/Rice_Blast/rice-leaf-disease-riceguard_train_rice-leaf-disease-riceguard_train_blast_076957.jpeg,Rice_Blast,train
val/Tomato_Yellow_Leaf_Curl_Virus/PlantVillage_val_PlantVillage_val_Tomato___Tomato_Yellow_Leaf_Curl_Virus_072322.jpg,Tomato_Yellow_Leaf_Curl_Virus,val
train/Cassava_Brown_Streak_Disease/Cassava_train_Cassava_train_cbsd_014349.jpg,Cassava_Brown_Streak_Disease,train
train/Rice_Scald/rice-leaf-disease-riceguard_train_rice-leaf-disease-riceguard_train_scald_085847.jpg,Rice_Scald,train
val/Rice_Leaf_Folder/rice-leaf-disease-riceguard_val_rice-leaf-disease-riceguard_val_leaf_folder_090767.jpeg,Rice_Leaf_Folder,val
train/Apple_Cedar_Apple_Rust/Apple_Disease_Dataset_train_Apple_Disease_Dataset_train_Apple___Cedar_apple_rust_007094.jpg,Apple_Cedar_Apple_Rust,train
train/Apple_Healthy/plantDoc_train_plantDoc_train_Apple_leaf_019413.jpg,Apple_Healthy,train
train/Cherry_(including_sour)_Powdery_mildew/PlantVillage_train_PlantVillage_train_Cherry_(including_sour)___Powdery_mildew_024631.jpg,Cherry_(including_sour)_Powdery_mildew,train
test/Peach_healthy/PlantVillage_test_PlantVillage_train_Peach___healthy_037573.jpg,Peach_healthy,test
train/Orange_Haunglongbing_(Citrus_greening)/PlantVillage_train_PlantVillage_train_Orange___Haunglongbing_(Citrus_greening)_033290.jpg,Orange_Haunglongbing_(Citrus_greening),train
test/Corn_(maize)_Cercospora_leaf_spot_Gray_leaf_spot/PlantVillage_test_PlantVillage_train_Corn_(maize)___Cercospora_leaf_spot Gray_leaf_spot_024953.jpg,Corn_(maize)_Cercospora_leaf_spot_Gray_leaf_spot,test
test/Cassava_Mosaic_Disease/Cassava_test_Cassava_train_cmd_017908.jpg,Cassava_Mosaic_Disease,test
train/Peach_leaf/plantDoc_train_plantDoc_train_Peach_leaf_020403.jpg,Peach_leaf,train
train/Tomato_Healthy/PlantVillage_train_PlantVillage_train_Tomato___healthy_051777.jpg,Tomato_Healthy,train
train/Tomato_Septoria_Leaf_Spot/PlantVillage_train_PlantVillage_train_Tomato___Septoria_leaf_spot_054657.jpg,Tomato_Septoria_Leaf_Spot,train
val/Apple_Healthy/Apple_Disease_Dataset_val_Apple_Disease_Dataset_train_Apple___healthy_009211.jpg,Apple_Healthy,val
val/Grape_healthy/PlantVillage_val_PlantVillage_val_Grape___healthy_064882.jpg,Grape_healthy,val
val/Corn_(maize)_healthy/PlantVillage_val_PlantVillage_val_Corn_(maize)___healthy_063945.jpg,Corn_(maize)_healthy,val
val/Rice_Healthy/rice-leaf-disease-riceguard_val_rice-leaf-disease-riceguard_val_healthy_089943.jpeg,Rice_Healthy,val
train/Soybean_healthy/PlantVillage_train_PlantVillage_train_Soybean___healthy_044867.jpg,Soybean_healthy,train
val/Rice_Healthy/rice-leaf-disease-riceguard_val_rice-leaf-disease-riceguard_val_healthy_090221.jpeg,Rice_Healthy,val
val/Cherry_(including_sour)_healthy/PlantVillage_val_PlantVillage_val_Cherry_(including_sour)___healthy_063313.jpg,Cherry_(including_sour)_healthy,val
train/Apple_Healthy/Apple_Disease_Dataset_train_Apple_Disease_Dataset_train_Apple___healthy_008009.jpg,Apple_Healthy,train
train/Corn_Gray_leaf_spot/plantDoc_train_plantDoc_train_Corn_Gray_leaf_spot_019880.jpg,Corn_Gray_leaf_spot,train
train/Grape_Leaf_blight_(Isariopsis_Leaf_Spot)/PlantVillage_train_PlantVillage_train_Grape___Leaf_blight_(Isariopsis_Leaf_Spot)_030952.jpg,Grape_Leaf_blight_(Isariopsis_Leaf_Spot),train
train/Tomato_Yellow_Leaf_Curl_Virus/PlantVillage_train_PlantVillage_train_Tomato___Tomato_Yellow_Leaf_Curl_Virus_059470.jpg,Tomato_Yellow_Leaf_Curl_Virus,train
train/Soybean_healthy/PlantVillage_train_PlantVillage_train_Soybean___healthy_042669.jpg,Soybean_healthy,train
test/Rice_Bacterial_Leaf_Stripe/rice-leaf-disease-riceguard_test_rice-leaf-disease-riceguard_test_stripes_075340.jpeg,Rice_Bacterial_Leaf_Stripe,test
train/Apple_Black_Rot/Apple_Disease_Dataset_train_Apple_Disease_Dataset_train_Apple___Black_rot_005293.jpg,Apple_Black_Rot,train
test/Tomato_Late_Blight/PlantVillage_test_PlantVillage_train_Tomato___Late_blight_052442.jpg,Tomato_Late_Blight,test
val/Peach_healthy/PlantVillage_val_PlantVillage_val_Peach___healthy_066766.jpg,Peach_healthy,val
train/Raspberry_leaf/plantDoc_train_plantDoc_train_Raspberry_leaf_020899.jpg,Raspberry_leaf,train
train/Soybean_healthy/PlantVillage_train_PlantVillage_train_Soybean___healthy_042168.jpg,Soybean_healthy,train
train/Rice_Blast/rice-leaf-disease-riceguard_train_rice-leaf-disease-riceguard_train_blast_075954.jpeg,Rice_Blast,train
train/Rice_Healthy/rice-leaf-disease-riceguard_train_rice-leaf-disease-riceguard_train_healthy_080446.jpeg,Rice_Healthy,train
train/Corn_(maize)_healthy/PlantVillage_train_PlantVillage_train_Corn_(maize)___healthy_026638.jpg,Corn_(maize)_healthy,train
train/Cassava_Mosaic_Disease/Cassava_train_Cassava_train_cmd_017787.jpg,Cassava_Mosaic_Disease,train
val/Cassava_Mosaic_Disease/Cassava_val_Cassava_train_cmd_018699.jpg,Cassava_Mosaic_Disease,val
train/Corn_(maize)_healthy/PlantVillage_train_PlantVillage_train_Corn_(maize)___healthy_026370.jpg,Corn_(maize)_healthy,train
"val/Bell_Pepper_Bacterial_Spot/PlantVillage_val_PlantVillage_val_Pepper,_bell___Bacterial_spot_066815.jpg",Bell_Pepper_Bacterial_Spot,val
train/Cassava_Mosaic_Disease/Cassava_train_Cassava_train_cmd_017473.jpg,Cassava_Mosaic_Disease,train
train/Orange_Haunglongbing_(Citrus_greening)/PlantVillage_train_PlantVillage_train_Orange___Haunglongbing_(Citrus_greening)_034731.jpg,Orange_Haunglongbing_(Citrus_greening),train
train/Corn_rust_leaf/plantDoc_train_plantDoc_train_Corn_rust_leaf_020186.jpg,Corn_rust_leaf,train
train/Apple_Black_Rot/Apple_Disease_Dataset_train_Apple_Disease_Dataset_train_Apple___Black_rot_005800.jpg,Apple_Black_Rot,train
train/Blueberry_leaf/plantDoc_train_plantDoc_train_Blueberry_leaf_019711.jpg,Blueberry_leaf,train
train/Potato_Late_Blight/PlantVillage_train_PlantVillage_train_Potato___Late_blight_041060.jpg,Potato_Late_Blight,train
train/Tomato_Late_Blight/PlantVillage_train_PlantVillage_train_Tomato___Late_blight_052805.jpg,Tomato_Late_Blight,train
test/Strawberry_leaf/plantDoc_test_plantDoc_test_Strawberry_leaf_019263.jpg,Strawberry_leaf,test
train/Corn_(maize)_Northern_Leaf_Blight/PlantVillage_train_PlantVillage_train_Corn_(maize)___Northern_Leaf_Blight_027481.jpg,Corn_(maize)_Northern_Leaf_Blight,train
val/Tomato_Bacterial_Spot/PlantVillage_val_PlantVillage_val_Tomato___Bacterial_spot_069886.jpg,Tomato_Bacterial_Spot,val
train/Apple_Scab/Apple_Disease_Dataset_train_Apple_Disease_Dataset_train_Apple___Apple_scab_002943.jpg,Apple_Scab,train
test/Rice_Bacterial_Leaf_Stripe/rice-leaf-disease-riceguard_test_rice-leaf-disease-riceguard_test_stripes_075370.jpeg,Rice_Bacterial_Leaf_Stripe,test
train/Cassava_Green_Mite/Cassava_train_Cassava_train_cgm_015949.jpg,Cassava_Green_Mite,train
test/Tomato_Late_Blight/PlantVillage_test_PlantVillage_train_Tomato___Late_blight_053220.jpg,Tomato_Late_Blight,test
train/Tomato_Healthy/PlantVillage_train_PlantVillage_train_Tomato___healthy_051662.jpg,Tomato_Healthy,train
train/Tomato_Septoria_Leaf_Spot/PlantVillage_train_PlantVillage_train_Tomato___Septoria_leaf_spot_054510.jpg,Tomato_Septoria_Leaf_Spot,train
train/Rice_Tungro/rice-leaf-disease-riceguard_train_rice-leaf-disease-riceguard_train_tungro_087675.jpeg,Rice_Tungro,train
val/Peach_leaf/plantDoc_val_plantDoc_train_Peach_leaf_020385.jpg,Peach_leaf,val
train/Corn_rust_leaf/plantDoc_train_plantDoc_train_Corn_rust_leaf_020120.jpg,Corn_rust_leaf,train
train/Cherry_leaf/plantDoc_train_plantDoc_train_Cherry_leaf_019856.jpg,Cherry_leaf,train
train/Cassava_Green_Mite/Cassava_train_Cassava_train_cgm_016020.jpg,Cassava_Green_Mite,train
train/Rice_Blast/rice-leaf-disease-riceguard_train_rice-leaf-disease-riceguard_train_blast_079355.jpg,Rice_Blast,train
train/Tomato_Late_Blight/plantDoc_train_plantDoc_train_Tomato_leaf_late_blight_021483.jpg,Tomato_Late_Blight,train
train/Corn_Gray_leaf_spot/plantDoc_train_plantDoc_train_Corn_Gray_leaf_spot_019898.jpg,Corn_Gray_leaf_spot,train
"train/Bell_Pepper_Bacterial_Spot/PlantVillage_train_PlantVillage_train_Pepper,_bell___Bacterial_spot_037839.jpg",Bell_Pepper_Bacterial_Spot,train
train/Rice_Leaf_Folder/rice-leaf-disease-riceguard_train_rice-leaf-disease-riceguard_train_leaf_folder_084468.jpeg,Rice_Leaf_Folder,train
train/Apple_Cedar_Apple_Rust/Apple_Disease_Dataset_train_Apple_Disease_Dataset_train_Apple___Cedar_apple_rust_007008.jpg,Apple_Cedar_Apple_Rust,train
train/Rice_Scald/rice-leaf-disease-riceguard_train_rice-leaf-disease-riceguard_train_scald_085767.jpg,Rice_Scald,train
train/Corn_(maize)_healthy/PlantVillage_train_PlantVillage_train_Corn_(maize)___healthy_026573.jpg,Corn_(maize)_healthy,train
train/Tomato_Healthy/PlantVillage_train_PlantVillage_train_Tomato___healthy_051959.jpg,Tomato_Healthy,train
train/Apple_Healthy/Apple_Disease_Dataset_train_Apple_Disease_Dataset_train_Apple___healthy_007910.jpg,Apple_Healthy,train
train/Orange_Haunglongbing_(Citrus_greening)/PlantVillage_train_PlantVillage_train_Orange___Haunglongbing_(Citrus_greening)_031361.jpg,Orange_Haunglongbing_(Citrus_greening),train
train/Corn_Gray_leaf_spot/plantDoc_train_plantDoc_train_Corn_Gray_leaf_spot_019867.jpg,Corn_Gray_leaf_spot,train
train/Soybean_healthy/PlantVillage_train_PlantVillage_train_Soybean___healthy_044100.jpg,Soybean_healthy,train
train/Potato_Healthy/PlantVillage_train_PlantVillage_train_Potato___healthy_040460.jpg,Potato_Healthy,train
val/Tomato_Target_Spot/PlantVillage_val_PlantVillage_val_Tomato___Target_Spot_071745.jpg,Tomato_Target_Spot,val
train/Tomato_Early_Blight/PlantVillage_train_PlantVillage_train_Tomato___Early_blight_050327.jpg,Tomato_Early_Blight,train
train/Peach_Bacterial_spot/PlantVillage_train_PlantVillage_train_Peach___Bacterial_spot_035768.jpg,Peach_Bacterial_spot,train
test/Tomato_Septoria_Leaf_Spot/PlantVillage_test_PlantVillage_train_Tomato___Septoria_leaf_spot_055322.jpg,Tomato_Septoria_Leaf_Spot,test
train/Cherry_(including_sour)_Powdery_mildew/PlantVillage_train_PlantVillage_train_Cherry_(including_sour)___Powdery_mildew_024652.jpg,Cherry_(including_sour)_Powdery_mildew,train
val/Orange_Haunglongbing_(Citrus_greening)/PlantVillage_val_PlantVillage_val_Orange___Haunglongbing_(Citrus_greening)_065465.jpg,Orange_Haunglongbing_(Citrus_greening),val
train/Apple_Black_Rot/Apple_Disease_Dataset_train_Apple_Disease_Dataset_train_Apple___Black_rot_005004.jpg,Apple_Black_Rot,train
val/Tomato_Target_Spot/PlantVillage_val_PlantVillage_val_Tomato___Target_Spot_071952.jpg,Tomato_Target_Spot,val
train/Corn_leaf_blight/plantDoc_train_plantDoc_train_Corn_leaf_blight_020073.jpg,Corn_leaf_blight,train
train/Grape_healthy/PlantVillage_train_PlantVillage_train_Grape___healthy_029874.jpg,Grape_healthy,train
val/Corn_(maize)_Common_rust_/PlantVillage_val_PlantVillage_val_Corn_(maize)___Common_rust__063891.jpg,Corn_(maize)_Common_rust_,val
train/Rice_Bacterial_Leaf_Stripe/rice-leaf-disease-riceguard_train_rice-leaf-disease-riceguard_train_stripes_086080.jpeg,Rice_Bacterial_Leaf_Stripe,train
train/Rice_Leaf_Folder/rice-leaf-disease-riceguard_train_rice-leaf-disease-riceguard_train_leaf_folder_085680.jpg,Rice_Leaf_Folder,train
train/Apple_Scab/Apple_Disease_Dataset_train_Apple_Disease_Dataset_train_Apple___Apple_scab_002585.jpg,Apple_Scab,train
train/Peach_Bacterial_spot/PlantVillage_train_PlantVillage_train_Peach___Bacterial_spot_035871.jpg,Peach_Bacterial_spot,train
train/Corn_(maize)_Northern_Leaf_Blight/PlantVillage_train_PlantVillage_train_Corn_(maize)___Northern_Leaf_Blight_027597.jpg,Corn_(maize)_Northern_Leaf_Blight,train
val/Grape_Black_rot/PlantVillage_val_PlantVillage_val_Grape___Black_rot_064586.jpg,Grape_Black_rot,val
test/Cassava_Brown_Streak_Disease/Cassava_test_Cassava_train_cbsd_014741.jpg,Cassava_Brown_Streak_Disease,test
train/Corn_(maize)_Cercospora_leaf_spot_Gray_leaf_spot/PlantVillage_train_PlantVillage_train_Corn_(maize)___Cercospora_leaf_spot Gray_leaf_spot_024747.jpg,Corn_(maize)_Cercospora_leaf_spot_Gray_leaf_spot,train
train/Tomato_Yellow_Leaf_Curl_Virus/PlantVillage_train_PlantVillage_train_Tomato___Tomato_Yellow_Leaf_Curl_Virus_059228.jpg,Tomato_Yellow_Leaf_Curl_Virus,train
train/Tomato_Yellow_Leaf_Curl_Virus/PlantVillage_train_PlantVillage_train_Tomato___Tomato_Yellow_Leaf_Curl_Virus_061618.jpg,Tomato_Yellow_Leaf_Curl_Virus,train
train/Potato_Healthy/PlantVillage_train_PlantVillage_train_Potato___healthy_040391.jpg,Potato_Healthy,train
train/Potato_Early_Blight/PlantVillage_train_PlantVillage_train_Potato___Early_blight_040368.jpg,Potato_Early_Blight,train
train/Apple_Healthy/Apple_Disease_Dataset_train_Apple_Disease_Dataset_train_Apple___healthy_009599.jpg,Apple_Healthy,train
train/Grape_Leaf_blight_(Isariopsis_Leaf_Spot)/PlantVillage_train_PlantVillage_train_Grape___Leaf_blight_(Isariopsis_Leaf_Spot)_030554.jpg,Grape_Leaf_blight_(Isariopsis_Leaf_Spot),train
train/Rice_Blast/rice-leaf-disease-riceguard_train_rice-leaf-disease-riceguard_train_blast_077162.jpeg,Rice_Blast,train
train/Cherry_(including_sour)_Powdery_mildew/PlantVillage_train_PlantVillage_train_Cherry_(including_sour)___Powdery_mildew_024218.jpg,Cherry_(including_sour)_Powdery_mildew,train
train/Rice_Blast/rice-leaf-disease-riceguard_train_rice-leaf-disease-riceguard_train_blast_078875.jpeg,Rice_Blast,train
train/Blueberry_healthy/PlantVillage_train_PlantVillage_train_Blueberry___healthy_022964.jpg,Blueberry_healthy,train
train/Rice_Healthy/rice-leaf-disease-riceguard_train_rice-leaf-disease-riceguard_train_healthy_079924.jpeg,Rice_Healthy,train
train/Grape_Esca_(Black_Measles)/PlantVillage_train_PlantVillage_train_Grape___Esca_(Black_Measles)_029449.jpg,Grape_Esca_(Black_Measles),train
train/Orange_Haunglongbing_(Citrus_greening)/PlantVillage_train_PlantVillage_train_Orange___Haunglongbing_(Citrus_greening)_034620.jpg,Orange_Haunglongbing_(Citrus_greening),train
train/Squash_Powdery_mildew_leaf/plantDoc_train_plantDoc_train_Squash_Powdery_mildew_leaf_020995.jpg,Squash_Powdery_mildew_leaf,train
test/Corn_(maize)_Common_rust_/PlantVillage_test_PlantVillage_train_Corn_(maize)___Common_rust__025864.jpg,Corn_(maize)_Common_rust_,test
train/Orange_Haunglongbing_(Citrus_greening)/PlantVillage_train_PlantVillage_train_Orange___Haunglongbing_(Citrus_greening)_034854.jpg,Orange_Haunglongbing_(Citrus_greening),train
train/Tomato_Bacterial_Spot/PlantVillage_train_PlantVillage_train_Tomato___Bacterial_spot_049718.jpg,Tomato_Bacterial_Spot,train
train/Tomato_Target_Spot/PlantVillage_train_PlantVillage_train_Tomato___Target_Spot_058234.jpg,Tomato_Target_Spot,train
train/Grape_Esca_(Black_Measles)/PlantVillage_train_PlantVillage_train_Grape___Esca_(Black_Measles)_029452.jpg,Grape_Esca_(Black_Measles),train
train/Corn_(maize)_Common_rust_/PlantVillage_train_PlantVillage_train_Corn_(maize)___Common_rust__025728.jpg,Corn_(maize)_Common_rust_,train
val/Raspberry_healthy/PlantVillage_val_PlantVillage_val_Raspberry___healthy_067793.jpg,Raspberry_healthy,val
train/Apple_Black_Rot/Apple_Disease_Dataset_train_Apple_Disease_Dataset_train_Apple___Black_rot_004412.jpg,Apple_Black_Rot,train
train/Rice_Insect_Damage/rice-leaf-disease-riceguard_train_rice-leaf-disease-riceguard_train_insect_084241.jpg,Rice_Insect_Damage,train
train/Apple_Healthy/Apple_Disease_Dataset_train_Apple_Disease_Dataset_train_Apple___healthy_008126.jpg,Apple_Healthy,train
train/Corn_(maize)_Northern_Leaf_Blight/PlantVillage_train_PlantVillage_train_Corn_(maize)___Northern_Leaf_Blight_027312.jpg,Corn_(maize)_Northern_Leaf_Blight,train
train/Orange_Haunglongbing_(Citrus_greening)/PlantVillage_train_PlantVillage_train_Orange___Haunglongbing_(Citrus_greening)_033630.jpg,Orange_Haunglongbing_(Citrus_greening),train
train/Cherry_(including_sour)_healthy/PlantVillage_train_PlantVillage_train_Cherry_(including_sour)___healthy_023863.jpg,Cherry_(including_sour)_healthy,train
train/Tomato_Yellow_Leaf_Curl_Virus/PlantVillage_train_PlantVillage_train_Tomato___Tomato_Yellow_Leaf_Curl_Virus_060394.jpg,Tomato_Yellow_Leaf_Curl_Virus,train
train/Apple_Black_Rot/Apple_Disease_Dataset_train_Apple_Disease_Dataset_train_Apple___Black_rot_005677.jpg,Apple_Black_Rot,train
val/Corn_(maize)_Cercospora_leaf_spot_Gray_leaf_spot/PlantVillage_val_PlantVillage_val_Corn_(maize)___Cercospora_leaf_spot Gray_leaf_spot_063678.jpg,Corn_(maize)_Cercospora_leaf_spot_Gray_leaf_spot,val
train/Blueberry_healthy/PlantVillage_train_PlantVillage_train_Blueberry___healthy_022900.jpg,Blueberry_healthy,train
train/Tomato_Healthy/PlantVillage_train_PlantVillage_train_Tomato___healthy_051648.jpg,Tomato_Healthy,train
train/Orange_Haunglongbing_(Citrus_greening)/PlantVillage_train_PlantVillage_train_Orange___Haunglongbing_(Citrus_greening)_032954.jpg,Orange_Haunglongbing_(Citrus_greening),train
train/Orange_Haunglongbing_(Citrus_greening)/PlantVillage_train_PlantVillage_train_Orange___Haunglongbing_(Citrus_greening)_034872.jpg,Orange_Haunglongbing_(Citrus_greening),train
train/Rice_Tungro/rice-leaf-disease-riceguard_train_rice-leaf-disease-riceguard_train_tungro_088236.jpeg,Rice_Tungro,train
val/Grape_Esca_(Black_Measles)/PlantVillage_val_PlantVillage_val_Grape___Esca_(Black_Measles)_064728.jpg,Grape_Esca_(Black_Measles),val
train/Apple_Healthy/Apple_Disease_Dataset_train_Apple_Disease_Dataset_train_Apple___healthy_009452.jpg,Apple_Healthy,train
val/Rice_Bacterial_Leaf_Stripe/rice-leaf-disease-riceguard_val_rice-leaf-disease-riceguard_val_stripes_091222.jpeg,Rice_Bacterial_Leaf_Stripe,val
train/Blueberry_healthy/PlantVillage_train_PlantVillage_train_Blueberry___healthy_022234.jpg,Blueberry_healthy,train
train/Potato_Early_Blight/PlantVillage_train_PlantVillage_train_Potato___Early_blight_040133.jpg,Potato_Early_Blight,train
train/Rice_Leaf_Folder/rice-leaf-disease-riceguard_train_rice-leaf-disease-riceguard_train_leaf_folder_084969.jpeg,Rice_Leaf_Folder,train
val/Rice_Leaf_Folder/rice-leaf-disease-riceguard_val_rice-leaf-disease-riceguard_val_leaf_folder_090958.jpg,Rice_Leaf_Folder,val
train/Soybean_healthy/PlantVillage_train_PlantVillage_train_Soybean___healthy_043142.jpg,Soybean_healthy,train
val/Rice_Blast/rice-leaf-disease-riceguard_val_rice-leaf-disease-riceguard_val_blast_089381.jpeg,Rice_Blast,val
train/Apple_Healthy/Apple_Disease_Dataset_train_Apple_Disease_Dataset_train_Apple___healthy_008545.jpg,Apple_Healthy,train
train/Tomato_Yellow_Leaf_Curl_Virus/PlantVillage_train_PlantVillage_train_Tomato___Tomato_Yellow_Leaf_Curl_Virus_058725.jpg,Tomato_Yellow_Leaf_Curl_Virus,train
test/Rice_Bacterial_Leaf_Stripe/rice-leaf-disease-riceguard_test_rice-leaf-disease-riceguard_test_stripes_075332.jpeg,Rice_Bacterial_Leaf_Stripe,test
train/Potato_Late_Blight/PlantVillage_train_PlantVillage_train_Potato___Late_blight_040960.jpg,Potato_Late_Blight,train
train/Grape_Esca_(Black_Measles)/PlantVillage_train_PlantVillage_train_Grape___Esca_(Black_Measles)_029343.jpg,Grape_Esca_(Black_Measles),train
train/Grape_Esca_(Black_Measles)/PlantVillage_train_PlantVillage_train_Grape___Esca_(Black_Measles)_029578.jpg,Grape_Esca_(Black_Measles),train
train/Tomato_Early_Blight/PlantVillage_train_PlantVillage_train_Tomato___Early_blight_050514.jpg,Tomato_Early_Blight,train
train/Corn_rust_leaf/plantDoc_train_plantDoc_train_Corn_rust_leaf_020123.jpg,Corn_rust_leaf,train
train/Squash_Powdery_mildew_leaf/plantDoc_train_plantDoc_train_Squash_Powdery_mildew_leaf_021062.jpg,Squash_Powdery_mildew_leaf,train
train/Tomato_Mosaic_Virus/PlantVillage_train_PlantVillage_train_Tomato___Tomato_mosaic_virus_058595.jpg,Tomato_Mosaic_Virus,train
train/Blueberry_leaf/plantDoc_train_plantDoc_train_Blueberry_leaf_019715.jpg,Blueberry_leaf,train
val/Grape_Esca_(Black_Measles)/PlantVillage_val_PlantVillage_val_Grape___Esca_(Black_Measles)_064850.jpg,Grape_Esca_(Black_Measles),val
train/Apple_Healthy/Apple_Disease_Dataset_train_Apple_Disease_Dataset_train_Apple___healthy_009145.jpg,Apple_Healthy,train
train/Potato_Healthy/PlantVillage_train_PlantVillage_train_Potato___healthy_040453.jpg,Potato_Healthy,train
train/Rice_Insect_Damage/rice-leaf-disease-riceguard_train_rice-leaf-disease-riceguard_train_insect_083804.jpeg,Rice_Insect_Damage,train
train/Rice_Blast/rice-leaf-disease-riceguard_train_rice-leaf-disease-riceguard_train_blast_077062.jpeg,Rice_Blast,train
train/Tomato_Mosaic_Virus/PlantVillage_train_PlantVillage_train_Tomato___Tomato_mosaic_virus_058363.jpg,Tomato_Mosaic_Virus,train
train/Cassava_Mosaic_Disease/Cassava_train_Cassava_train_cmd_018298.jpg,Cassava_Mosaic_Disease,train
test/Potato_Early_Blight/PlantVillage_test_PlantVillage_train_Potato___Early_blight_039953.jpg,Potato_Early_Blight,test
test/Rice_Healthy/rice-leaf-disease-riceguard_test_rice-leaf-disease-riceguard_test_healthy_074384.jpeg,Rice_Healthy,test
train/Strawberry_Leaf_scorch/PlantVillage_train_PlantVillage_train_Strawberry___Leaf_scorch_048088.jpg,Strawberry_Leaf_scorch,train
train/Orange_Haunglongbing_(Citrus_greening)/PlantVillage_train_PlantVillage_train_Orange___Haunglongbing_(Citrus_greening)_031794.jpg,Orange_Haunglongbing_(Citrus_greening),train
train/Tomato_Early_Blight/PlantVillage_train_PlantVillage_train_Tomato___Early_blight_050673.jpg,Tomato_Early_Blight,train
train/Strawberry_leaf/plantDoc_train_plantDoc_train_Strawberry_leaf_021108.jpg,Strawberry_leaf,train
train/Tomato_Yellow_Leaf_Curl_Virus/PlantVillage_train_PlantVillage_train_Tomato___Tomato_Yellow_Leaf_Curl_Virus_059438.jpg,Tomato_Yellow_Leaf_Curl_Virus,train
train/Corn_(maize)_healthy/PlantVillage_train_PlantVillage_train_Corn_(maize)___healthy_026142.jpg,Corn_(maize)_healthy,train
"train/Bell_Pepper_Bacterial_Spot/PlantVillage_train_PlantVillage_train_Pepper,_bell___Bacterial_spot_038084.jpg",Bell_Pepper_Bacterial_Spot,train
train/Tomato_Leaf_Mold/PlantVillage_train_PlantVillage_train_Tomato___Leaf_Mold_053917.jpg,Tomato_Leaf_Mold,train
val/Soyabean_leaf/plantDoc_val_plantDoc_train_Soyabean_leaf_020961.jpg,Soyabean_leaf,val
train/Rice_Bacterial_Leaf_Stripe/rice-leaf-disease-riceguard_train_rice-leaf-disease-riceguard_train_stripes_086512.jpeg,Rice_Bacterial_Leaf_Stripe,train
train/Potato_Early_Blight/PlantVillage_train_PlantVillage_train_Potato___Early_blight_039822.jpg,Potato_Early_Blight,train
train/Tomato_Target_Spot/PlantVillage_train_PlantVillage_train_Tomato___Target_Spot_057526.jpg,Tomato_Target_Spot,train
val/Rice_Healthy/rice-leaf-disease-riceguard_val_rice-leaf-disease-riceguard_val_healthy_090270.jpg,Rice_Healthy,val
train/Peach_Bacterial_spot/PlantVillage_train_PlantVillage_train_Peach___Bacterial_spot_035997.jpg,Peach_Bacterial_spot,train
train/Corn_rust_leaf/plantDoc_train_plantDoc_train_Corn_rust_leaf_020109.jpg,Corn_rust_leaf,train
train/Potato_Late_Blight/PlantVillage_train_PlantVillage_train_Potato___Late_blight_040558.jpg,Potato_Late_Blight,train
train/Peach_leaf/plantDoc_train_plantDoc_train_Peach_leaf_020423.jpg,Peach_leaf,train
test/Soybean_healthy/PlantVillage_test_PlantVillage_train_Soybean___healthy_043762.jpg,Soybean_healthy,test
train/Cassava_Mosaic_Disease/Cassava_train_Cassava_train_cmd_016772.jpg,Cassava_Mosaic_Disease,train
val/Squash_Powdery_mildew/PlantVillage_val_PlantVillage_val_Squash___Powdery_mildew_068855.jpg,Squash_Powdery_mildew,val
train/Tomato_Yellow_Leaf_Curl_Virus/PlantVillage_train_PlantVillage_train_Tomato___Tomato_Yellow_Leaf_Curl_Virus_060203.jpg,Tomato_Yellow_Leaf_Curl_Virus,train
val/Tomato_Yellow_Leaf_Curl_Virus/PlantVillage_val_PlantVillage_val_Tomato___Tomato_Yellow_Leaf_Curl_Virus_072750.jpg,Tomato_Yellow_Leaf_Curl_Virus,val
train/Tomato_Late_Blight/PlantVillage_train_PlantVillage_train_Tomato___Late_blight_052691.jpg,Tomato_Late_Blight,train
train/Orange_Haunglongbing_(Citrus_greening)/PlantVillage_train_PlantVillage_train_Orange___Haunglongbing_(Citrus_greening)_031278.jpg,Orange_Haunglongbing_(Citrus_greening),train
train/Blueberry_healthy/PlantVillage_train_PlantVillage_train_Blueberry___healthy_022103.jpg,Blueberry_healthy,train
train/Strawberry_leaf/plantDoc_train_plantDoc_train_Strawberry_leaf_021157.jpg,Strawberry_leaf,train
train/Tomato_Yellow_Leaf_Curl_Virus/plantDoc_train_plantDoc_train_Tomato_leaf_yellow_virus_021757.jpg,Tomato_Yellow_Leaf_Curl_Virus,train
train/Peach_Bacterial_spot/PlantVillage_train_PlantVillage_train_Peach___Bacterial_spot_035632.jpg,Peach_Bacterial_spot,train
train/Tomato_Yellow_Leaf_Curl_Virus/PlantVillage_train_PlantVillage_train_Tomato___Tomato_Yellow_Leaf_Curl_Virus_061151.jpg,Tomato_Yellow_Leaf_Curl_Virus,train
train/Peach_leaf/plantDoc_train_plantDoc_train_Peach_leaf_020427.jpg,Peach_leaf,train
train/Cassava_Mosaic_Disease/Cassava_train_Cassava_train_cmd_017942.jpg,Cassava_Mosaic_Disease,train
"train/Bell_Pepper_Healthy/PlantVillage_train_PlantVillage_train_Pepper,_bell___healthy_038427.jpg",Bell_Pepper_Healthy,train
test/Potato_Late_Blight/PlantVillage_test_PlantVillage_train_Potato___Late_blight_040527.jpg,Potato_Late_Blight,test
train/Cherry_(including_sour)_healthy/PlantVillage_train_PlantVillage_train_Cherry_(including_sour)___healthy_023547.jpg,Cherry_(including_sour)_healthy,train
val/Orange_Haunglongbing_(Citrus_greening)/PlantVillage_val_PlantVillage_val_Orange___Haunglongbing_(Citrus_greening)_065532.jpg,Orange_Haunglongbing_(Citrus_greening),val
test/Rice_Blast/rice-leaf-disease-riceguard_test_rice-leaf-disease-riceguard_test_blast_073900.jpg,Rice_Blast,test
train/Tomato_Late_Blight/PlantVillage_train_PlantVillage_train_Tomato___Late_blight_052991.jpg,Tomato_Late_Blight,train
val/Corn_(maize)_healthy/PlantVillage_val_PlantVillage_val_Corn_(maize)___healthy_064014.jpg,Corn_(maize)_healthy,val
train/Soybean_healthy/PlantVillage_train_PlantVillage_train_Soybean___healthy_043332.jpg,Soybean_healthy,train
test/Apple_Healthy/Apple_Disease_Dataset_test_Apple_Disease_Dataset_test_Apple___healthy_001902.jpg,Apple_Healthy,test
val/Cherry_(including_sour)_Powdery_mildew/PlantVillage_val_PlantVillage_val_Cherry_(including_sour)___Powdery_mildew_063423.jpg,Cherry_(including_sour)_Powdery_mildew,val
train/Tomato_Late_Blight/PlantVillage_train_PlantVillage_train_Tomato___Late_blight_053410.jpg,Tomato_Late_Blight,train
train/Apple_Healthy/Apple_Disease_Dataset_train_Apple_Disease_Dataset_train_Apple___healthy_008670.jpg,Apple_Healthy,train
train/Rice_Insect_Damage/rice-leaf-disease-riceguard_train_rice-leaf-disease-riceguard_train_insect_084274.jpg,Rice_Insect_Damage,train
train/Cherry_(including_sour)_Powdery_mildew/PlantVillage_train_PlantVillage_train_Cherry_(including_sour)___Powdery_mildew_023955.jpg,Cherry_(including_sour)_Powdery_mildew,train
train/Apple_Black_Rot/Apple_Disease_Dataset_train_Apple_Disease_Dataset_train_Apple___Black_rot_005345.jpg,Apple_Black_Rot,train
train/Rice_Bacterial_Leaf_Stripe/rice-leaf-disease-riceguard_train_rice-leaf-disease-riceguard_train_stripes_086687.jpeg,Rice_Bacterial_Leaf_Stripe,train
train/Tomato_Healthy/PlantVillage_train_PlantVillage_train_Tomato___healthy_051314.jpg,Tomato_Healthy,train
train/Soybean_healthy/PlantVillage_train_PlantVillage_train_Soybean___healthy_044021.jpg,Soybean_healthy,train
train/Rice_Healthy/rice-leaf-disease-riceguard_train_rice-leaf-disease-riceguard_train_healthy_082412.jpg,Rice_Healthy,train
train/Rice_Insect_Damage/rice-leaf-disease-riceguard_train_rice-leaf-disease-riceguard_train_insect_083169.jpeg,Rice_Insect_Damage,train
val/Potato_Late_Blight/PlantVillage_val_PlantVillage_val_Potato___Late_blight_067652.jpg,Potato_Late_Blight,val
train/Rice_Blast/rice-leaf-disease-riceguard_train_rice-leaf-disease-riceguard_train_blast_077805.jpeg,Rice_Blast,train
train/Peach_leaf/plantDoc_train_plantDoc_train_Peach_leaf_020371.jpg,Peach_leaf,train
train/Soyabean_leaf/plantDoc_train_plantDoc_train_Soyabean_leaf_020921.jpg,Soyabean_leaf,train
val/Grape_Black_rot/PlantVillage_val_PlantVillage_val_Grape___Black_rot_064390.jpg,Grape_Black_rot,val
test/Cherry_leaf/plantDoc_test_plantDoc_test_Cherry_leaf_019152.jpg,Cherry_leaf,test
train/Apple_Black_Rot/Apple_Disease_Dataset_train_Apple_Disease_Dataset_train_Apple___Black_rot_005762.jpg,Apple_Black_Rot,train
train/Strawberry_Leaf_scorch/PlantVillage_train_PlantVillage_train_Strawberry___Leaf_scorch_047571.jpg,Strawberry_Leaf_scorch,train
train/Apple_Healthy/Apple_Disease_Dataset_train_Apple_Disease_Dataset_train_Apple___healthy_009201.jpg,Apple_Healthy,train
"train/Bell_Pepper_Bacterial_Spot/PlantVillage_train_PlantVillage_train_Pepper,_bell___Bacterial_spot_037895.jpg",Bell_Pepper_Bacterial_Spot,train
val/Potato_Healthy/PlantVillage_val_PlantVillage_val_Potato___healthy_067522.jpg,Potato_Healthy,val
val/Tomato_Yellow_Leaf_Curl_Virus/PlantVillage_val_PlantVillage_val_Tomato___Tomato_Yellow_Leaf_Curl_Virus_073016.jpg,Tomato_Yellow_Leaf_Curl_Virus,val
train/Grape_Esca_(Black_Measles)/PlantVillage_train_PlantVillage_train_Grape___Esca_(Black_Measles)_029230.jpg,Grape_Esca_(Black_Measles),train
train/Cassava_Brown_Streak_Disease/Cassava_train_Cassava_train_cbsd_014480.jpg,Cassava_Brown_Streak_Disease,train
train/Potato_Late_Blight/PlantVillage_train_PlantVillage_train_Potato___Late_blight_040991.jpg,Potato_Late_Blight,train
train/Cassava_Green_Mite/Cassava_train_Cassava_train_cgm_015892.jpg,Cassava_Green_Mite,train
test/Rice_Healthy/rice-leaf-disease-riceguard_test_rice-leaf-disease-riceguard_test_healthy_074324.jpeg,Rice_Healthy,test
val/Rice_Blast/rice-leaf-disease-riceguard_val_rice-leaf-disease-riceguard_val_blast_088970.jpeg,Rice_Blast,val
val/Strawberry_healthy/PlantVillage_val_PlantVillage_val_Strawberry___healthy_069261.jpg,Strawberry_healthy,val
test/Grape_Black_rot/PlantVillage_test_PlantVillage_train_Grape___Black_rot_027995.jpg,Grape_Black_rot,test
test/Rice_Healthy/rice-leaf-disease-riceguard_test_rice-leaf-disease-riceguard_test_healthy_074315.jpeg,Rice_Healthy,test
val/Corn_(maize)_healthy/PlantVillage_val_PlantVillage_val_Corn_(maize)___healthy_064085.jpg,Corn_(maize)_healthy,val
train/Cassava_Brown_Streak_Disease/Cassava_train_Cassava_train_cbsd_014419.jpg,Cassava_Brown_Streak_Disease,train
test/Apple_Scab/Apple_Disease_Dataset_test_Apple_Disease_Dataset_test_Apple___Apple_scab_000154.jpg,Apple_Scab,test
test/Apple_Cedar_Apple_Rust/Apple_Disease_Dataset_test_Apple_Disease_Dataset_test_Apple___Cedar_apple_rust_001078.jpg,Apple_Cedar_Apple_Rust,test
train/Apple_Healthy/Apple_Disease_Dataset_train_Apple_Disease_Dataset_train_Apple___healthy_008983.jpg,Apple_Healthy,train
test/Corn_leaf_blight/plantDoc_test_plantDoc_test_Corn_leaf_blight_019174.jpg,Corn_leaf_blight,test
train/Cassava_Mosaic_Disease/Cassava_train_Cassava_train_cmd_017971.jpg,Cassava_Mosaic_Disease,train
train/Apple_Scab/Apple_Disease_Dataset_train_Apple_Disease_Dataset_train_Apple___Apple_scab_003926.jpg,Apple_Scab,train
test/Cassava_Healthy/Cassava_test_Cassava_train_healthy_018964.jpg,Cassava_Healthy,test
train/Rice_Bacterial_Leaf_Stripe/rice-leaf-disease-riceguard_train_rice-leaf-disease-riceguard_train_stripes_086431.jpeg,Rice_Bacterial_Leaf_Stripe,train
val/Squash_Powdery_mildew/PlantVillage_val_PlantVillage_val_Squash___Powdery_mildew_068822.jpg,Squash_Powdery_mildew,val
train/Cassava_Bacterial_Blight/Cassava_train_Cassava_train_cbb_013547.jpg,Cassava_Bacterial_Blight,train
train/Grape_Esca_(Black_Measles)/PlantVillage_train_PlantVillage_train_Grape___Esca_(Black_Measles)_028975.jpg,Grape_Esca_(Black_Measles),train
train/Squash_Powdery_mildew/PlantVillage_train_PlantVillage_train_Squash___Powdery_mildew_046653.jpg,Squash_Powdery_mildew,train
test/Rice_Bacterial_Leaf_Stripe/rice-leaf-disease-riceguard_test_rice-leaf-disease-riceguard_test_stripes_075389.jpeg,Rice_Bacterial_Leaf_Stripe,test
train/Soybean_healthy/PlantVillage_train_PlantVillage_train_Soybean___healthy_041949.jpg,Soybean_healthy,train
val/Peach_Bacterial_spot/PlantVillage_val_PlantVillage_val_Peach___Bacterial_spot_066495.jpg,Peach_Bacterial_spot,val
train/Cassava_Green_Mite/Cassava_train_Cassava_train_cgm_015607.jpg,Cassava_Green_Mite,train
train/Tomato_Healthy/PlantVillage_train_PlantVillage_train_Tomato___healthy_051222.jpg,Tomato_Healthy,train
train/Tomato_Late_Blight/PlantVillage_train_PlantVillage_train_Tomato___Late_blight_053276.jpg,Tomato_Late_Blight,train
train/Corn_(maize)_Northern_Leaf_Blight/PlantVillage_train_PlantVillage_train_Corn_(maize)___Northern_Leaf_Blight_027638.jpg,Corn_(maize)_Northern_Leaf_Blight,train
val/Strawberry_Leaf_scorch/PlantVillage_val_PlantVillage_val_Strawberry___Leaf_scorch_069406.jpg,Strawberry_Leaf_scorch,val
val/Squash_Powdery_mildew_leaf/plantDoc_val_plantDoc_train_Squash_Powdery_mildew_leaf_020981.jpg,Squash_Powdery_mildew_leaf,val
val/Tomato_Leaf_Mold/PlantVillage_val_PlantVillage_val_Tomato___Leaf_Mold_070988.jpg,Tomato_Leaf_Mold,val
train/Rice_Healthy/rice-leaf-disease-riceguard_train_rice-leaf-disease-riceguard_train_healthy_079546.jpeg,Rice_Healthy,train
val/Corn_(maize)_healthy/PlantVillage_val_PlantVillage_val_Corn_(maize)___healthy_064161.jpg,Corn_(maize)_healthy,val
train/Cherry_(including_sour)_healthy/PlantVillage_train_PlantVillage_train_Cherry_(including_sour)___healthy_023666.jpg,Cherry_(including_sour)_healthy,train
train/Rice_Healthy/rice-leaf-disease-riceguard_train_rice-leaf-disease-riceguard_train_healthy_080071.jpeg,Rice_Healthy,train
val/Tomato_Spider_Mites/PlantVillage_val_PlantVillage_val_Tomato___Spider_mites Two-spotted_spider_mite_071444.jpg,Tomato_Spider_Mites,val
train/Strawberry_healthy/PlantVillage_train_PlantVillage_train_Strawberry___healthy_047298.jpg,Strawberry_healthy,train
train/Squash_Powdery_mildew/PlantVillage_train_PlantVillage_train_Squash___Powdery_mildew_046299.jpg,Squash_Powdery_mildew,train
train/Apple_Black_Rot/Apple_Disease_Dataset_train_Apple_Disease_Dataset_train_Apple___Black_rot_004625.jpg,Apple_Black_Rot,train
val/Strawberry_healthy/PlantVillage_val_PlantVillage_val_Strawberry___healthy_069211.jpg,Strawberry_healthy,val
train/Tomato_Bacterial_Spot/PlantVillage_train_PlantVillage_train_Tomato___Bacterial_spot_049737.jpg,Tomato_Bacterial_Spot,train
train/Tomato_Yellow_Leaf_Curl_Virus/PlantVillage_train_PlantVillage_train_Tomato___Tomato_Yellow_Leaf_Curl_Virus_060569.jpg,Tomato_Yellow_Leaf_Curl_Virus,train
train/Apple_Black_Rot/Apple_Disease_Dataset_train_Apple_Disease_Dataset_train_Apple___Black_rot_004722.jpg,Apple_Black_Rot,train
train/Apple_Black_Rot/Apple_Disease_Dataset_train_Apple_Disease_Dataset_train_Apple___Black_rot_005413.jpg,Apple_Black_Rot,train
val/Cassava_Bacterial_Blight/Cassava_val_Cassava_train_cbb_013741.jpg,Cassava_Bacterial_Blight,val
test/Apple_Scab/Apple_Disease_Dataset_test_Apple_Disease_Dataset_test_Apple___Apple_scab_000085.jpg,Apple_Scab,test
val/Tomato_Yellow_Leaf_Curl_Virus/PlantVillage_val_PlantVillage_val_Tomato___Tomato_Yellow_Leaf_Curl_Virus_072456.jpg,Tomato_Yellow_Leaf_Curl_Virus,val
train/Cassava_Bacterial_Blight/Cassava_train_Cassava_train_cbb_013911.jpg,Cassava_Bacterial_Blight,train
val/Orange_Haunglongbing_(Citrus_greening)/PlantVillage_val_PlantVillage_val_Orange___Haunglongbing_(Citrus_greening)_065582.jpg,Orange_Haunglongbing_(Citrus_greening),val
train/Rice_Tungro/rice-leaf-disease-riceguard_train_rice-leaf-disease-riceguard_train_tungro_088284.jpeg,Rice_Tungro,train
train/grape_leaf_black_rot/plantDoc_train_plantDoc_train_grape_leaf_black_rot_020291.jpg,grape_leaf_black_rot,train
train/Peach_Bacterial_spot/PlantVillage_train_PlantVillage_train_Peach___Bacterial_spot_036562.jpg,Peach_Bacterial_spot,train
train/Soybean_healthy/PlantVillage_train_PlantVillage_train_Soybean___healthy_043200.jpg,Soybean_healthy,train
train/Orange_Haunglongbing_(Citrus_greening)/PlantVillage_train_PlantVillage_train_Orange___Haunglongbing_(Citrus_greening)_031297.jpg,Orange_Haunglongbing_(Citrus_greening),train
train/Grape_Esca_(Black_Measles)/PlantVillage_train_PlantVillage_train_Grape___Esca_(Black_Measles)_029530.jpg,Grape_Esca_(Black_Measles),train
val/Apple_Black_Rot/Apple_Disease_Dataset_val_Apple_Disease_Dataset_train_Apple___Black_rot_004142.jpg,Apple_Black_Rot,val
train/grape_leaf_black_rot/plantDoc_train_plantDoc_train_grape_leaf_black_rot_020319.jpg,grape_leaf_black_rot,train
val/Tomato_Yellow_Leaf_Curl_Virus/PlantVillage_val_PlantVillage_val_Tomato___Tomato_Yellow_Leaf_Curl_Virus_072634.jpg,Tomato_Yellow_Leaf_Curl_Virus,val
val/Soybean_healthy/PlantVillage_val_PlantVillage_val_Soybean___healthy_068807.jpg,Soybean_healthy,val
train/Cassava_Green_Mite/Cassava_train_Cassava_train_cgm_015526.jpg,Cassava_Green_Mite,train
test/Apple_Cedar_Apple_Rust/Apple_Disease_Dataset_test_Apple_Disease_Dataset_test_Apple___Cedar_apple_rust_001080.jpg,Apple_Cedar_Apple_Rust,test
train/Orange_Haunglongbing_(Citrus_greening)/PlantVillage_train_PlantVillage_train_Orange___Haunglongbing_(Citrus_greening)_033269.jpg,Orange_Haunglongbing_(Citrus_greening),train
train/Corn_leaf_blight/plantDoc_train_plantDoc_train_Corn_leaf_blight_020072.jpg,Corn_leaf_blight,train
train/Cherry_leaf/plantDoc_train_plantDoc_train_Cherry_leaf_019832.jpg,Cherry_leaf,train
train/Strawberry_Leaf_scorch/PlantVillage_train_PlantVillage_train_Strawberry___Leaf_scorch_047690.jpg,Strawberry_Leaf_scorch,train
train/Tomato_Septoria_Leaf_Spot/plantDoc_train_plantDoc_train_Tomato_Septoria_leaf_spot_021976.jpg,Tomato_Septoria_Leaf_Spot,train
train/Rice_Tungro/rice-leaf-disease-riceguard_train_rice-leaf-disease-riceguard_train_tungro_087965.jpeg,Rice_Tungro,train
train/Cherry_(including_sour)_healthy/PlantVillage_train_PlantVillage_train_Cherry_(including_sour)___healthy_023845.jpg,Cherry_(including_sour)_healthy,train
train/Strawberry_leaf/plantDoc_train_plantDoc_train_Strawberry_leaf_021167.jpg,Strawberry_leaf,train
train/Soybean_healthy/PlantVillage_train_PlantVillage_train_Soybean___healthy_044347.jpg,Soybean_healthy,train
train/Tomato_Yellow_Leaf_Curl_Virus/PlantVillage_train_PlantVillage_train_Tomato___Tomato_Yellow_Leaf_Curl_Virus_061950.jpg,Tomato_Yellow_Leaf_Curl_Virus,train
val/Peach_Bacterial_spot/PlantVillage_val_PlantVillage_val_Peach___Bacterial_spot_066273.jpg,Peach_Bacterial_spot,val
train/Apple_Scab/plantDoc_train_plantDoc_train_Apple_Scab_Leaf_019532.jpg,Apple_Scab,train
train/Orange_Haunglongbing_(Citrus_greening)/PlantVillage_train_PlantVillage_train_Orange___Haunglongbing_(Citrus_greening)_034929.jpg,Orange_Haunglongbing_(Citrus_greening),train
test/Rice_Healthy/rice-leaf-disease-riceguard_test_rice-leaf-disease-riceguard_test_healthy_073982.jpeg,Rice_Healthy,test
train/Cassava_Green_Mite/Cassava_train_Cassava_train_cgm_015395.jpg,Cassava_Green_Mite,train
val/Tomato_Septoria_Leaf_Spot/PlantVillage_val_PlantVillage_val_Tomato___Septoria_leaf_spot_071219.jpg,Tomato_Septoria_Leaf_Spot,val
train/Peach_Bacterial_spot/PlantVillage_train_PlantVillage_train_Peach___Bacterial_spot_035782.jpg,Peach_Bacterial_spot,train
train/Tomato_Yellow_Leaf_Curl_Virus/PlantVillage_train_PlantVillage_train_Tomato___Tomato_Yellow_Leaf_Curl_Virus_061110.jpg,Tomato_Yellow_Leaf_Curl_Virus,train
train/Corn_(maize)_Northern_Leaf_Blight/PlantVillage_train_PlantVillage_train_Corn_(maize)___Northern_Leaf_Blight_027099.jpg,Corn_(maize)_Northern_Leaf_Blight,train
train/Tomato_Spider_Mites/PlantVillage_train_PlantVillage_train_Tomato___Spider_mites Two-spotted_spider_mite_056033.jpg,Tomato_Spider_Mites,train
train/Grape_Leaf_blight_(Isariopsis_Leaf_Spot)/PlantVillage_train_PlantVillage_train_Grape___Leaf_blight_(Isariopsis_Leaf_Spot)_030578.jpg,Grape_Leaf_blight_(Isariopsis_Leaf_Spot),train
train/Corn_(maize)_healthy/PlantVillage_train_PlantVillage_train_Corn_(maize)___healthy_027025.jpg,Corn_(maize)_healthy,train
val/Cherry_(including_sour)_healthy/PlantVillage_val_PlantVillage_val_Cherry_(including_sour)___healthy_063259.jpg,Cherry_(including_sour)_healthy,val
train/Soybean_healthy/PlantVillage_train_PlantVillage_train_Soybean___healthy_044020.jpg,Soybean_healthy,train
val/Potato_Early_Blight/PlantVillage_val_PlantVillage_val_Potato___Early_blight_067488.jpg,Potato_Early_Blight,val
train/Soybean_healthy/PlantVillage_train_PlantVillage_train_Soybean___healthy_042527.jpg,Soybean_healthy,train
train/Peach_Bacterial_spot/PlantVillage_train_PlantVillage_train_Peach___Bacterial_spot_036321.jpg,Peach_Bacterial_spot,train
train/Rice_Scald/rice-leaf-disease-riceguard_train_rice-leaf-disease-riceguard_train_scald_085731.jpg,Rice_Scald,train
train/Apple_Healthy/plantDoc_train_plantDoc_train_Apple_leaf_019385.jpg,Apple_Healthy,train
train/Rice_Insect_Damage/rice-leaf-disease-riceguard_train_rice-leaf-disease-riceguard_train_insect_082860.jpeg,Rice_Insect_Damage,train
train/Orange_Haunglongbing_(Citrus_greening)/PlantVillage_train_PlantVillage_train_Orange___Haunglongbing_(Citrus_greening)_031699.jpg,Orange_Haunglongbing_(Citrus_greening),train
train/Orange_Haunglongbing_(Citrus_greening)/PlantVillage_train_PlantVillage_train_Orange___Haunglongbing_(Citrus_greening)_034170.jpg,Orange_Haunglongbing_(Citrus_greening),train
train/Tomato_Yellow_Leaf_Curl_Virus/PlantVillage_train_PlantVillage_train_Tomato___Tomato_Yellow_Leaf_Curl_Virus_059763.jpg,Tomato_Yellow_Leaf_Curl_Virus,train
val/Rice_Healthy/rice-leaf-disease-riceguard_val_rice-leaf-disease-riceguard_val_healthy_090311.jpg,Rice_Healthy,val
train/Corn_(maize)_healthy/PlantVillage_train_PlantVillage_train_Corn_(maize)___healthy_026170.jpg,Corn_(maize)_healthy,train
train/Corn_(maize)_healthy/PlantVillage_train_PlantVillage_train_Corn_(maize)___healthy_026669.jpg,Corn_(maize)_healthy,train
train/Cassava_Mosaic_Disease/Cassava_train_Cassava_train_cmd_016207.jpg,Cassava_Mosaic_Disease,train
val/Peach_Bacterial_spot/PlantVillage_val_PlantVillage_val_Peach___Bacterial_spot_066711.jpg,Peach_Bacterial_spot,val
val/Tomato_Spider_Mites/PlantVillage_val_PlantVillage_val_Tomato___Spider_mites Two-spotted_spider_mite_071443.jpg,Tomato_Spider_Mites,val
train/Soybean_healthy/PlantVillage_train_PlantVillage_train_Soybean___healthy_043603.jpg,Soybean_healthy,train
train/Corn_(maize)_healthy/PlantVillage_train_PlantVillage_train_Corn_(maize)___healthy_026508.jpg,Corn_(maize)_healthy,train
val/Cherry_(including_sour)_healthy/PlantVillage_val_PlantVillage_val_Cherry_(including_sour)___healthy_063371.jpg,Cherry_(including_sour)_healthy,val
train/Orange_Haunglongbing_(Citrus_greening)/PlantVillage_train_PlantVillage_train_Orange___Haunglongbing_(Citrus_greening)_034799.jpg,Orange_Haunglongbing_(Citrus_greening),train
train/Peach_leaf/plantDoc_train_plantDoc_train_Peach_leaf_020397.jpg,Peach_leaf,train
val/Soybean_healthy/PlantVillage_val_PlantVillage_val_Soybean___healthy_068605.jpg,Soybean_healthy,val
train/Cherry_(including_sour)_healthy/PlantVillage_train_PlantVillage_train_Cherry_(including_sour)___healthy_023445.jpg,Cherry_(including_sour)_healthy,train
train/Tomato_Bacterial_Spot/PlantVillage_train_PlantVillage_train_Tomato___Bacterial_spot_048634.jpg,Tomato_Bacterial_Spot,train
val/Tomato_Healthy/PlantVillage_val_PlantVillage_val_Tomato___healthy_070354.jpg,Tomato_Healthy,val
train/Apple_Scab/Apple_Disease_Dataset_train_Apple_Disease_Dataset_train_Apple___Apple_scab_002227.jpg,Apple_Scab,train
train/Soyabean_leaf/plantDoc_train_plantDoc_train_Soyabean_leaf_020923.jpg,Soyabean_leaf,train
test/Apple_Black_Rot/Apple_Disease_Dataset_test_Apple_Disease_Dataset_test_Apple___Black_rot_000821.jpg,Apple_Black_Rot,test
val/Cassava_Green_Mite/Cassava_val_Cassava_train_cgm_015402.jpg,Cassava_Green_Mite,val
val/Grape_Black_rot/PlantVillage_val_PlantVillage_val_Grape___Black_rot_064453.jpg,Grape_Black_rot,val
train/Apple_Scab/Apple_Disease_Dataset_train_Apple_Disease_Dataset_train_Apple___Apple_scab_002527.jpg,Apple_Scab,train
test/Corn_(maize)_Common_rust_/PlantVillage_test_PlantVillage_train_Corn_(maize)___Common_rust__025838.jpg,Corn_(maize)_Common_rust_,test
train/Blueberry_healthy/PlantVillage_train_PlantVillage_train_Blueberry___healthy_022944.jpg,Blueberry_healthy,train
train/Orange_Haunglongbing_(Citrus_greening)/PlantVillage_train_PlantVillage_train_Orange___Haunglongbing_(Citrus_greening)_033606.jpg,Orange_Haunglongbing_(Citrus_greening),train
val/Tomato_Spider_Mites/PlantVillage_val_PlantVillage_val_Tomato___Spider_mites Two-spotted_spider_mite_071623.jpg,Tomato_Spider_Mites,val
train/Grape_healthy/PlantVillage_train_PlantVillage_train_Grape___healthy_030042.jpg,Grape_healthy,train
train/Peach_leaf/plantDoc_train_plantDoc_train_Peach_leaf_020439.jpg,Peach_leaf,train
train/Tomato_Target_Spot/PlantVillage_train_PlantVillage_train_Tomato___Target_Spot_057778.jpg,Tomato_Target_Spot,train
train/Peach_Bacterial_spot/PlantVillage_train_PlantVillage_train_Peach___Bacterial_spot_036493.jpg,Peach_Bacterial_spot,train
train/Squash_Powdery_mildew/PlantVillage_train_PlantVillage_train_Squash___Powdery_mildew_046057.jpg,Squash_Powdery_mildew,train
train/Potato_Late_Blight/plantDoc_train_plantDoc_train_Potato_leaf_late_blight_020674.jpg,Potato_Late_Blight,train
val/Tomato_Bacterial_Spot/PlantVillage_val_PlantVillage_val_Tomato___Bacterial_spot_069919.jpg,Tomato_Bacterial_Spot,val
val/Strawberry_healthy/PlantVillage_val_PlantVillage_val_Strawberry___healthy_069228.jpg,Strawberry_healthy,val
train/Tomato_Leaf_Mold/PlantVillage_train_PlantVillage_train_Tomato___Leaf_Mold_053952.jpg,Tomato_Leaf_Mold,train
train/Rice_Blast/rice-leaf-disease-riceguard_train_rice-leaf-disease-riceguard_train_blast_079502.jpg,Rice_Blast,train
train/Tomato_Yellow_Leaf_Curl_Virus/PlantVillage_train_PlantVillage_train_Tomato___Tomato_Yellow_Leaf_Curl_Virus_062684.jpg,Tomato_Yellow_Leaf_Curl_Virus,train
train/Apple_Cedar_Apple_Rust/Apple_Disease_Dataset_train_Apple_Disease_Dataset_train_Apple___Cedar_apple_rust_006421.jpg,Apple_Cedar_Apple_Rust,train
train/Corn_(maize)_healthy/PlantVillage_train_PlantVillage_train_Corn_(maize)___healthy_026953.jpg,Corn_(maize)_healthy,train
train/Peach_Bacterial_spot/PlantVillage_train_PlantVillage_train_Peach___Bacterial_spot_035954.jpg,Peach_Bacterial_spot,train
train/Cherry_(including_sour)_healthy/PlantVillage_train_PlantVillage_train_Cherry_(including_sour)___healthy_023668.jpg,Cherry_(including_sour)_healthy,train
train/Potato_Late_Blight/PlantVillage_train_PlantVillage_train_Potato___Late_blight_040786.jpg,Potato_Late_Blight,train
train/Grape_Black_rot/PlantVillage_train_PlantVillage_train_Grape___Black_rot_028523.jpg,Grape_Black_rot,train
train/Rice_Blast/rice-leaf-disease-riceguard_train_rice-leaf-disease-riceguard_train_blast_078760.jpeg,Rice_Blast,train
train/Rice_Healthy/rice-leaf-disease-riceguard_train_rice-leaf-disease-riceguard_train_healthy_079648.jpeg,Rice_Healthy,train
train/Rice_Blast/rice-leaf-disease-riceguard_train_rice-leaf-disease-riceguard_train_blast_076738.jpeg,Rice_Blast,train
train/Peach_healthy/PlantVillage_train_PlantVillage_train_Peach___healthy_037545.jpg,Peach_healthy,train
train/Potato_Early_Blight/PlantVillage_train_PlantVillage_train_Potato___Early_blight_039906.jpg,Potato_Early_Blight,train
val/Strawberry_healthy/PlantVillage_val_PlantVillage_val_Strawberry___healthy_069199.jpg,Strawberry_healthy,val
train/Cherry_(including_sour)_Powdery_mildew/PlantVillage_train_PlantVillage_train_Cherry_(including_sour)___Powdery_mildew_024369.jpg,Cherry_(including_sour)_Powdery_mildew,train
train/Corn_(maize)_healthy/PlantVillage_train_PlantVillage_train_Corn_(maize)___healthy_026171.jpg,Corn_(maize)_healthy,train
train/Apple_Healthy/Apple_Disease_Dataset_train_Apple_Disease_Dataset_train_Apple___healthy_008041.jpg,Apple_Healthy,train
val/Tomato_Septoria_Leaf_Spot/PlantVillage_val_PlantVillage_val_Tomato___Septoria_leaf_spot_071137.jpg,Tomato_Septoria_Leaf_Spot,val
train/Peach_healthy/PlantVillage_train_PlantVillage_train_Peach___healthy_037466.jpg,Peach_healthy,train
train/grape_leaf/plantDoc_train_plantDoc_train_grape_leaf_020230.jpg,grape_leaf,train
train/Rice_Blast/rice-leaf-disease-riceguard_train_rice-leaf-disease-riceguard_train_blast_077223.jpeg,Rice_Blast,train
train/Corn_(maize)_Cercospora_leaf_spot_Gray_leaf_spot/PlantVillage_train_PlantVillage_train_Corn_(maize)___Cercospora_leaf_spot Gray_leaf_spot_025056.jpg,Corn_(maize)_Cercospora_leaf_spot_Gray_leaf_spot,train
train/Raspberry_leaf/plantDoc_train_plantDoc_train_Raspberry_leaf_020856.jpg,Raspberry_leaf,train
train/Apple_Cedar_Apple_Rust/Apple_Disease_Dataset_train_Apple_Disease_Dataset_train_Apple___Cedar_apple_rust_006459.jpg,Apple_Cedar_Apple_Rust,train
train/grape_leaf_black_rot/plantDoc_train_plantDoc_train_grape_leaf_black_rot_020333.jpg,grape_leaf_black_rot,train
train/Tomato_Septoria_Leaf_Spot/PlantVillage_train_PlantVillage_train_Tomato___Septoria_leaf_spot_055167.jpg,Tomato_Septoria_Leaf_Spot,train
"train/Bell_Pepper_Healthy/PlantVillage_train_PlantVillage_train_Pepper,_bell___healthy_038865.jpg",Bell_Pepper_Healthy,train
test/Cherry_leaf/plantDoc_test_plantDoc_test_Cherry_leaf_019157.jpg,Cherry_leaf,test
train/Soybean_healthy/PlantVillage_train_PlantVillage_train_Soybean___healthy_043553.jpg,Soybean_healthy,train
train/Tomato_Late_Blight/PlantVillage_train_PlantVillage_train_Tomato___Late_blight_052907.jpg,Tomato_Late_Blight,train
train/Peach_leaf/plantDoc_train_plantDoc_train_Peach_leaf_020433.jpg,Peach_leaf,train
train/Corn_(maize)_Common_rust_/PlantVillage_train_PlantVillage_train_Corn_(maize)___Common_rust__025367.jpg,Corn_(maize)_Common_rust_,train
val/Potato_Late_Blight/PlantVillage_val_PlantVillage_val_Potato___Late_blight_067625.jpg,Potato_Late_Blight,val
train/Apple_Scab/Apple_Disease_Dataset_train_Apple_Disease_Dataset_train_Apple___Apple_scab_002490.jpg,Apple_Scab,train
train/Apple_Healthy/Apple_Disease_Dataset_train_Apple_Disease_Dataset_train_Apple___healthy_008860.jpg,Apple_Healthy,train
test/Cherry_(including_sour)_Powdery_mildew/PlantVillage_test_PlantVillage_train_Cherry_(including_sour)___Powdery_mildew_023913.jpg,Cherry_(including_sour)_Powdery_mildew,test
train/Apple_Healthy/Apple_Disease_Dataset_train_Apple_Disease_Dataset_train_Apple___healthy_009024.jpg,Apple_Healthy,train
train/Apple_Healthy/Apple_Disease_Dataset_train_Apple_Disease_Dataset_train_Apple___healthy_009039.jpg,Apple_Healthy,train
train/Rice_Bacterial_Leaf_Stripe/rice-leaf-disease-riceguard_train_rice-leaf-disease-riceguard_train_stripes_086274.jpeg,Rice_Bacterial_Leaf_Stripe,train
train/Apple_Scab/Apple_Disease_Dataset_train_Apple_Disease_Dataset_train_Apple___Apple_scab_003957.jpg,Apple_Scab,train
val/Rice_Scald/rice-leaf-disease-riceguard_val_rice-leaf-disease-riceguard_val_scald_091024.jpg,Rice_Scald,val
test/Tomato_Early_Blight/PlantVillage_test_PlantVillage_train_Tomato___Early_blight_050509.jpg,Tomato_Early_Blight,test
train/Peach_healthy/PlantVillage_train_PlantVillage_train_Peach___healthy_037579.jpg,Peach_healthy,train
train/Tomato_Yellow_Leaf_Curl_Virus/plantDoc_train_plantDoc_train_Tomato_leaf_yellow_virus_021593.jpg,Tomato_Yellow_Leaf_Curl_Virus,train
train/Tomato_Leaf_Mold/PlantVillage_train_PlantVillage_train_Tomato___Leaf_Mold_054285.jpg,Tomato_Leaf_Mold,train
train/Strawberry_Leaf_scorch/PlantVillage_train_PlantVillage_train_Strawberry___Leaf_scorch_048321.jpg,Strawberry_Leaf_scorch,train
train/Grape_healthy/PlantVillage_train_PlantVillage_train_Grape___healthy_029871.jpg,Grape_healthy,train
val/Tomato_Leaf_Mold/PlantVillage_val_PlantVillage_val_Tomato___Leaf_Mold_070882.jpg,Tomato_Leaf_Mold,val
train/Corn_leaf_blight/plantDoc_train_plantDoc_train_Corn_leaf_blight_019956.jpg,Corn_leaf_blight,train
train/Orange_Haunglongbing_(Citrus_greening)/PlantVillage_train_PlantVillage_train_Orange___Haunglongbing_(Citrus_greening)_033043.jpg,Orange_Haunglongbing_(Citrus_greening),train
train/Corn_(maize)_Northern_Leaf_Blight/PlantVillage_train_PlantVillage_train_Corn_(maize)___Northern_Leaf_Blight_027088.jpg,Corn_(maize)_Northern_Leaf_Blight,train
val/Blueberry_healthy/PlantVillage_val_PlantVillage_val_Blueberry___healthy_062965.jpg,Blueberry_healthy,val
val/Potato_Early_Blight/PlantVillage_val_PlantVillage_val_Potato___Early_blight_067422.jpg,Potato_Early_Blight,val
train/Squash_Powdery_mildew_leaf/plantDoc_train_plantDoc_train_Squash_Powdery_mildew_leaf_021072.jpg,Squash_Powdery_mildew_leaf,train
train/Apple_Cedar_Apple_Rust/Apple_Disease_Dataset_train_Apple_Disease_Dataset_train_Apple___Cedar_apple_rust_007521.jpg,Apple_Cedar_Apple_Rust,train
test/Tomato_Bacterial_Spot/PlantVillage_test_PlantVillage_train_Tomato___Bacterial_spot_048531.jpg,Tomato_Bacterial_Spot,test
train/Corn_(maize)_Cercospora_leaf_spot_Gray_leaf_spot/PlantVillage_train_PlantVillage_train_Corn_(maize)___Cercospora_leaf_spot Gray_leaf_spot_024940.jpg,Corn_(maize)_Cercospora_leaf_spot_Gray_leaf_spot,train
train/Orange_Haunglongbing_(Citrus_greening)/PlantVillage_train_PlantVillage_train_Orange___Haunglongbing_(Citrus_greening)_033819.jpg,Orange_Haunglongbing_(Citrus_greening),train
train/Apple_Scab/Apple_Disease_Dataset_train_Apple_Disease_Dataset_train_Apple___Apple_scab_002015.jpg,Apple_Scab,train
train/Tomato_Early_Blight/PlantVillage_train_PlantVillage_train_Tomato___Early_blight_050520.jpg,Tomato_Early_Blight,train
train/Rice_Bacterial_Leaf_Stripe/rice-leaf-disease-riceguard_train_rice-leaf-disease-riceguard_train_stripes_087322.jpg,Rice_Bacterial_Leaf_Stripe,train
train/Grape_Leaf_blight_(Isariopsis_Leaf_Spot)/PlantVillage_train_PlantVillage_train_Grape___Leaf_blight_(Isariopsis_Leaf_Spot)_030790.jpg,Grape_Leaf_blight_(Isariopsis_Leaf_Spot),train
train/Cassava_Healthy/Cassava_train_Cassava_train_healthy_019025.jpg,Cassava_Healthy,train
train/Grape_Leaf_blight_(Isariopsis_Leaf_Spot)/PlantVillage_train_PlantVillage_train_Grape___Leaf_blight_(Isariopsis_Leaf_Spot)_030792.jpg,Grape_Leaf_blight_(Isariopsis_Leaf_Spot),train
train/Orange_Haunglongbing_(Citrus_greening)/PlantVillage_train_PlantVillage_train_Orange___Haunglongbing_(Citrus_greening)_034884.jpg,Orange_Haunglongbing_(Citrus_greening),train
train/Blueberry_healthy/PlantVillage_train_PlantVillage_train_Blueberry___healthy_023016.jpg,Blueberry_healthy,train
val/Rice_Healthy/rice-leaf-disease-riceguard_val_rice-leaf-disease-riceguard_val_healthy_090160.jpeg,Rice_Healthy,val
val/Strawberry_Leaf_scorch/PlantVillage_val_PlantVillage_val_Strawberry___Leaf_scorch_069407.jpg,Strawberry_Leaf_scorch,val
train/Orange_Haunglongbing_(Citrus_greening)/PlantVillage_train_PlantVillage_train_Orange___Haunglongbing_(Citrus_greening)_035164.jpg,Orange_Haunglongbing_(Citrus_greening),train
train/Grape_Esca_(Black_Measles)/PlantVillage_train_PlantVillage_train_Grape___Esca_(Black_Measles)_028774.jpg,Grape_Esca_(Black_Measles),train
val/Potato_Early_Blight/PlantVillage_val_PlantVillage_val_Potato___Early_blight_067357.jpg,Potato_Early_Blight,val
train/Squash_Powdery_mildew/PlantVillage_train_PlantVillage_train_Squash___Powdery_mildew_046769.jpg,Squash_Powdery_mildew,train
train/Tomato_Healthy/PlantVillage_train_PlantVillage_train_Tomato___healthy_051786.jpg,Tomato_Healthy,train
train/Apple_Scab/Apple_Disease_Dataset_train_Apple_Disease_Dataset_train_Apple___Apple_scab_003439.jpg,Apple_Scab,train
val/Grape_Esca_(Black_Measles)/PlantVillage_val_PlantVillage_val_Grape___Esca_(Black_Measles)_064833.jpg,Grape_Esca_(Black_Measles),val
train/Rice_Healthy/rice-leaf-disease-riceguard_train_rice-leaf-disease-riceguard_train_healthy_079813.jpeg,Rice_Healthy,train
train/Tomato_Bacterial_Spot/PlantVillage_train_PlantVillage_train_Tomato___Bacterial_spot_049086.jpg,Tomato_Bacterial_Spot,train
val/Tomato_Healthy/PlantVillage_val_PlantVillage_val_Tomato___healthy_070214.jpg,Tomato_Healthy,val
train/Rice_Bacterial_Leaf_Stripe/rice-leaf-disease-riceguard_train_rice-leaf-disease-riceguard_train_stripes_086130.jpeg,Rice_Bacterial_Leaf_Stripe,train
val/Tomato_Late_Blight/PlantVillage_val_PlantVillage_val_Tomato___Late_blight_070582.jpg,Tomato_Late_Blight,val
train/Tomato_Yellow_Leaf_Curl_Virus/PlantVillage_train_PlantVillage_train_Tomato___Tomato_Yellow_Leaf_Curl_Virus_060882.jpg,Tomato_Yellow_Leaf_Curl_Virus,train
train/Tomato_Target_Spot/PlantVillage_train_PlantVillage_train_Tomato___Target_Spot_057491.jpg,Tomato_Target_Spot,train
val/Rice_Bacterial_Leaf_Stripe/rice-leaf-disease-riceguard_val_rice-leaf-disease-riceguard_val_stripes_091324.jpg,Rice_Bacterial_Leaf_Stripe,val
train/Tomato_Yellow_Leaf_Curl_Virus/PlantVillage_train_PlantVillage_train_Tomato___Tomato_Yellow_Leaf_Curl_Virus_061621.jpg,Tomato_Yellow_Leaf_Curl_Virus,train
train/Tomato_Spider_Mites/PlantVillage_train_PlantVillage_train_Tomato___Spider_mites Two-spotted_spider_mite_057193.jpg,Tomato_Spider_Mites,train
train/Tomato_Yellow_Leaf_Curl_Virus/PlantVillage_train_PlantVillage_train_Tomato___Tomato_Yellow_Leaf_Curl_Virus_058988.jpg,Tomato_Yellow_Leaf_Curl_Virus,train
train/Rice_Tungro/rice-leaf-disease-riceguard_train_rice-leaf-disease-riceguard_train_tungro_087919.jpeg,Rice_Tungro,train
train/Tomato_Target_Spot/PlantVillage_train_PlantVillage_train_Tomato___Target_Spot_057258.jpg,Tomato_Target_Spot,train
train/Tomato_Septoria_Leaf_Spot/PlantVillage_train_PlantVillage_train_Tomato___Septoria_leaf_spot_054831.jpg,Tomato_Septoria_Leaf_Spot,train
train/Apple_Scab/Apple_Disease_Dataset_train_Apple_Disease_Dataset_train_Apple___Apple_scab_002892.jpg,Apple_Scab,train
train/Rice_Healthy/rice-leaf-disease-riceguard_train_rice-leaf-disease-riceguard_train_healthy_081290.jpeg,Rice_Healthy,train
val/Tomato_Yellow_Leaf_Curl_Virus/PlantVillage_val_PlantVillage_val_Tomato___Tomato_Yellow_Leaf_Curl_Virus_072122.jpg,Tomato_Yellow_Leaf_Curl_Virus,val
train/Corn_(maize)_Common_rust_/PlantVillage_train_PlantVillage_train_Corn_(maize)___Common_rust__026083.jpg,Corn_(maize)_Common_rust_,train
train/Rice_Healthy/rice-leaf-disease-riceguard_train_rice-leaf-disease-riceguard_train_healthy_079540.jpeg,Rice_Healthy,train
val/Rice_Blast/rice-leaf-disease-riceguard_val_rice-leaf-disease-riceguard_val_blast_089113.jpeg,Rice_Blast,val
train/Cherry_(including_sour)_healthy/PlantVillage_train_PlantVillage_train_Cherry_(including_sour)___healthy_023294.jpg,Cherry_(including_sour)_healthy,train
train/Strawberry_Leaf_scorch/PlantVillage_train_PlantVillage_train_Strawberry___Leaf_scorch_048201.jpg,Strawberry_Leaf_scorch,train
train/Corn_(maize)_healthy/PlantVillage_train_PlantVillage_train_Corn_(maize)___healthy_026854.jpg,Corn_(maize)_healthy,train
val/Rice_Insect_Damage/rice-leaf-disease-riceguard_val_rice-leaf-disease-riceguard_val_insect_090550.jpeg,Rice_Insect_Damage,val
train/Tomato_Late_Blight/PlantVillage_train_PlantVillage_train_Tomato___Late_blight_052522.jpg,Tomato_Late_Blight,train
train/Apple_Black_Rot/Apple_Disease_Dataset_train_Apple_Disease_Dataset_train_Apple___Black_rot_005424.jpg,Apple_Black_Rot,train
train/Tomato_Healthy/PlantVillage_train_PlantVillage_train_Tomato___healthy_052106.jpg,Tomato_Healthy,train
train/Rice_Insect_Damage/rice-leaf-disease-riceguard_train_rice-leaf-disease-riceguard_train_insect_083006.jpeg,Rice_Insect_Damage,train
val/Cherry_leaf/plantDoc_val_plantDoc_train_Cherry_leaf_019857.jpg,Cherry_leaf,val
test/Rice_Healthy/rice-leaf-disease-riceguard_test_rice-leaf-disease-riceguard_test_healthy_074316.jpeg,Rice_Healthy,test
train/Rice_Insect_Damage/rice-leaf-disease-riceguard_train_rice-leaf-disease-riceguard_train_insect_083685.jpeg,Rice_Insect_Damage,train
train/Potato_Healthy/PlantVillage_train_PlantVillage_train_Potato___healthy_040486.jpg,Potato_Healthy,train
test/Rice_Insect_Damage/rice-leaf-disease-riceguard_test_rice-leaf-disease-riceguard_test_insect_074843.jpeg,Rice_Insect_Damage,test
train/Rice_Blast/rice-leaf-disease-riceguard_train_rice-leaf-disease-riceguard_train_blast_076179.jpeg,Rice_Blast,train
train/Tomato_Septoria_Leaf_Spot/PlantVillage_train_PlantVillage_train_Tomato___Septoria_leaf_spot_055497.jpg,Tomato_Septoria_Leaf_Spot,train
train/Rice_Tungro/rice-leaf-disease-riceguard_train_rice-leaf-disease-riceguard_train_tungro_088364.jpeg,Rice_Tungro,train
train/Rice_Healthy/rice-leaf-disease-riceguard_train_rice-leaf-disease-riceguard_train_healthy_081089.jpeg,Rice_Healthy,train
train/Grape_Black_rot/PlantVillage_train_PlantVillage_train_Grape___Black_rot_028311.jpg,Grape_Black_rot,train
train/Tomato_Septoria_Leaf_Spot/PlantVillage_train_PlantVillage_train_Tomato___Septoria_leaf_spot_055083.jpg,Tomato_Septoria_Leaf_Spot,train
test/Apple_Black_Rot/Apple_Disease_Dataset_test_Apple_Disease_Dataset_test_Apple___Black_rot_000678.jpg,Apple_Black_Rot,test
train/Corn_leaf_blight/plantDoc_train_plantDoc_train_Corn_leaf_blight_019937.jpg,Corn_leaf_blight,train
train/Tomato_Mosaic_Virus/PlantVillage_train_PlantVillage_train_Tomato___Tomato_mosaic_virus_058585.jpg,Tomato_Mosaic_Virus,train
train/Tomato_Spider_Mites/PlantVillage_train_PlantVillage_train_Tomato___Spider_mites Two-spotted_spider_mite_056976.jpg,Tomato_Spider_Mites,train
train/Corn_(maize)_Common_rust_/PlantVillage_train_PlantVillage_train_Corn_(maize)___Common_rust__025253.jpg,Corn_(maize)_Common_rust_,train
train/Rice_Tungro/rice-leaf-disease-riceguard_train_rice-leaf-disease-riceguard_train_tungro_087849.jpeg,Rice_Tungro,train
val/Peach_Bacterial_spot/PlantVillage_val_PlantVillage_val_Peach___Bacterial_spot_066483.jpg,Peach_Bacterial_spot,val
train/Tomato_Yellow_Leaf_Curl_Virus/PlantVillage_train_PlantVillage_train_Tomato___Tomato_Yellow_Leaf_Curl_Virus_060752.jpg,Tomato_Yellow_Leaf_Curl_Virus,train
test/Tomato_Late_Blight/PlantVillage_test_PlantVillage_train_Tomato___Late_blight_053077.jpg,Tomato_Late_Blight,test
val/Rice_Leaf_Folder/rice-leaf-disease-riceguard_val_rice-leaf-disease-riceguard_val_leaf_folder_090945.jpg,Rice_Leaf_Folder,val
train/Apple_Scab/Apple_Disease_Dataset_train_Apple_Disease_Dataset_train_Apple___Apple_scab_003415.jpg,Apple_Scab,train
test/Soybean_healthy/PlantVillage_test_PlantVillage_train_Soybean___healthy_043408.jpg,Soybean_healthy,test
train/Cassava_Mosaic_Disease/Cassava_train_Cassava_train_cmd_017801.jpg,Cassava_Mosaic_Disease,train
test/Potato_Healthy/PlantVillage_test_PlantVillage_train_Potato___healthy_040485.jpg,Potato_Healthy,test
train/Tomato_Target_Spot/PlantVillage_train_PlantVillage_train_Tomato___Target_Spot_057884.jpg,Tomato_Target_Spot,train
train/Cassava_Brown_Streak_Disease/Cassava_train_Cassava_train_cbsd_014369.jpg,Cassava_Brown_Streak_Disease,train
train/Grape_Leaf_blight_(Isariopsis_Leaf_Spot)/PlantVillage_train_PlantVillage_train_Grape___Leaf_blight_(Isariopsis_Leaf_Spot)_030696.jpg,Grape_Leaf_blight_(Isariopsis_Leaf_Spot),train
val/Rice_Insect_Damage/rice-leaf-disease-riceguard_val_rice-leaf-disease-riceguard_val_insect_090487.jpeg,Rice_Insect_Damage,val
train/Corn_Gray_leaf_spot/plantDoc_train_plantDoc_train_Corn_Gray_leaf_spot_019889.jpg,Corn_Gray_leaf_spot,train
train/Rice_Insect_Damage/rice-leaf-disease-riceguard_train_rice-leaf-disease-riceguard_train_insect_083086.jpeg,Rice_Insect_Damage,train
train/Cassava_Brown_Streak_Disease/Cassava_train_Cassava_train_cbsd_014154.jpg,Cassava_Brown_Streak_Disease,train
train/Corn_leaf_blight/plantDoc_train_plantDoc_train_Corn_leaf_blight_019951.jpg,Corn_leaf_blight,train
val/Soybean_healthy/PlantVillage_val_PlantVillage_val_Soybean___healthy_067940.jpg,Soybean_healthy,val
train/Grape_Leaf_blight_(Isariopsis_Leaf_Spot)/PlantVillage_train_PlantVillage_train_Grape___Leaf_blight_(Isariopsis_Leaf_Spot)_030783.jpg,Grape_Leaf_blight_(Isariopsis_Leaf_Spot),train
train/Tomato_Late_Blight/PlantVillage_train_PlantVillage_train_Tomato___Late_blight_052640.jpg,Tomato_Late_Blight,train
train/Apple_Scab/Apple_Disease_Dataset_train_Apple_Disease_Dataset_train_Apple___Apple_scab_003884.jpg,Apple_Scab,train
train/Soyabean_leaf/plantDoc_train_plantDoc_train_Soyabean_leaf_020935.jpg,Soyabean_leaf,train
train/Strawberry_Leaf_scorch/PlantVillage_train_PlantVillage_train_Strawberry___Leaf_scorch_047588.jpg,Strawberry_Leaf_scorch,train
train/Potato_Early_Blight/PlantVillage_train_PlantVillage_train_Potato___Early_blight_040220.jpg,Potato_Early_Blight,train
train/Soybean_healthy/PlantVillage_train_PlantVillage_train_Soybean___healthy_044374.jpg,Soybean_healthy,train
train/Rice_Blast/rice-leaf-disease-riceguard_train_rice-leaf-disease-riceguard_train_blast_078221.jpeg,Rice_Blast,train
test/Grape_Leaf_blight_(Isariopsis_Leaf_Spot)/PlantVillage_test_PlantVillage_train_Grape___Leaf_blight_(Isariopsis_Leaf_Spot)_030871.jpg,Grape_Leaf_blight_(Isariopsis_Leaf_Spot),test
train/Rice_Blast/rice-leaf-disease-riceguard_train_rice-leaf-disease-riceguard_train_blast_078225.jpeg,Rice_Blast,train
train/Rice_Tungro/rice-leaf-disease-riceguard_train_rice-leaf-disease-riceguard_train_tungro_087737.jpeg,Rice_Tungro,train
train/Potato_Early_Blight/PlantVillage_train_PlantVillage_train_Potato___Early_blight_040195.jpg,Potato_Early_Blight,train
train/Cassava_Brown_Streak_Disease/Cassava_train_Cassava_train_cbsd_014765.jpg,Cassava_Brown_Streak_Disease,train
train/Rice_Healthy/rice-leaf-disease-riceguard_train_rice-leaf-disease-riceguard_train_healthy_081385.jpeg,Rice_Healthy,train
val/Rice_Insect_Damage/rice-leaf-disease-riceguard_val_rice-leaf-disease-riceguard_val_insect_090455.jpeg,Rice_Insect_Damage,val
"test/Bell_Pepper_Healthy/PlantVillage_test_PlantVillage_train_Pepper,_bell___healthy_038637.jpg",Bell_Pepper_Healthy,test
val/Cherry_(including_sour)_Powdery_mildew/PlantVillage_val_PlantVillage_val_Cherry_(including_sour)___Powdery_mildew_063462.jpg,Cherry_(including_sour)_Powdery_mildew,val
train/Cherry_(including_sour)_healthy/PlantVillage_train_PlantVillage_train_Cherry_(including_sour)___healthy_023551.jpg,Cherry_(including_sour)_healthy,train
val/Peach_Bacterial_spot/PlantVillage_val_PlantVillage_val_Peach___Bacterial_spot_066689.jpg,Peach_Bacterial_spot,val
train/Soybean_healthy/PlantVillage_train_PlantVillage_train_Soybean___healthy_043406.jpg,Soybean_healthy,train
train/Apple_Black_Rot/Apple_Disease_Dataset_train_Apple_Disease_Dataset_train_Apple___Black_rot_004180.jpg,Apple_Black_Rot,train
train/grape_leaf_black_rot/plantDoc_train_plantDoc_train_grape_leaf_black_rot_020329.jpg,grape_leaf_black_rot,train
train/Blueberry_healthy/PlantVillage_train_PlantVillage_train_Blueberry___healthy_022159.jpg,Blueberry_healthy,train
train/Blueberry_healthy/PlantVillage_train_PlantVillage_train_Blueberry___healthy_022119.jpg,Blueberry_healthy,train
train/Strawberry_healthy/PlantVillage_train_PlantVillage_train_Strawberry___healthy_047265.jpg,Strawberry_healthy,train
test/Rice_Insect_Damage/rice-leaf-disease-riceguard_test_rice-leaf-disease-riceguard_test_insect_074724.jpeg,Rice_Insect_Damage,test
train/Rice_Tungro/rice-leaf-disease-riceguard_train_rice-leaf-disease-riceguard_train_tungro_088822.jpg,Rice_Tungro,train
train/Blueberry_leaf/plantDoc_train_plantDoc_train_Blueberry_leaf_019765.jpg,Blueberry_leaf,train
test/Corn_(maize)_healthy/PlantVillage_test_PlantVillage_train_Corn_(maize)___healthy_026875.jpg,Corn_(maize)_healthy,test
train/Tomato_Healthy/PlantVillage_train_PlantVillage_train_Tomato___healthy_050966.jpg,Tomato_Healthy,train
train/Soybean_healthy/PlantVillage_train_PlantVillage_train_Soybean___healthy_045397.jpg,Soybean_healthy,train
train/Tomato_Late_Blight/PlantVillage_train_PlantVillage_train_Tomato___Late_blight_053273.jpg,Tomato_Late_Blight,train
train/Cassava_Brown_Streak_Disease/Cassava_train_Cassava_train_cbsd_014606.jpg,Cassava_Brown_Streak_Disease,train
test/Cassava_Bacterial_Blight/Cassava_test_Cassava_train_cbb_013887.jpg,Cassava_Bacterial_Blight,test
train/Grape_Black_rot/PlantVillage_train_PlantVillage_train_Grape___Black_rot_028599.jpg,Grape_Black_rot,train
train/Apple_Black_Rot/Apple_Disease_Dataset_train_Apple_Disease_Dataset_train_Apple___Black_rot_004977.jpg,Apple_Black_Rot,train
train/Tomato_Bacterial_Spot/PlantVillage_train_PlantVillage_train_Tomato___Bacterial_spot_049587.jpg,Tomato_Bacterial_Spot,train
train/Rice_Insect_Damage/rice-leaf-disease-riceguard_train_rice-leaf-disease-riceguard_train_insect_084142.jpeg,Rice_Insect_Damage,train
train/Potato_Late_Blight/PlantVillage_train_PlantVillage_train_Potato___Late_blight_040642.jpg,Potato_Late_Blight,train
train/Rice_Bacterial_Leaf_Stripe/rice-leaf-disease-riceguard_train_rice-leaf-disease-riceguard_train_stripes_086440.jpeg,Rice_Bacterial_Leaf_Stripe,train
train/Corn_(maize)_healthy/PlantVillage_train_PlantVillage_train_Corn_(maize)___healthy_026880.jpg,Corn_(maize)_healthy,train
train/Rice_Healthy/rice-leaf-disease-riceguard_train_rice-leaf-disease-riceguard_train_healthy_080837.jpeg,Rice_Healthy,train
train/Tomato_Yellow_Leaf_Curl_Virus/PlantVillage_train_PlantVillage_train_Tomato___Tomato_Yellow_Leaf_Curl_Virus_060758.jpg,Tomato_Yellow_Leaf_Curl_Virus,train
train/Blueberry_leaf/plantDoc_train_plantDoc_train_Blueberry_leaf_019723.jpg,Blueberry_leaf,train
train/Soybean_healthy/PlantVillage_train_PlantVillage_train_Soybean___healthy_041960.jpg,Soybean_healthy,train
train/Raspberry_healthy/PlantVillage_train_PlantVillage_train_Raspberry___healthy_041443.jpg,Raspberry_healthy,train
train/Soybean_healthy/PlantVillage_train_PlantVillage_train_Soybean___healthy_043324.jpg,Soybean_healthy,train
train/Orange_Haunglongbing_(Citrus_greening)/PlantVillage_train_PlantVillage_train_Orange___Haunglongbing_(Citrus_greening)_034035.jpg,Orange_Haunglongbing_(Citrus_greening),train
train/Grape_Esca_(Black_Measles)/PlantVillage_train_PlantVillage_train_Grape___Esca_(Black_Measles)_029178.jpg,Grape_Esca_(Black_Measles),train
train/Tomato_Yellow_Leaf_Curl_Virus/PlantVillage_train_PlantVillage_train_Tomato___Tomato_Yellow_Leaf_Curl_Virus_059919.jpg,Tomato_Yellow_Leaf_Curl_Virus,train
train/Rice_Scald/rice-leaf-disease-riceguard_train_rice-leaf-disease-riceguard_train_scald_085949.jpg,Rice_Scald,train
train/Soybean_healthy/PlantVillage_train_PlantVillage_train_Soybean___healthy_044571.jpg,Soybean_healthy,train
train/Orange_Haunglongbing_(Citrus_greening)/PlantVillage_train_PlantVillage_train_Orange___Haunglongbing_(Citrus_greening)_033137.jpg,Orange_Haunglongbing_(Citrus_greening),train
train/Cherry_(including_sour)_Powdery_mildew/PlantVillage_train_PlantVillage_train_Cherry_(including_sour)___Powdery_mildew_024208.jpg,Cherry_(including_sour)_Powdery_mildew,train
train/Tomato_Early_Blight/PlantVillage_train_PlantVillage_train_Tomato___Early_blight_050517.jpg,Tomato_Early_Blight,train
val/Tomato_Bacterial_Spot/PlantVillage_val_PlantVillage_val_Tomato___Bacterial_spot_069575.jpg,Tomato_Bacterial_Spot,val
val/Tomato_Yellow_Leaf_Curl_Virus/PlantVillage_val_PlantVillage_val_Tomato___Tomato_Yellow_Leaf_Curl_Virus_072518.jpg,Tomato_Yellow_Leaf_Curl_Virus,val
train/Tomato_Healthy/PlantVillage_train_PlantVillage_train_Tomato___healthy_051298.jpg,Tomato_Healthy,train
val/Apple_Healthy/Apple_Disease_Dataset_val_Apple_Disease_Dataset_train_Apple___healthy_007795.jpg,Apple_Healthy,val
train/Cherry_(including_sour)_healthy/PlantVillage_train_PlantVillage_train_Cherry_(including_sour)___healthy_023452.jpg,Cherry_(including_sour)_healthy,train
train/Tomato_Bacterial_Spot/PlantVillage_train_PlantVillage_train_Tomato___Bacterial_spot_048477.jpg,Tomato_Bacterial_Spot,train
val/Corn_(maize)_healthy/PlantVillage_val_PlantVillage_val_Corn_(maize)___healthy_063990.jpg,Corn_(maize)_healthy,val
train/Tomato_Target_Spot/PlantVillage_train_PlantVillage_train_Tomato___Target_Spot_057748.jpg,Tomato_Target_Spot,train
"train/Bell_Pepper_Healthy/PlantVillage_train_PlantVillage_train_Pepper,_bell___healthy_038878.jpg",Bell_Pepper_Healthy,train
train/Orange_Haunglongbing_(Citrus_greening)/PlantVillage_train_PlantVillage_train_Orange___Haunglongbing_(Citrus_greening)_032517.jpg,Orange_Haunglongbing_(Citrus_greening),train
train/Apple_Black_Rot/plantDoc_train_plantDoc_train_Apple_rust_leaf_019452.jpg,Apple_Black_Rot,train
train/Corn_(maize)_Northern_Leaf_Blight/PlantVillage_train_PlantVillage_train_Corn_(maize)___Northern_Leaf_Blight_027502.jpg,Corn_(maize)_Northern_Leaf_Blight,train
train/Soybean_healthy/PlantVillage_train_PlantVillage_train_Soybean___healthy_042002.jpg,Soybean_healthy,train
val/Tomato_Mosaic_Virus/PlantVillage_val_PlantVillage_val_Tomato___Tomato_mosaic_virus_071992.jpg,Tomato_Mosaic_Virus,val
val/Rice_Tungro/rice-leaf-disease-riceguard_val_rice-leaf-disease-riceguard_val_tungro_091616.jpg,Rice_Tungro,val
train/grape_leaf/plantDoc_train_plantDoc_train_grape_leaf_020240.jpg,grape_leaf,train
val/Grape_Leaf_blight_(Isariopsis_Leaf_Spot)/PlantVillage_val_PlantVillage_val_Grape___Leaf_blight_(Isariopsis_Leaf_Spot)_065142.jpg,Grape_Leaf_blight_(Isariopsis_Leaf_Spot),val
test/Apple_Cedar_Apple_Rust/Apple_Disease_Dataset_test_Apple_Disease_Dataset_test_Apple___Cedar_apple_rust_001440.jpg,Apple_Cedar_Apple_Rust,test
train/Apple_Cedar_Apple_Rust/Apple_Disease_Dataset_train_Apple_Disease_Dataset_train_Apple___Cedar_apple_rust_006346.jpg,Apple_Cedar_Apple_Rust,train
train/Tomato_Late_Blight/PlantVillage_train_PlantVillage_train_Tomato___Late_blight_053294.jpg,Tomato_Late_Blight,train
train/Tomato_Septoria_Leaf_Spot/PlantVillage_train_PlantVillage_train_Tomato___Septoria_leaf_spot_055332.jpg,Tomato_Septoria_Leaf_Spot,train
train/Rice_Blast/rice-leaf-disease-riceguard_train_rice-leaf-disease-riceguard_train_blast_076439.jpeg,Rice_Blast,train
val/Rice_Scald/rice-leaf-disease-riceguard_val_rice-leaf-disease-riceguard_val_scald_091026.jpg,Rice_Scald,val
val/Grape_Leaf_blight_(Isariopsis_Leaf_Spot)/PlantVillage_val_PlantVillage_val_Grape___Leaf_blight_(Isariopsis_Leaf_Spot)_065160.jpg,Grape_Leaf_blight_(Isariopsis_Leaf_Spot),val
val/Orange_Haunglongbing_(Citrus_greening)/PlantVillage_val_PlantVillage_val_Orange___Haunglongbing_(Citrus_greening)_065638.jpg,Orange_Haunglongbing_(Citrus_greening),val
test/Tomato_Yellow_Leaf_Curl_Virus/PlantVillage_test_PlantVillage_train_Tomato___Tomato_Yellow_Leaf_Curl_Virus_059612.jpg,Tomato_Yellow_Leaf_Curl_Virus,test
train/Raspberry_leaf/plantDoc_train_plantDoc_train_Raspberry_leaf_020908.jpg,Raspberry_leaf,train
"train/Bell_Pepper_Healthy/PlantVillage_train_PlantVillage_train_Pepper,_bell___healthy_039409.jpg",Bell_Pepper_Healthy,train
train/Rice_Bacterial_Leaf_Stripe/rice-leaf-disease-riceguard_train_rice-leaf-disease-riceguard_train_stripes_087094.jpeg,Rice_Bacterial_Leaf_Stripe,train
train/Apple_Black_Rot/Apple_Disease_Dataset_train_Apple_Disease_Dataset_train_Apple___Black_rot_005489.jpg,Apple_Black_Rot,train
train/Blueberry_healthy/PlantVillage_train_PlantVillage_train_Blueberry___healthy_022518.jpg,Blueberry_healthy,train
test/Orange_Haunglongbing_(Citrus_greening)/PlantVillage_test_PlantVillage_train_Orange___Haunglongbing_(Citrus_greening)_034776.jpg,Orange_Haunglongbing_(Citrus_greening),test
train/Tomato_Spider_Mites/PlantVillage_train_PlantVillage_train_Tomato___Spider_mites Two-spotted_spider_mite_056162.jpg,Tomato_Spider_Mites,train
train/Raspberry_healthy/PlantVillage_train_PlantVillage_train_Raspberry___healthy_041351.jpg,Raspberry_healthy,train
train/Apple_Cedar_Apple_Rust/Apple_Disease_Dataset_train_Apple_Disease_Dataset_train_Apple___Cedar_apple_rust_006335.jpg,Apple_Cedar_Apple_Rust,train
train/Corn_rust_leaf/plantDoc_train_plantDoc_train_Corn_rust_leaf_020127.jpg,Corn_rust_leaf,train
train/Apple_Scab/Apple_Disease_Dataset_train_Apple_Disease_Dataset_train_Apple___Apple_scab_003322.jpg,Apple_Scab,train
train/Apple_Healthy/Apple_Disease_Dataset_train_Apple_Disease_Dataset_train_Apple___healthy_007826.jpg,Apple_Healthy,train
train/Rice_Insect_Damage/rice-leaf-disease-riceguard_train_rice-leaf-disease-riceguard_train_insect_083864.jpeg,Rice_Insect_Damage,train
test/Corn_(maize)_healthy/PlantVillage_test_PlantVillage_train_Corn_(maize)___healthy_026714.jpg,Corn_(maize)_healthy,test
train/Apple_Healthy/Apple_Disease_Dataset_train_Apple_Disease_Dataset_train_Apple___healthy_008807.jpg,Apple_Healthy,train
val/Strawberry_healthy/PlantVillage_val_PlantVillage_val_Strawberry___healthy_069229.jpg,Strawberry_healthy,val
train/Strawberry_healthy/PlantVillage_train_PlantVillage_train_Strawberry___healthy_047244.jpg,Strawberry_healthy,train
train/Cassava_Mosaic_Disease/Cassava_train_Cassava_train_cmd_017946.jpg,Cassava_Mosaic_Disease,train
"test/Bell_Pepper_Bacterial_Spot/PlantVillage_test_PlantVillage_train_Pepper,_bell___Bacterial_spot_038279.jpg",Bell_Pepper_Bacterial_Spot,test
train/Blueberry_leaf/plantDoc_train_plantDoc_train_Blueberry_leaf_019755.jpg,Blueberry_leaf,train
val/Squash_Powdery_mildew_leaf/plantDoc_val_plantDoc_train_Squash_Powdery_mildew_leaf_021085.jpg,Squash_Powdery_mildew_leaf,val
val/Cassava_Healthy/Cassava_val_Cassava_train_healthy_018943.jpg,Cassava_Healthy,val
train/grape_leaf/plantDoc_train_plantDoc_train_grape_leaf_020232.jpg,grape_leaf,train
train/Rice_Healthy/rice-leaf-disease-riceguard_train_rice-leaf-disease-riceguard_train_healthy_080543.jpeg,Rice_Healthy,train
train/Orange_Haunglongbing_(Citrus_greening)/PlantVillage_train_PlantVillage_train_Orange___Haunglongbing_(Citrus_greening)_032213.jpg,Orange_Haunglongbing_(Citrus_greening),train
train/Tomato_Bacterial_Spot/PlantVillage_train_PlantVillage_train_Tomato___Bacterial_spot_048579.jpg,Tomato_Bacterial_Spot,train
train/Tomato_Spider_Mites/PlantVillage_train_PlantVillage_train_Tomato___Spider_mites Two-spotted_spider_mite_057057.jpg,Tomato_Spider_Mites,train
train/Corn_(maize)_Cercospora_leaf_spot_Gray_leaf_spot/PlantVillage_train_PlantVillage_train_Corn_(maize)___Cercospora_leaf_spot Gray_leaf_spot_024856.jpg,Corn_(maize)_Cercospora_leaf_spot_Gray_leaf_spot,train
train/Rice_Insect_Damage/rice-leaf-disease-riceguard_train_rice-leaf-disease-riceguard_train_insect_083463.jpeg,Rice_Insect_Damage,train
train/Tomato_Spider_Mites/PlantVillage_train_PlantVillage_train_Tomato___Spider_mites Two-spotted_spider_mite_055995.jpg,Tomato_Spider_Mites,train
train/Blueberry_healthy/PlantVillage_train_PlantVillage_train_Blueberry___healthy_022260.jpg,Blueberry_healthy,train
train/Tomato_Bacterial_Spot/PlantVillage_train_PlantVillage_train_Tomato___Bacterial_spot_049965.jpg,Tomato_Bacterial_Spot,train
val/Potato_Healthy/PlantVillage_val_PlantVillage_val_Potato___healthy_067528.jpg,Potato_Healthy,val
train/Rice_Blast/rice-leaf-disease-riceguard_train_rice-leaf-disease-riceguard_train_blast_078455.jpeg,Rice_Blast,train
test/Strawberry_Leaf_scorch/PlantVillage_test_PlantVillage_train_Strawberry___Leaf_scorch_047503.jpg,Strawberry_Leaf_scorch,test
val/Peach_Bacterial_spot/PlantVillage_val_PlantVillage_val_Peach___Bacterial_spot_066303.jpg,Peach_Bacterial_spot,val
val/Rice_Healthy/rice-leaf-disease-riceguard_val_rice-leaf-disease-riceguard_val_healthy_089899.jpeg,Rice_Healthy,val
val/Tomato_Mosaic_Virus/plantDoc_val_plantDoc_train_Tomato_leaf_mosaic_virus_021511.jpg,Tomato_Mosaic_Virus,val
train/Strawberry_Leaf_scorch/PlantVillage_train_PlantVillage_train_Strawberry___Leaf_scorch_048242.jpg,Strawberry_Leaf_scorch,train
train/Rice_Leaf_Folder/rice-leaf-disease-riceguard_train_rice-leaf-disease-riceguard_train_leaf_folder_085094.jpeg,Rice_Leaf_Folder,train
train/Corn_(maize)_Cercospora_leaf_spot_Gray_leaf_spot/PlantVillage_train_PlantVillage_train_Corn_(maize)___Cercospora_leaf_spot Gray_leaf_spot_025001.jpg,Corn_(maize)_Cercospora_leaf_spot_Gray_leaf_spot,train
train/Rice_Insect_Damage/rice-leaf-disease-riceguard_train_rice-leaf-disease-riceguard_train_insect_084388.jpg,Rice_Insect_Damage,train
train/Corn_rust_leaf/plantDoc_train_plantDoc_train_Corn_rust_leaf_020114.jpg,Corn_rust_leaf,train
train/Rice_Healthy/rice-leaf-disease-riceguard_train_rice-leaf-disease-riceguard_train_healthy_081998.jpeg,Rice_Healthy,train
val/Rice_Blast/rice-leaf-disease-riceguard_val_rice-leaf-disease-riceguard_val_blast_089219.jpeg,Rice_Blast,val
train/Apple_Black_Rot/Apple_Disease_Dataset_train_Apple_Disease_Dataset_train_Apple___Black_rot_004774.jpg,Apple_Black_Rot,train
train/Rice_Bacterial_Leaf_Stripe/rice-leaf-disease-riceguard_train_rice-leaf-disease-riceguard_train_stripes_086889.jpeg,Rice_Bacterial_Leaf_Stripe,train
train/Rice_Healthy/rice-leaf-disease-riceguard_train_rice-leaf-disease-riceguard_train_healthy_081280.jpeg,Rice_Healthy,train
test/Strawberry_Leaf_scorch/PlantVillage_test_PlantVillage_train_Strawberry___Leaf_scorch_047607.jpg,Strawberry_Leaf_scorch,test
train/Cassava_Brown_Streak_Disease/Cassava_train_Cassava_train_cbsd_014319.jpg,Cassava_Brown_Streak_Disease,train
val/Cherry_(including_sour)_healthy/PlantVillage_val_PlantVillage_val_Cherry_(including_sour)___healthy_063374.jpg,Cherry_(including_sour)_healthy,val
train/Soybean_healthy/PlantVillage_train_PlantVillage_train_Soybean___healthy_044859.jpg,Soybean_healthy,train
train/Peach_Bacterial_spot/PlantVillage_train_PlantVillage_train_Peach___Bacterial_spot_035502.jpg,Peach_Bacterial_spot,train
train/Rice_Blast/rice-leaf-disease-riceguard_train_rice-leaf-disease-riceguard_train_blast_077148.jpeg,Rice_Blast,train
val/Tomato_Yellow_Leaf_Curl_Virus/PlantVillage_val_PlantVillage_val_Tomato___Tomato_Yellow_Leaf_Curl_Virus_072080.jpg,Tomato_Yellow_Leaf_Curl_Virus,val
train/Tomato_Late_Blight/PlantVillage_train_PlantVillage_train_Tomato___Late_blight_052322.jpg,Tomato_Late_Blight,train
train/Rice_Tungro/rice-leaf-disease-riceguard_train_rice-leaf-disease-riceguard_train_tungro_087542.jpeg,Rice_Tungro,train
train/Cherry_(including_sour)_Powdery_mildew/PlantVillage_train_PlantVillage_train_Cherry_(including_sour)___Powdery_mildew_024335.jpg,Cherry_(including_sour)_Powdery_mildew,train
train/Apple_Scab/Apple_Disease_Dataset_train_Apple_Disease_Dataset_train_Apple___Apple_scab_002765.jpg,Apple_Scab,train
train/Tomato_Yellow_Leaf_Curl_Virus/PlantVillage_train_PlantVillage_train_Tomato___Tomato_Yellow_Leaf_Curl_Virus_059017.jpg,Tomato_Yellow_Leaf_Curl_Virus,train
train/Tomato_Late_Blight/PlantVillage_train_PlantVillage_train_Tomato___Late_blight_052867.jpg,Tomato_Late_Blight,train
train/Rice_Blast/rice-leaf-disease-riceguard_train_rice-leaf-disease-riceguard_train_blast_076853.jpeg,Rice_Blast,train
train/Corn_(maize)_Northern_Leaf_Blight/PlantVillage_train_PlantVillage_train_Corn_(maize)___Northern_Leaf_Blight_027583.jpg,Corn_(maize)_Northern_Leaf_Blight,train
train/Grape_Black_rot/PlantVillage_train_PlantVillage_train_Grape___Black_rot_028409.jpg,Grape_Black_rot,train
test/Cassava_Mosaic_Disease/Cassava_test_Cassava_train_cmd_017940.jpg,Cassava_Mosaic_Disease,test
train/Corn_(maize)_Cercospora_leaf_spot_Gray_leaf_spot/PlantVillage_train_PlantVillage_train_Corn_(maize)___Cercospora_leaf_spot Gray_leaf_spot_024763.jpg,Corn_(maize)_Cercospora_leaf_spot_Gray_leaf_spot,train
val/Tomato_Late_Blight/PlantVillage_val_PlantVillage_val_Tomato___Late_blight_070518.jpg,Tomato_Late_Blight,val
train/Apple_Black_Rot/Apple_Disease_Dataset_train_Apple_Disease_Dataset_train_Apple___Black_rot_004349.jpg,Apple_Black_Rot,train
train/Rice_Blast/rice-leaf-disease-riceguard_train_rice-leaf-disease-riceguard_train_blast_077351.jpeg,Rice_Blast,train
val/Potato_Late_Blight/PlantVillage_val_PlantVillage_val_Potato___Late_blight_067682.jpg,Potato_Late_Blight,val
val/Squash_Powdery_mildew/PlantVillage_val_PlantVillage_val_Squash___Powdery_mildew_068941.jpg,Squash_Powdery_mildew,val
train/Squash_Powdery_mildew_leaf/plantDoc_train_plantDoc_train_Squash_Powdery_mildew_leaf_021063.jpg,Squash_Powdery_mildew_leaf,train
test/Potato_Early_Blight/PlantVillage_test_PlantVillage_train_Potato___Early_blight_039845.jpg,Potato_Early_Blight,test
train/Apple_Scab/Apple_Disease_Dataset_train_Apple_Disease_Dataset_train_Apple___Apple_scab_002740.jpg,Apple_Scab,train
train/Tomato_Leaf_Mold/PlantVillage_train_PlantVillage_train_Tomato___Leaf_Mold_053948.jpg,Tomato_Leaf_Mold,train
test/Orange_Haunglongbing_(Citrus_greening)/PlantVillage_test_PlantVillage_train_Orange___Haunglongbing_(Citrus_greening)_033566.jpg,Orange_Haunglongbing_(Citrus_greening),test
train/Tomato_Yellow_Leaf_Curl_Virus/PlantVillage_train_PlantVillage_train_Tomato___Tomato_Yellow_Leaf_Curl_Virus_058866.jpg,Tomato_Yellow_Leaf_Curl_Virus,train
train/Strawberry_Leaf_scorch/PlantVillage_train_PlantVillage_train_Strawberry___Leaf_scorch_048184.jpg,Strawberry_Leaf_scorch,train
train/Rice_Insect_Damage/rice-leaf-disease-riceguard_train_rice-leaf-disease-riceguard_train_insect_084016.jpeg,Rice_Insect_Damage,train
train/Corn_leaf_blight/plantDoc_train_plantDoc_train_Corn_leaf_blight_019980.jpg,Corn_leaf_blight,train
train/Rice_Tungro/rice-leaf-disease-riceguard_train_rice-leaf-disease-riceguard_train_tungro_088553.jpeg,Rice_Tungro,train
train/Cassava_Brown_Streak_Disease/Cassava_train_Cassava_train_cbsd_015106.jpg,Cassava_Brown_Streak_Disease,train
"train/Bell_Pepper_Bacterial_Spot/PlantVillage_train_PlantVillage_train_Pepper,_bell___Bacterial_spot_037599.jpg",Bell_Pepper_Bacterial_Spot,train
test/Apple_Cedar_Apple_Rust/Apple_Disease_Dataset_test_Apple_Disease_Dataset_test_Apple___Cedar_apple_rust_001075.jpg,Apple_Cedar_Apple_Rust,test
val/Corn_(maize)_Common_rust_/PlantVillage_val_PlantVillage_val_Corn_(maize)___Common_rust__063863.jpg,Corn_(maize)_Common_rust_,val
train/Squash_Powdery_mildew/PlantVillage_train_PlantVillage_train_Squash___Powdery_mildew_046051.jpg,Squash_Powdery_mildew,train
train/Peach_Bacterial_spot/PlantVillage_train_PlantVillage_train_Peach___Bacterial_spot_036995.jpg,Peach_Bacterial_spot,train
train/Cherry_(including_sour)_Powdery_mildew/PlantVillage_train_PlantVillage_train_Cherry_(including_sour)___Powdery_mildew_024412.jpg,Cherry_(including_sour)_Powdery_mildew,train
test/Rice_Bacterial_Leaf_Stripe/rice-leaf-disease-riceguard_test_rice-leaf-disease-riceguard_test_stripes_075400.jpeg,Rice_Bacterial_Leaf_Stripe,test
train/Grape_Leaf_blight_(Isariopsis_Leaf_Spot)/PlantVillage_train_PlantVillage_train_Grape___Leaf_blight_(Isariopsis_Leaf_Spot)_031056.jpg,Grape_Leaf_blight_(Isariopsis_Leaf_Spot),train
test/Tomato_Leaf_Mold/PlantVillage_test_PlantVillage_train_Tomato___Leaf_Mold_053962.jpg,Tomato_Leaf_Mold,test
"test/Bell_Pepper_Healthy/PlantVillage_test_PlantVillage_train_Pepper,_bell___healthy_039472.jpg",Bell_Pepper_Healthy,test
train/Rice_Insect_Damage/rice-leaf-disease-riceguard_train_rice-leaf-disease-riceguard_train_insect_082904.jpeg,Rice_Insect_Damage,train
train/Orange_Haunglongbing_(Citrus_greening)/PlantVillage_train_PlantVillage_train_Orange___Haunglongbing_(Citrus_greening)_035189.jpg,Orange_Haunglongbing_(Citrus_greening),train
train/Cassava_Healthy/Cassava_train_Cassava_train_healthy_019028.jpg,Cassava_Healthy,train
train/Raspberry_leaf/plantDoc_train_plantDoc_train_Raspberry_leaf_020842.jpg,Raspberry_leaf,train
"train/Bell_Pepper_Bacterial_Spot/PlantVillage_train_PlantVillage_train_Pepper,_bell___Bacterial_spot_037621.jpg",Bell_Pepper_Bacterial_Spot,train
train/Grape_Leaf_blight_(Isariopsis_Leaf_Spot)/PlantVillage_train_PlantVillage_train_Grape___Leaf_blight_(Isariopsis_Leaf_Spot)_030863.jpg,Grape_Leaf_blight_(Isariopsis_Leaf_Spot),train
test/Rice_Tungro/rice-leaf-disease-riceguard_test_rice-leaf-disease-riceguard_test_tungro_075655.jpeg,Rice_Tungro,test
train/Tomato_Mosaic_Virus/PlantVillage_train_PlantVillage_train_Tomato___Tomato_mosaic_virus_058364.jpg,Tomato_Mosaic_Virus,train
train/Strawberry_healthy/PlantVillage_train_PlantVillage_train_Strawberry___healthy_047482.jpg,Strawberry_healthy,train
train/Corn_rust_leaf/plantDoc_train_plantDoc_train_Corn_rust_leaf_020149.jpg,Corn_rust_leaf,train
test/Blueberry_healthy/PlantVillage_test_PlantVillage_train_Blueberry___healthy_022806.jpg,Blueberry_healthy,test
train/Tomato_Yellow_Leaf_Curl_Virus/PlantVillage_train_PlantVillage_train_Tomato___Tomato_Yellow_Leaf_Curl_Virus_058848.jpg,Tomato_Yellow_Leaf_Curl_Virus,train
train/Cassava_Healthy/Cassava_train_Cassava_train_healthy_018931.jpg,Cassava_Healthy,train
train/Tomato_Late_Blight/PlantVillage_train_PlantVillage_train_Tomato___Late_blight_053036.jpg,Tomato_Late_Blight,train
test/Strawberry_leaf/plantDoc_test_plantDoc_test_Strawberry_leaf_019259.jpg,Strawberry_leaf,test
train/Grape_Black_rot/PlantVillage_train_PlantVillage_train_Grape___Black_rot_028125.jpg,Grape_Black_rot,train
train/Tomato_Septoria_Leaf_Spot/plantDoc_train_plantDoc_train_Tomato_Septoria_leaf_spot_021941.jpg,Tomato_Septoria_Leaf_Spot,train
train/Potato_Early_Blight/PlantVillage_train_PlantVillage_train_Potato___Early_blight_040165.jpg,Potato_Early_Blight,train
train/Apple_Cedar_Apple_Rust/Apple_Disease_Dataset_train_Apple_Disease_Dataset_train_Apple___Cedar_apple_rust_006377.jpg,Apple_Cedar_Apple_Rust,train
train/Tomato_Spider_Mites/PlantVillage_train_PlantVillage_train_Tomato___Spider_mites Two-spotted_spider_mite_056345.jpg,Tomato_Spider_Mites,train
val/Rice_Blast/rice-leaf-disease-riceguard_val_rice-leaf-disease-riceguard_val_blast_089314.jpeg,Rice_Blast,val
train/Cassava_Mosaic_Disease/Cassava_train_Cassava_train_cmd_018496.jpg,Cassava_Mosaic_Disease,train
train/Soybean_healthy/PlantVillage_train_PlantVillage_train_Soybean___healthy_042327.jpg,Soybean_healthy,train
train/Tomato_Late_Blight/PlantVillage_train_PlantVillage_train_Tomato___Late_blight_053229.jpg,Tomato_Late_Blight,train
train/Apple_Healthy/Apple_Disease_Dataset_train_Apple_Disease_Dataset_train_Apple___healthy_009698.jpg,Apple_Healthy,train
train/Cassava_Green_Mite/Cassava_train_Cassava_train_cgm_015489.jpg,Cassava_Green_Mite,train
test/Tomato_Bacterial_Spot/PlantVillage_test_PlantVillage_train_Tomato___Bacterial_spot_049496.jpg,Tomato_Bacterial_Spot,test
test/Raspberry_healthy/PlantVillage_test_PlantVillage_train_Raspberry___healthy_041491.jpg,Raspberry_healthy,test
train/Rice_Tungro/rice-leaf-disease-riceguard_train_rice-leaf-disease-riceguard_train_tungro_088529.jpeg,Rice_Tungro,train
val/Tomato_Target_Spot/PlantVillage_val_PlantVillage_val_Tomato___Target_Spot_071840.jpg,Tomato_Target_Spot,val
train/Rice_Scald/rice-leaf-disease-riceguard_train_rice-leaf-disease-riceguard_train_scald_085966.jpg,Rice_Scald,train
train/Cassava_Healthy/Cassava_train_Cassava_train_healthy_019013.jpg,Cassava_Healthy,train
test/Strawberry_healthy/PlantVillage_test_PlantVillage_train_Strawberry___healthy_047429.jpg,Strawberry_healthy,test
train/Tomato_Target_Spot/PlantVillage_train_PlantVillage_train_Tomato___Target_Spot_057853.jpg,Tomato_Target_Spot,train
test/Grape_Esca_(Black_Measles)/PlantVillage_test_PlantVillage_train_Grape___Esca_(Black_Measles)_029560.jpg,Grape_Esca_(Black_Measles),test
test/Tomato_Yellow_Leaf_Curl_Virus/PlantVillage_test_PlantVillage_train_Tomato___Tomato_Yellow_Leaf_Curl_Virus_061511.jpg,Tomato_Yellow_Leaf_Curl_Virus,test
train/Rice_Healthy/rice-leaf-disease-riceguard_train_rice-leaf-disease-riceguard_train_healthy_080675.jpeg,Rice_Healthy,train
val/Rice_Healthy/rice-leaf-disease-riceguard_val_rice-leaf-disease-riceguard_val_healthy_089930.jpeg,Rice_Healthy,val
train/Tomato_Spider_Mites/PlantVillage_train_PlantVillage_train_Tomato___Spider_mites Two-spotted_spider_mite_055884.jpg,Tomato_Spider_Mites,train
test/Cassava_Mosaic_Disease/Cassava_test_Cassava_train_cmd_018695.jpg,Cassava_Mosaic_Disease,test
train/Soybean_healthy/PlantVillage_train_PlantVillage_train_Soybean___healthy_042225.jpg,Soybean_healthy,train
train/Peach_Bacterial_spot/PlantVillage_train_PlantVillage_train_Peach___Bacterial_spot_035540.jpg,Peach_Bacterial_spot,train
test/Rice_Bacterial_Leaf_Stripe/rice-leaf-disease-riceguard_test_rice-leaf-disease-riceguard_test_stripes_075367.jpeg,Rice_Bacterial_Leaf_Stripe,test
train/Tomato_Yellow_Leaf_Curl_Virus/PlantVillage_train_PlantVillage_train_Tomato___Tomato_Yellow_Leaf_Curl_Virus_061993.jpg,Tomato_Yellow_Leaf_Curl_Virus,train
test/Cassava_Mosaic_Disease/Cassava_test_Cassava_train_cmd_017141.jpg,Cassava_Mosaic_Disease,test
train/Raspberry_healthy/PlantVillage_train_PlantVillage_train_Raspberry___healthy_041419.jpg,Raspberry_healthy,train
val/Tomato_Yellow_Leaf_Curl_Virus/PlantVillage_val_PlantVillage_val_Tomato___Tomato_Yellow_Leaf_Curl_Virus_072904.jpg,Tomato_Yellow_Leaf_Curl_Virus,val
train/Strawberry_leaf/plantDoc_train_plantDoc_train_Strawberry_leaf_021103.jpg,Strawberry_leaf,train
train/Tomato_Healthy/PlantVillage_train_PlantVillage_train_Tomato___healthy_051899.jpg,Tomato_Healthy,train
train/Soybean_healthy/PlantVillage_train_PlantVillage_train_Soybean___healthy_044781.jpg,Soybean_healthy,train
val/Strawberry_Leaf_scorch/PlantVillage_val_PlantVillage_val_Strawberry___Leaf_scorch_069454.jpg,Strawberry_Leaf_scorch,val
test/Corn_(maize)_healthy/PlantVillage_test_PlantVillage_train_Corn_(maize)___healthy_026374.jpg,Corn_(maize)_healthy,test
train/Corn_(maize)_Northern_Leaf_Blight/PlantVillage_train_PlantVillage_train_Corn_(maize)___Northern_Leaf_Blight_027426.jpg,Corn_(maize)_Northern_Leaf_Blight,train
train/Apple_Healthy/Apple_Disease_Dataset_train_Apple_Disease_Dataset_train_Apple___healthy_008059.jpg,Apple_Healthy,train
test/Potato_Late_Blight/plantDoc_test_plantDoc_test_Potato_leaf_late_blight_019229.jpg,Potato_Late_Blight,test
train/Cassava_Green_Mite/Cassava_train_Cassava_train_cgm_015805.jpg,Cassava_Green_Mite,train
train/Tomato_Bacterial_Spot/plantDoc_train_plantDoc_train_Tomato_leaf_bacterial_spot_021374.jpg,Tomato_Bacterial_Spot,train
train/Soybean_healthy/PlantVillage_train_PlantVillage_train_Soybean___healthy_045125.jpg,Soybean_healthy,train
test/Apple_Healthy/Apple_Disease_Dataset_test_Apple_Disease_Dataset_test_Apple___healthy_001841.jpg,Apple_Healthy,test
train/Soybean_healthy/PlantVillage_train_PlantVillage_train_Soybean___healthy_041814.jpg,Soybean_healthy,train
train/Grape_Esca_(Black_Measles)/PlantVillage_train_PlantVillage_train_Grape___Esca_(Black_Measles)_028795.jpg,Grape_Esca_(Black_Measles),train
train/Tomato_Yellow_Leaf_Curl_Virus/PlantVillage_train_PlantVillage_train_Tomato___Tomato_Yellow_Leaf_Curl_Virus_058872.jpg,Tomato_Yellow_Leaf_Curl_Virus,train
train/Tomato_Yellow_Leaf_Curl_Virus/PlantVillage_train_PlantVillage_train_Tomato___Tomato_Yellow_Leaf_Curl_Virus_060658.jpg,Tomato_Yellow_Leaf_Curl_Virus,train
train/Cassava_Green_Mite/Cassava_train_Cassava_train_cgm_015616.jpg,Cassava_Green_Mite,train
train/Potato_Early_Blight/PlantVillage_train_PlantVillage_train_Potato___Early_blight_039760.jpg,Potato_Early_Blight,train
train/Apple_Healthy/Apple_Disease_Dataset_train_Apple_Disease_Dataset_train_Apple___healthy_009150.jpg,Apple_Healthy,train
train/Blueberry_healthy/PlantVillage_train_PlantVillage_train_Blueberry___healthy_022132.jpg,Blueberry_healthy,train
train/Rice_Blast/rice-leaf-disease-riceguard_train_rice-leaf-disease-riceguard_train_blast_076250.jpeg,Rice_Blast,train
test/Orange_Haunglongbing_(Citrus_greening)/PlantVillage_test_PlantVillage_train_Orange___Haunglongbing_(Citrus_greening)_035439.jpg,Orange_Haunglongbing_(Citrus_greening),test
train/Rice_Healthy/rice-leaf-disease-riceguard_train_rice-leaf-disease-riceguard_train_healthy_081283.jpeg,Rice_Healthy,train
train/Cherry_(including_sour)_Powdery_mildew/PlantVillage_train_PlantVillage_train_Cherry_(including_sour)___Powdery_mildew_024722.jpg,Cherry_(including_sour)_Powdery_mildew,train
train/Tomato_Yellow_Leaf_Curl_Virus/PlantVillage_train_PlantVillage_train_Tomato___Tomato_Yellow_Leaf_Curl_Virus_058634.jpg,Tomato_Yellow_Leaf_Curl_Virus,train
train/Tomato_Septoria_Leaf_Spot/PlantVillage_train_PlantVillage_train_Tomato___Septoria_leaf_spot_055729.jpg,Tomato_Septoria_Leaf_Spot,train
train/Tomato_Late_Blight/PlantVillage_train_PlantVillage_train_Tomato___Late_blight_052676.jpg,Tomato_Late_Blight,train
train/Strawberry_healthy/PlantVillage_train_PlantVillage_train_Strawberry___healthy_047296.jpg,Strawberry_healthy,train
train/Peach_Bacterial_spot/PlantVillage_train_PlantVillage_train_Peach___Bacterial_spot_037114.jpg,Peach_Bacterial_spot,train
train/Rice_Healthy/rice-leaf-disease-riceguard_train_rice-leaf-disease-riceguard_train_healthy_081142.jpeg,Rice_Healthy,train
train/Orange_Haunglongbing_(Citrus_greening)/PlantVillage_train_PlantVillage_train_Orange___Haunglongbing_(Citrus_greening)_031864.jpg,Orange_Haunglongbing_(Citrus_greening),train
"train/Bell_Pepper_Healthy/PlantVillage_train_PlantVillage_train_Pepper,_bell___healthy_038486.jpg",Bell_Pepper_Healthy,train
train/Rice_Leaf_Folder/rice-leaf-disease-riceguard_train_rice-leaf-disease-riceguard_train_leaf_folder_085355.jpeg,Rice_Leaf_Folder,train
test/Strawberry_Leaf_scorch/PlantVillage_test_PlantVillage_train_Strawberry___Leaf_scorch_047830.jpg,Strawberry_Leaf_scorch,test
test/Orange_Haunglongbing_(Citrus_greening)/PlantVillage_test_PlantVillage_train_Orange___Haunglongbing_(Citrus_greening)_034527.jpg,Orange_Haunglongbing_(Citrus_greening),test
train/Grape_Black_rot/PlantVillage_train_PlantVillage_train_Grape___Black_rot_027891.jpg,Grape_Black_rot,train
val/Potato_Late_Blight/PlantVillage_val_PlantVillage_val_Potato___Late_blight_067642.jpg,Potato_Late_Blight,val
train/Apple_Healthy/plantDoc_train_plantDoc_train_Apple_leaf_019422.jpg,Apple_Healthy,train
train/Cassava_Brown_Streak_Disease/Cassava_train_Cassava_train_cbsd_015096.jpg,Cassava_Brown_Streak_Disease,train
train/Tomato_Septoria_Leaf_Spot/plantDoc_train_plantDoc_train_Tomato_Septoria_leaf_spot_021896.jpg,Tomato_Septoria_Leaf_Spot,train
test/Cherry_leaf/plantDoc_test_plantDoc_test_Cherry_leaf_019151.jpg,Cherry_leaf,test
train/Cherry_(including_sour)_Powdery_mildew/PlantVillage_train_PlantVillage_train_Cherry_(including_sour)___Powdery_mildew_024491.jpg,Cherry_(including_sour)_Powdery_mildew,train
train/Orange_Haunglongbing_(Citrus_greening)/PlantVillage_train_PlantVillage_train_Orange___Haunglongbing_(Citrus_greening)_031555.jpg,Orange_Haunglongbing_(Citrus_greening),train
"train/Bell_Pepper_Healthy/PlantVillage_train_PlantVillage_train_Pepper,_bell___healthy_039065.jpg",Bell_Pepper_Healthy,train
train/Strawberry_leaf/plantDoc_train_plantDoc_train_Strawberry_leaf_021132.jpg,Strawberry_leaf,train
"test/Bell_Pepper_Bacterial_Spot/PlantVillage_test_PlantVillage_train_Pepper,_bell___Bacterial_spot_038210.jpg",Bell_Pepper_Bacterial_Spot,test
train/Corn_(maize)_Common_rust_/PlantVillage_train_PlantVillage_train_Corn_(maize)___Common_rust__025818.jpg,Corn_(maize)_Common_rust_,train
val/Potato_Early_Blight/PlantVillage_val_PlantVillage_val_Potato___Early_blight_067452.jpg,Potato_Early_Blight,val
test/Apple_Black_Rot/Apple_Disease_Dataset_test_Apple_Disease_Dataset_test_Apple___Black_rot_000645.jpg,Apple_Black_Rot,test
train/Tomato_Bacterial_Spot/PlantVillage_train_PlantVillage_train_Tomato___Bacterial_spot_048626.jpg,Tomato_Bacterial_Spot,train
train/Strawberry_Leaf_scorch/PlantVillage_train_PlantVillage_train_Strawberry___Leaf_scorch_048266.jpg,Strawberry_Leaf_scorch,train
val/Corn_(maize)_Northern_Leaf_Blight/PlantVillage_val_PlantVillage_val_Corn_(maize)___Northern_Leaf_Blight_064178.jpg,Corn_(maize)_Northern_Leaf_Blight,val
val/Tomato_Target_Spot/PlantVillage_val_PlantVillage_val_Tomato___Target_Spot_071860.jpg,Tomato_Target_Spot,val
train/Grape_Leaf_blight_(Isariopsis_Leaf_Spot)/PlantVillage_train_PlantVillage_train_Grape___Leaf_blight_(Isariopsis_Leaf_Spot)_030680.jpg,Grape_Leaf_blight_(Isariopsis_Leaf_Spot),train
train/Cassava_Bacterial_Blight/Cassava_train_Cassava_train_cbb_013476.jpg,Cassava_Bacterial_Blight,train
train/Cassava_Mosaic_Disease/Cassava_train_Cassava_train_cmd_017358.jpg,Cassava_Mosaic_Disease,train
train/Rice_Blast/rice-leaf-disease-riceguard_train_rice-leaf-disease-riceguard_train_blast_078606.jpeg,Rice_Blast,train
train/Strawberry_Leaf_scorch/PlantVillage_train_PlantVillage_train_Strawberry___Leaf_scorch_048153.jpg,Strawberry_Leaf_scorch,train
train/Orange_Haunglongbing_(Citrus_greening)/PlantVillage_train_PlantVillage_train_Orange___Haunglongbing_(Citrus_greening)_031549.jpg,Orange_Haunglongbing_(Citrus_greening),train
train/Corn_(maize)_Cercospora_leaf_spot_Gray_leaf_spot/PlantVillage_train_PlantVillage_train_Corn_(maize)___Cercospora_leaf_spot Gray_leaf_spot_024878.jpg,Corn_(maize)_Cercospora_leaf_spot_Gray_leaf_spot,train
test/Grape_Leaf_blight_(Isariopsis_Leaf_Spot)/PlantVillage_test_PlantVillage_train_Grape___Leaf_blight_(Isariopsis_Leaf_Spot)_030711.jpg,Grape_Leaf_blight_(Isariopsis_Leaf_Spot),test
train/Rice_Insect_Damage/rice-leaf-disease-riceguard_train_rice-leaf-disease-riceguard_train_insect_083152.jpeg,Rice_Insect_Damage,train
train/Apple_Scab/Apple_Disease_Dataset_train_Apple_Disease_Dataset_train_Apple___Apple_scab_003234.jpg,Apple_Scab,train
test/Cassava_Green_Mite/Cassava_test_Cassava_train_cgm_015415.jpg,Cassava_Green_Mite,test
train/Tomato_Septoria_Leaf_Spot/PlantVillage_train_PlantVillage_train_Tomato___Septoria_leaf_spot_055627.jpg,Tomato_Septoria_Leaf_Spot,train
train/Cassava_Bacterial_Blight/Cassava_train_Cassava_train_cbb_013787.jpg,Cassava_Bacterial_Blight,train
train/Grape_Esca_(Black_Measles)/PlantVillage_train_PlantVillage_train_Grape___Esca_(Black_Measles)_029397.jpg,Grape_Esca_(Black_Measles),train
val/Tomato_Leaf_Mold/PlantVillage_val_PlantVillage_val_Tomato___Leaf_Mold_070880.jpg,Tomato_Leaf_Mold,val
train/Tomato_Yellow_Leaf_Curl_Virus/PlantVillage_train_PlantVillage_train_Tomato___Tomato_Yellow_Leaf_Curl_Virus_060995.jpg,Tomato_Yellow_Leaf_Curl_Virus,train
test/Cassava_Green_Mite/Cassava_test_Cassava_train_cgm_015364.jpg,Cassava_Green_Mite,test
train/Potato_Healthy/PlantVillage_train_PlantVillage_train_Potato___healthy_040379.jpg,Potato_Healthy,train
val/Cassava_Mosaic_Disease/Cassava_val_Cassava_train_cmd_018036.jpg,Cassava_Mosaic_Disease,val
train/Tomato_Spider_Mites/PlantVillage_train_PlantVillage_train_Tomato___Spider_mites Two-spotted_spider_mite_056496.jpg,Tomato_Spider_Mites,train
"train/Bell_Pepper_Bacterial_Spot/PlantVillage_train_PlantVillage_train_Pepper,_bell___Bacterial_spot_037659.jpg",Bell_Pepper_Bacterial_Spot,train
train/Tomato_Bacterial_Spot/PlantVillage_train_PlantVillage_train_Tomato___Bacterial_spot_049747.jpg,Tomato_Bacterial_Spot,train
test/Rice_Tungro/rice-leaf-disease-riceguard_test_rice-leaf-disease-riceguard_test_tungro_075740.jpeg,Rice_Tungro,test
train/Tomato_Early_Blight/PlantVillage_train_PlantVillage_train_Tomato___Early_blight_050436.jpg,Tomato_Early_Blight,train
train/Grape_Esca_(Black_Measles)/PlantVillage_train_PlantVillage_train_Grape___Esca_(Black_Measles)_029734.jpg,Grape_Esca_(Black_Measles),train
"train/Bell_Pepper_Healthy/PlantVillage_train_PlantVillage_train_Pepper,_bell___healthy_038623.jpg",Bell_Pepper_Healthy,train
"train/Bell_Pepper_Healthy/PlantVillage_train_PlantVillage_train_Pepper,_bell___healthy_039331.jpg",Bell_Pepper_Healthy,train
test/Rice_Blast/rice-leaf-disease-riceguard_test_rice-leaf-disease-riceguard_test_blast_073473.jpeg,Rice_Blast,test
train/Tomato_Bacterial_Spot/PlantVillage_train_PlantVillage_train_Tomato___Bacterial_spot_048744.jpg,Tomato_Bacterial_Spot,train
train/Apple_Healthy/Apple_Disease_Dataset_train_Apple_Disease_Dataset_train_Apple___healthy_008385.jpg,Apple_Healthy,train
train/Squash_Powdery_mildew/PlantVillage_train_PlantVillage_train_Squash___Powdery_mildew_046359.jpg,Squash_Powdery_mildew,train
train/Rice_Insect_Damage/rice-leaf-disease-riceguard_train_rice-leaf-disease-riceguard_train_insect_083415.jpeg,Rice_Insect_Damage,train
train/Apple_Scab/Apple_Disease_Dataset_train_Apple_Disease_Dataset_train_Apple___Apple_scab_002625.jpg,Apple_Scab,train
test/Orange_Haunglongbing_(Citrus_greening)/PlantVillage_test_PlantVillage_train_Orange___Haunglongbing_(Citrus_greening)_035238.jpg,Orange_Haunglongbing_(Citrus_greening),test
train/Strawberry_Leaf_scorch/PlantVillage_train_PlantVillage_train_Strawberry___Leaf_scorch_048199.jpg,Strawberry_Leaf_scorch,train
train/Soybean_healthy/PlantVillage_train_PlantVillage_train_Soybean___healthy_043777.jpg,Soybean_healthy,train
train/Orange_Haunglongbing_(Citrus_greening)/PlantVillage_train_PlantVillage_train_Orange___Haunglongbing_(Citrus_greening)_031612.jpg,Orange_Haunglongbing_(Citrus_greening),train
train/Corn_Gray_leaf_spot/plantDoc_train_plantDoc_train_Corn_Gray_leaf_spot_019866.jpg,Corn_Gray_leaf_spot,train
val/Peach_healthy/PlantVillage_val_PlantVillage_val_Peach___healthy_066742.jpg,Peach_healthy,val
train/Potato_Early_Blight/PlantVillage_train_PlantVillage_train_Potato___Early_blight_039811.jpg,Potato_Early_Blight,train
val/Corn_(maize)_healthy/PlantVillage_val_PlantVillage_val_Corn_(maize)___healthy_064128.jpg,Corn_(maize)_healthy,val
train/Cassava_Healthy/Cassava_train_Cassava_train_healthy_018965.jpg,Cassava_Healthy,train
train/Tomato_Mosaic_Virus/PlantVillage_train_PlantVillage_train_Tomato___Tomato_mosaic_virus_058607.jpg,Tomato_Mosaic_Virus,train
"train/Bell_Pepper_Bacterial_Spot/PlantVillage_train_PlantVillage_train_Pepper,_bell___Bacterial_spot_038283.jpg",Bell_Pepper_Bacterial_Spot,train
train/Apple_Cedar_Apple_Rust/Apple_Disease_Dataset_train_Apple_Disease_Dataset_train_Apple___Cedar_apple_rust_006933.jpg,Apple_Cedar_Apple_Rust,train
train/Tomato_Late_Blight/PlantVillage_train_PlantVillage_train_Tomato___Late_blight_052702.jpg,Tomato_Late_Blight,train
test/Rice_Bacterial_Leaf_Stripe/rice-leaf-disease-riceguard_test_rice-leaf-disease-riceguard_test_stripes_075470.jpeg,Rice_Bacterial_Leaf_Stripe,test
train/Tomato_Late_Blight/PlantVillage_train_PlantVillage_train_Tomato___Late_blight_052186.jpg,Tomato_Late_Blight,train
"train/Bell_Pepper_Healthy/PlantVillage_train_PlantVillage_train_Pepper,_bell___healthy_038937.jpg",Bell_Pepper_Healthy,train
train/Potato_Early_Blight/PlantVillage_train_PlantVillage_train_Potato___Early_blight_040327.jpg,Potato_Early_Blight,train
train/Soybean_healthy/PlantVillage_train_PlantVillage_train_Soybean___healthy_044811.jpg,Soybean_healthy,train
train/Tomato_Yellow_Leaf_Curl_Virus/PlantVillage_train_PlantVillage_train_Tomato___Tomato_Yellow_Leaf_Curl_Virus_062315.jpg,Tomato_Yellow_Leaf_Curl_Virus,train
train/Tomato_Yellow_Leaf_Curl_Virus/PlantVillage_train_PlantVillage_train_Tomato___Tomato_Yellow_Leaf_Curl_Virus_060377.jpg,Tomato_Yellow_Leaf_Curl_Virus,train
train/Rice_Bacterial_Leaf_Stripe/rice-leaf-disease-riceguard_train_rice-leaf-disease-riceguard_train_stripes_086138.jpeg,Rice_Bacterial_Leaf_Stripe,train
train/Peach_Bacterial_spot/PlantVillage_train_PlantVillage_train_Peach___Bacterial_spot_036611.jpg,Peach_Bacterial_spot,train
train/Rice_Bacterial_Leaf_Stripe/rice-leaf-disease-riceguard_train_rice-leaf-disease-riceguard_train_stripes_087207.jpeg,Rice_Bacterial_Leaf_Stripe,train
test/Tomato_Septoria_Leaf_Spot/PlantVillage_test_PlantVillage_train_Tomato___Septoria_leaf_spot_054604.jpg,Tomato_Septoria_Leaf_Spot,test
train/Apple_Scab/Apple_Disease_Dataset_train_Apple_Disease_Dataset_train_Apple___Apple_scab_003574.jpg,Apple_Scab,train
train/Cassava_Brown_Streak_Disease/Cassava_train_Cassava_train_cbsd_014140.jpg,Cassava_Brown_Streak_Disease,train
train/Grape_healthy/PlantVillage_train_PlantVillage_train_Grape___healthy_030184.jpg,Grape_healthy,train
test/Apple_Scab/Apple_Disease_Dataset_test_Apple_Disease_Dataset_test_Apple___Apple_scab_000325.jpg,Apple_Scab,test
train/Potato_Healthy/PlantVillage_train_PlantVillage_train_Potato___healthy_040458.jpg,Potato_Healthy,train
test/Tomato_Leaf_Mold/plantDoc_test_plantDoc_test_Tomato_mold_leaf_019327.jpg,Tomato_Leaf_Mold,test
test/Cherry_(including_sour)_Powdery_mildew/PlantVillage_test_PlantVillage_train_Cherry_(including_sour)___Powdery_mildew_024480.jpg,Cherry_(including_sour)_Powdery_mildew,test
train/Rice_Bacterial_Leaf_Stripe/rice-leaf-disease-riceguard_train_rice-leaf-disease-riceguard_train_stripes_086825.jpeg,Rice_Bacterial_Leaf_Stripe,train
train/Tomato_Bacterial_Spot/PlantVillage_train_PlantVillage_train_Tomato___Bacterial_spot_048827.jpg,Tomato_Bacterial_Spot,train
train/Corn_(maize)_Common_rust_/PlantVillage_train_PlantVillage_train_Corn_(maize)___Common_rust__025665.jpg,Corn_(maize)_Common_rust_,train
train/Peach_Bacterial_spot/PlantVillage_train_PlantVillage_train_Peach___Bacterial_spot_036145.jpg,Peach_Bacterial_spot,train
train/Tomato_Spider_Mites/PlantVillage_train_PlantVillage_train_Tomato___Spider_mites Two-spotted_spider_mite_056348.jpg,Tomato_Spider_Mites,train
train/Squash_Powdery_mildew_leaf/plantDoc_train_plantDoc_train_Squash_Powdery_mildew_leaf_021048.jpg,Squash_Powdery_mildew_leaf,train
val/Strawberry_Leaf_scorch/PlantVillage_val_PlantVillage_val_Strawberry___Leaf_scorch_069439.jpg,Strawberry_Leaf_scorch,val
val/Tomato_Spider_Mites/PlantVillage_val_PlantVillage_val_Tomato___Spider_mites Two-spotted_spider_mite_071642.jpg,Tomato_Spider_Mites,val
train/Tomato_Yellow_Leaf_Curl_Virus/plantDoc_train_plantDoc_train_Tomato_leaf_yellow_virus_021662.jpg,Tomato_Yellow_Leaf_Curl_Virus,train
test/Cherry_(including_sour)_healthy/PlantVillage_test_PlantVillage_train_Cherry_(including_sour)___healthy_023660.jpg,Cherry_(including_sour)_healthy,test
train/Rice_Bacterial_Leaf_Stripe/rice-leaf-disease-riceguard_train_rice-leaf-disease-riceguard_train_stripes_086697.jpeg,Rice_Bacterial_Leaf_Stripe,train
train/Rice_Blast/rice-leaf-disease-riceguard_train_rice-leaf-disease-riceguard_train_blast_077792.jpeg,Rice_Blast,train
train/Corn_(maize)_Northern_Leaf_Blight/PlantVillage_train_PlantVillage_train_Corn_(maize)___Northern_Leaf_Blight_027401.jpg,Corn_(maize)_Northern_Leaf_Blight,train
train/Tomato_Yellow_Leaf_Curl_Virus/PlantVillage_train_PlantVillage_train_Tomato___Tomato_Yellow_Leaf_Curl_Virus_061278.jpg,Tomato_Yellow_Leaf_Curl_Virus,train
test/Rice_Blast/rice-leaf-disease-riceguard_test_rice-leaf-disease-riceguard_test_blast_073670.jpeg,Rice_Blast,test
val/Tomato_Septoria_Leaf_Spot/PlantVillage_val_PlantVillage_val_Tomato___Septoria_leaf_spot_071227.jpg,Tomato_Septoria_Leaf_Spot,val
train/Corn_(maize)_healthy/PlantVillage_train_PlantVillage_train_Corn_(maize)___healthy_026132.jpg,Corn_(maize)_healthy,train
val/Cassava_Brown_Streak_Disease/Cassava_val_Cassava_train_cbsd_014686.jpg,Cassava_Brown_Streak_Disease,val
train/Peach_leaf/plantDoc_train_plantDoc_train_Peach_leaf_020366.jpg,Peach_leaf,train
train/Potato_Early_Blight/PlantVillage_train_PlantVillage_train_Potato___Early_blight_039750.jpg,Potato_Early_Blight,train
train/Tomato_Leaf_Mold/PlantVillage_train_PlantVillage_train_Tomato___Leaf_Mold_053924.jpg,Tomato_Leaf_Mold,train
train/Cherry_leaf/plantDoc_train_plantDoc_train_Cherry_leaf_019835.jpg,Cherry_leaf,train
val/Potato_Early_Blight/PlantVillage_val_PlantVillage_val_Potato___Early_blight_067496.jpg,Potato_Early_Blight,val
train/Cassava_Brown_Streak_Disease/Cassava_train_Cassava_train_cbsd_015097.jpg,Cassava_Brown_Streak_Disease,train
val/Tomato_Yellow_Leaf_Curl_Virus/PlantVillage_val_PlantVillage_val_Tomato___Tomato_Yellow_Leaf_Curl_Virus_072554.jpg,Tomato_Yellow_Leaf_Curl_Virus,val
"train/Bell_Pepper_Healthy/PlantVillage_train_PlantVillage_train_Pepper,_bell___healthy_039530.jpg",Bell_Pepper_Healthy,train
train/Apple_Cedar_Apple_Rust/Apple_Disease_Dataset_train_Apple_Disease_Dataset_train_Apple___Cedar_apple_rust_006019.jpg,Apple_Cedar_Apple_Rust,train
train/Grape_Black_rot/PlantVillage_train_PlantVillage_train_Grape___Black_rot_028333.jpg,Grape_Black_rot,train
train/Orange_Haunglongbing_(Citrus_greening)/PlantVillage_train_PlantVillage_train_Orange___Haunglongbing_(Citrus_greening)_034116.jpg,Orange_Haunglongbing_(Citrus_greening),train
train/Cassava_Green_Mite/Cassava_train_Cassava_train_cgm_015363.jpg,Cassava_Green_Mite,train
"val/Bell_Pepper_Healthy/PlantVillage_val_PlantVillage_val_Pepper,_bell___healthy_067061.jpg",Bell_Pepper_Healthy,val
train/Rice_Insect_Damage/rice-leaf-disease-riceguard_train_rice-leaf-disease-riceguard_train_insect_083844.jpeg,Rice_Insect_Damage,train
train/Orange_Haunglongbing_(Citrus_greening)/PlantVillage_train_PlantVillage_train_Orange___Haunglongbing_(Citrus_greening)_033048.jpg,Orange_Haunglongbing_(Citrus_greening),train
train/Apple_Cedar_Apple_Rust/Apple_Disease_Dataset_train_Apple_Disease_Dataset_train_Apple___Cedar_apple_rust_007290.jpg,Apple_Cedar_Apple_Rust,train
val/grape_leaf/plantDoc_val_plantDoc_train_grape_leaf_020273.jpg,grape_leaf,val
test/Rice_Healthy/rice-leaf-disease-riceguard_test_rice-leaf-disease-riceguard_test_healthy_074271.jpeg,Rice_Healthy,test
train/Tomato_Septoria_Leaf_Spot/PlantVillage_train_PlantVillage_train_Tomato___Septoria_leaf_spot_055747.jpg,Tomato_Septoria_Leaf_Spot,train
"val/Bell_Pepper_Healthy/PlantVillage_val_PlantVillage_val_Pepper,_bell___healthy_067265.jpg",Bell_Pepper_Healthy,val
val/Cassava_Brown_Streak_Disease/Cassava_val_Cassava_train_cbsd_014830.jpg,Cassava_Brown_Streak_Disease,val
train/Corn_(maize)_Northern_Leaf_Blight/PlantVillage_train_PlantVillage_train_Corn_(maize)___Northern_Leaf_Blight_027114.jpg,Corn_(maize)_Northern_Leaf_Blight,train
"val/Bell_Pepper_Bacterial_Spot/PlantVillage_val_PlantVillage_val_Pepper,_bell___Bacterial_spot_066952.jpg",Bell_Pepper_Bacterial_Spot,val
train/Rice_Tungro/rice-leaf-disease-riceguard_train_rice-leaf-disease-riceguard_train_tungro_088465.jpeg,Rice_Tungro,train
train/Tomato_Spider_Mites/PlantVillage_train_PlantVillage_train_Tomato___Spider_mites Two-spotted_spider_mite_056906.jpg,Tomato_Spider_Mites,train
test/Tomato_Late_Blight/PlantVillage_test_PlantVillage_train_Tomato___Late_blight_053399.jpg,Tomato_Late_Blight,test
train/Rice_Healthy/rice-leaf-disease-riceguard_train_rice-leaf-disease-riceguard_train_healthy_080702.jpeg,Rice_Healthy,train
test/Rice_Blast/rice-leaf-disease-riceguard_test_rice-leaf-disease-riceguard_test_blast_073196.jpeg,Rice_Blast,test
train/Raspberry_healthy/PlantVillage_train_PlantVillage_train_Raspberry___healthy_041375.jpg,Raspberry_healthy,train
train/Tomato_Yellow_Leaf_Curl_Virus/PlantVillage_train_PlantVillage_train_Tomato___Tomato_Yellow_Leaf_Curl_Virus_059588.jpg,Tomato_Yellow_Leaf_Curl_Virus,train
train/Grape_healthy/PlantVillage_train_PlantVillage_train_Grape___healthy_029904.jpg,Grape_healthy,train
train/Blueberry_healthy/PlantVillage_train_PlantVillage_train_Blueberry___healthy_022071.jpg,Blueberry_healthy,train
train/Rice_Healthy/rice-leaf-disease-riceguard_train_rice-leaf-disease-riceguard_train_healthy_079963.jpeg,Rice_Healthy,train
test/Blueberry_healthy/PlantVillage_test_PlantVillage_train_Blueberry___healthy_022341.jpg,Blueberry_healthy,test
train/Squash_Powdery_mildew_leaf/plantDoc_train_plantDoc_train_Squash_Powdery_mildew_leaf_020988.jpg,Squash_Powdery_mildew_leaf,train
train/Strawberry_leaf/plantDoc_train_plantDoc_train_Strawberry_leaf_021130.jpg,Strawberry_leaf,train
train/Rice_Healthy/rice-leaf-disease-riceguard_train_rice-leaf-disease-riceguard_train_healthy_080069.jpeg,Rice_Healthy,train
val/Orange_Haunglongbing_(Citrus_greening)/PlantVillage_val_PlantVillage_val_Orange___Haunglongbing_(Citrus_greening)_065931.jpg,Orange_Haunglongbing_(Citrus_greening),val
train/Raspberry_healthy/PlantVillage_train_PlantVillage_train_Raspberry___healthy_041392.jpg,Raspberry_healthy,train
train/Rice_Insect_Damage/rice-leaf-disease-riceguard_train_rice-leaf-disease-riceguard_train_insect_083187.jpeg,Rice_Insect_Damage,train
train/Squash_Powdery_mildew/PlantVillage_train_PlantVillage_train_Squash___Powdery_mildew_046349.jpg,Squash_Powdery_mildew,train
test/Tomato_Yellow_Leaf_Curl_Virus/PlantVillage_test_PlantVillage_train_Tomato___Tomato_Yellow_Leaf_Curl_Virus_062694.jpg,Tomato_Yellow_Leaf_Curl_Virus,test
train/Cassava_Green_Mite/Cassava_train_Cassava_train_cgm_015886.jpg,Cassava_Green_Mite,train
"val/Bell_Pepper_Bacterial_Spot/PlantVillage_val_PlantVillage_val_Pepper,_bell___Bacterial_spot_066827.jpg",Bell_Pepper_Bacterial_Spot,val
val/Strawberry_Leaf_scorch/PlantVillage_val_PlantVillage_val_Strawberry___Leaf_scorch_069306.jpg,Strawberry_Leaf_scorch,val
test/Orange_Haunglongbing_(Citrus_greening)/PlantVillage_test_PlantVillage_train_Orange___Haunglongbing_(Citrus_greening)_033090.jpg,Orange_Haunglongbing_(Citrus_greening),test
train/Orange_Haunglongbing_(Citrus_greening)/PlantVillage_train_PlantVillage_train_Orange___Haunglongbing_(Citrus_greening)_035440.jpg,Orange_Haunglongbing_(Citrus_greening),train
train/Peach_leaf/plantDoc_train_plantDoc_train_Peach_leaf_020363.jpg,Peach_leaf,train
val/Grape_healthy/PlantVillage_val_PlantVillage_val_Grape___healthy_064945.jpg,Grape_healthy,val
train/Grape_Black_rot/PlantVillage_train_PlantVillage_train_Grape___Black_rot_028598.jpg,Grape_Black_rot,train
train/Soybean_healthy/PlantVillage_train_PlantVillage_train_Soybean___healthy_041964.jpg,Soybean_healthy,train
train/Tomato_Yellow_Leaf_Curl_Virus/plantDoc_train_plantDoc_train_Tomato_leaf_yellow_virus_021634.jpg,Tomato_Yellow_Leaf_Curl_Virus,train
val/Orange_Haunglongbing_(Citrus_greening)/PlantVillage_val_PlantVillage_val_Orange___Haunglongbing_(Citrus_greening)_065629.jpg,Orange_Haunglongbing_(Citrus_greening),val
train/Tomato_Leaf_Mold/PlantVillage_train_PlantVillage_train_Tomato___Leaf_Mold_054061.jpg,Tomato_Leaf_Mold,train
train/Soybean_healthy/PlantVillage_train_PlantVillage_train_Soybean___healthy_042568.jpg,Soybean_healthy,train
train/Tomato_Septoria_Leaf_Spot/PlantVillage_train_PlantVillage_train_Tomato___Septoria_leaf_spot_055409.jpg,Tomato_Septoria_Leaf_Spot,train
test/grape_leaf_black_rot/plantDoc_test_plantDoc_test_grape_leaf_black_rot_019199.jpg,grape_leaf_black_rot,test
train/Cassava_Brown_Streak_Disease/Cassava_train_Cassava_train_cbsd_015319.jpg,Cassava_Brown_Streak_Disease,train
"train/Bell_Pepper_Healthy/PlantVillage_train_PlantVillage_train_Pepper,_bell___healthy_038736.jpg",Bell_Pepper_Healthy,train
train/Peach_Bacterial_spot/PlantVillage_train_PlantVillage_train_Peach___Bacterial_spot_036837.jpg,Peach_Bacterial_spot,train
train/Strawberry_healthy/PlantVillage_train_PlantVillage_train_Strawberry___healthy_047381.jpg,Strawberry_healthy,train
train/Tomato_Late_Blight/PlantVillage_train_PlantVillage_train_Tomato___Late_blight_053287.jpg,Tomato_Late_Blight,train
val/Tomato_Late_Blight/PlantVillage_val_PlantVillage_val_Tomato___Late_blight_070615.jpg,Tomato_Late_Blight,val
train/Corn_leaf_blight/plantDoc_train_plantDoc_train_Corn_leaf_blight_019958.jpg,Corn_leaf_blight,train
train/Tomato_Late_Blight/PlantVillage_train_PlantVillage_train_Tomato___Late_blight_053195.jpg,Tomato_Late_Blight,train
train/Soybean_healthy/PlantVillage_train_PlantVillage_train_Soybean___healthy_041909.jpg,Soybean_healthy,train
train/Rice_Blast/rice-leaf-disease-riceguard_train_rice-leaf-disease-riceguard_train_blast_078151.jpeg,Rice_Blast,train
train/Cassava_Mosaic_Disease/Cassava_train_Cassava_train_cmd_016951.jpg,Cassava_Mosaic_Disease,train
val/Grape_Esca_(Black_Measles)/PlantVillage_val_PlantVillage_val_Grape___Esca_(Black_Measles)_064861.jpg,Grape_Esca_(Black_Measles),val
train/Tomato_Yellow_Leaf_Curl_Virus/PlantVillage_train_PlantVillage_train_Tomato___Tomato_Yellow_Leaf_Curl_Virus_060090.jpg,Tomato_Yellow_Leaf_Curl_Virus,train
train/Corn_(maize)_Cercospora_leaf_spot_Gray_leaf_spot/PlantVillage_train_PlantVillage_train_Corn_(maize)___Cercospora_leaf_spot Gray_leaf_spot_025046.jpg,Corn_(maize)_Cercospora_leaf_spot_Gray_leaf_spot,train
train/Tomato_Bacterial_Spot/PlantVillage_train_PlantVillage_train_Tomato___Bacterial_spot_049461.jpg,Tomato_Bacterial_Spot,train
train/Tomato_Yellow_Leaf_Curl_Virus/PlantVillage_train_PlantVillage_train_Tomato___Tomato_Yellow_Leaf_Curl_Virus_059403.jpg,Tomato_Yellow_Leaf_Curl_Virus,train
val/Grape_Leaf_blight_(Isariopsis_Leaf_Spot)/PlantVillage_val_PlantVillage_val_Grape___Leaf_blight_(Isariopsis_Leaf_Spot)_065094.jpg,Grape_Leaf_blight_(Isariopsis_Leaf_Spot),val
train/Tomato_Late_Blight/PlantVillage_train_PlantVillage_train_Tomato___Late_blight_053280.jpg,Tomato_Late_Blight,train
train/Cassava_Mosaic_Disease/Cassava_train_Cassava_train_cmd_018121.jpg,Cassava_Mosaic_Disease,train
train/Tomato_Septoria_Leaf_Spot/PlantVillage_train_PlantVillage_train_Tomato___Septoria_leaf_spot_055784.jpg,Tomato_Septoria_Leaf_Spot,train
train/Corn_(maize)_Common_rust_/PlantVillage_train_PlantVillage_train_Corn_(maize)___Common_rust__025445.jpg,Corn_(maize)_Common_rust_,train
val/Apple_Scab/Apple_Disease_Dataset_val_Apple_Disease_Dataset_train_Apple___Apple_scab_002402.jpg,Apple_Scab,val
test/Soybean_healthy/PlantVillage_test_PlantVillage_train_Soybean___healthy_041912.jpg,Soybean_healthy,test
train/Grape_Black_rot/PlantVillage_train_PlantVillage_train_Grape___Black_rot_028403.jpg,Grape_Black_rot,train
train/Tomato_Bacterial_Spot/PlantVillage_train_PlantVillage_train_Tomato___Bacterial_spot_049230.jpg,Tomato_Bacterial_Spot,train
train/Tomato_Late_Blight/PlantVillage_train_PlantVillage_train_Tomato___Late_blight_053078.jpg,Tomato_Late_Blight,train
val/Rice_Blast/rice-leaf-disease-riceguard_val_rice-leaf-disease-riceguard_val_blast_089243.jpeg,Rice_Blast,val
train/Squash_Powdery_mildew/PlantVillage_train_PlantVillage_train_Squash___Powdery_mildew_046996.jpg,Squash_Powdery_mildew,train
train/Rice_Bacterial_Leaf_Stripe/rice-leaf-disease-riceguard_train_rice-leaf-disease-riceguard_train_stripes_086428.jpeg,Rice_Bacterial_Leaf_Stripe,train
val/Corn_(maize)_Common_rust_/PlantVillage_val_PlantVillage_val_Corn_(maize)___Common_rust__063697.jpg,Corn_(maize)_Common_rust_,val
train/Blueberry_leaf/plantDoc_train_plantDoc_train_Blueberry_leaf_019754.jpg,Blueberry_leaf,train
val/Soybean_healthy/PlantVillage_val_PlantVillage_val_Soybean___healthy_068102.jpg,Soybean_healthy,val
train/Potato_Late_Blight/PlantVillage_train_PlantVillage_train_Potato___Late_blight_040572.jpg,Potato_Late_Blight,train
train/Cassava_Brown_Streak_Disease/Cassava_train_Cassava_train_cbsd_014635.jpg,Cassava_Brown_Streak_Disease,train
train/Cherry_(including_sour)_Powdery_mildew/PlantVillage_train_PlantVillage_train_Cherry_(including_sour)___Powdery_mildew_024069.jpg,Cherry_(including_sour)_Powdery_mildew,train
train/Cassava_Mosaic_Disease/Cassava_train_Cassava_train_cmd_018094.jpg,Cassava_Mosaic_Disease,train
train/Corn_(maize)_Common_rust_/PlantVillage_train_PlantVillage_train_Corn_(maize)___Common_rust__025493.jpg,Corn_(maize)_Common_rust_,train
"val/Bell_Pepper_Bacterial_Spot/PlantVillage_val_PlantVillage_val_Pepper,_bell___Bacterial_spot_066897.jpg",Bell_Pepper_Bacterial_Spot,val
val/Cassava_Mosaic_Disease/Cassava_val_Cassava_train_cmd_018076.jpg,Cassava_Mosaic_Disease,val
train/Cherry_(including_sour)_Powdery_mildew/PlantVillage_train_PlantVillage_train_Cherry_(including_sour)___Powdery_mildew_024552.jpg,Cherry_(including_sour)_Powdery_mildew,train
train/Tomato_Yellow_Leaf_Curl_Virus/PlantVillage_train_PlantVillage_train_Tomato___Tomato_Yellow_Leaf_Curl_Virus_060888.jpg,Tomato_Yellow_Leaf_Curl_Virus,train
train/Rice_Blast/rice-leaf-disease-riceguard_train_rice-leaf-disease-riceguard_train_blast_078462.jpeg,Rice_Blast,train
train/Peach_healthy/PlantVillage_train_PlantVillage_train_Peach___healthy_037437.jpg,Peach_healthy,train
train/Tomato_Early_Blight/PlantVillage_train_PlantVillage_train_Tomato___Early_blight_050381.jpg,Tomato_Early_Blight,train
train/Apple_Black_Rot/Apple_Disease_Dataset_train_Apple_Disease_Dataset_train_Apple___Black_rot_004339.jpg,Apple_Black_Rot,train
train/Tomato_Healthy/PlantVillage_train_PlantVillage_train_Tomato___healthy_051872.jpg,Tomato_Healthy,train
train/Orange_Haunglongbing_(Citrus_greening)/PlantVillage_train_PlantVillage_train_Orange___Haunglongbing_(Citrus_greening)_032621.jpg,Orange_Haunglongbing_(Citrus_greening),train
train/Rice_Bacterial_Leaf_Stripe/rice-leaf-disease-riceguard_train_rice-leaf-disease-riceguard_train_stripes_086082.jpeg,Rice_Bacterial_Leaf_Stripe,train
test/grape_leaf/plantDoc_test_plantDoc_test_grape_leaf_019186.jpg,grape_leaf,test
train/Cassava_Mosaic_Disease/Cassava_train_Cassava_train_cmd_017442.jpg,Cassava_Mosaic_Disease,train
train/Tomato_Leaf_Mold/PlantVillage_train_PlantVillage_train_Tomato___Leaf_Mold_054330.jpg,Tomato_Leaf_Mold,train
train/Squash_Powdery_mildew/PlantVillage_train_PlantVillage_train_Squash___Powdery_mildew_046151.jpg,Squash_Powdery_mildew,train
train/Rice_Healthy/rice-leaf-disease-riceguard_train_rice-leaf-disease-riceguard_train_healthy_082239.jpeg,Rice_Healthy,train
test/Cassava_Healthy/Cassava_test_Cassava_train_healthy_019014.jpg,Cassava_Healthy,test
train/Cassava_Mosaic_Disease/Cassava_train_Cassava_train_cmd_017357.jpg,Cassava_Mosaic_Disease,train
train/Apple_Cedar_Apple_Rust/Apple_Disease_Dataset_train_Apple_Disease_Dataset_train_Apple___Cedar_apple_rust_007406.jpg,Apple_Cedar_Apple_Rust,train
train/Rice_Blast/rice-leaf-disease-riceguard_train_rice-leaf-disease-riceguard_train_blast_077258.jpeg,Rice_Blast,train
val/Orange_Haunglongbing_(Citrus_greening)/PlantVillage_val_PlantVillage_val_Orange___Haunglongbing_(Citrus_greening)_065272.jpg,Orange_Haunglongbing_(Citrus_greening),val
train/Peach_healthy/PlantVillage_train_PlantVillage_train_Peach___healthy_037547.jpg,Peach_healthy,train
val/Tomato_Yellow_Leaf_Curl_Virus/PlantVillage_val_PlantVillage_val_Tomato___Tomato_Yellow_Leaf_Curl_Virus_072175.jpg,Tomato_Yellow_Leaf_Curl_Virus,val
train/Orange_Haunglongbing_(Citrus_greening)/PlantVillage_train_PlantVillage_train_Orange___Haunglongbing_(Citrus_greening)_032808.jpg,Orange_Haunglongbing_(Citrus_greening),train
train/Tomato_Septoria_Leaf_Spot/PlantVillage_train_PlantVillage_train_Tomato___Septoria_leaf_spot_054686.jpg,Tomato_Septoria_Leaf_Spot,train
test/Tomato_Early_Blight/PlantVillage_test_PlantVillage_train_Tomato___Early_blight_050246.jpg,Tomato_Early_Blight,test
val/Squash_Powdery_mildew/PlantVillage_val_PlantVillage_val_Squash___Powdery_mildew_069083.jpg,Squash_Powdery_mildew,val
val/Apple_Cedar_Apple_Rust/Apple_Disease_Dataset_val_Apple_Disease_Dataset_train_Apple___Cedar_apple_rust_006144.jpg,Apple_Cedar_Apple_Rust,val
train/Tomato_Yellow_Leaf_Curl_Virus/PlantVillage_train_PlantVillage_train_Tomato___Tomato_Yellow_Leaf_Curl_Virus_062890.jpg,Tomato_Yellow_Leaf_Curl_Virus,train
train/Orange_Haunglongbing_(Citrus_greening)/PlantVillage_train_PlantVillage_train_Orange___Haunglongbing_(Citrus_greening)_034821.jpg,Orange_Haunglongbing_(Citrus_greening),train
test/Rice_Insect_Damage/rice-leaf-disease-riceguard_test_rice-leaf-disease-riceguard_test_insect_074889.jpeg,Rice_Insect_Damage,test
train/Tomato_Septoria_Leaf_Spot/PlantVillage_train_PlantVillage_train_Tomato___Septoria_leaf_spot_054933.jpg,Tomato_Septoria_Leaf_Spot,train
train/Corn_(maize)_Northern_Leaf_Blight/PlantVillage_train_PlantVillage_train_Corn_(maize)___Northern_Leaf_Blight_027122.jpg,Corn_(maize)_Northern_Leaf_Blight,train
train/Peach_Bacterial_spot/PlantVillage_train_PlantVillage_train_Peach___Bacterial_spot_036868.jpg,Peach_Bacterial_spot,train
train/Blueberry_healthy/PlantVillage_train_PlantVillage_train_Blueberry___healthy_022273.jpg,Blueberry_healthy,train
train/Cherry_(including_sour)_Powdery_mildew/PlantVillage_train_PlantVillage_train_Cherry_(including_sour)___Powdery_mildew_024179.jpg,Cherry_(including_sour)_Powdery_mildew,train
train/Rice_Blast/rice-leaf-disease-riceguard_train_rice-leaf-disease-riceguard_train_blast_077849.jpeg,Rice_Blast,train
train/Rice_Healthy/rice-leaf-disease-riceguard_train_rice-leaf-disease-riceguard_train_healthy_081471.jpeg,Rice_Healthy,train
test/Grape_Leaf_blight_(Isariopsis_Leaf_Spot)/PlantVillage_test_PlantVillage_train_Grape___Leaf_blight_(Isariopsis_Leaf_Spot)_030972.jpg,Grape_Leaf_blight_(Isariopsis_Leaf_Spot),test
test/Rice_Healthy/rice-leaf-disease-riceguard_test_rice-leaf-disease-riceguard_test_healthy_074285.jpeg,Rice_Healthy,test
train/Cassava_Mosaic_Disease/Cassava_train_Cassava_train_cmd_017209.jpg,Cassava_Mosaic_Disease,train
train/Tomato_Yellow_Leaf_Curl_Virus/PlantVillage_train_PlantVillage_train_Tomato___Tomato_Yellow_Leaf_Curl_Virus_059786.jpg,Tomato_Yellow_Leaf_Curl_Virus,train
train/Peach_healthy/PlantVillage_train_PlantVillage_train_Peach___healthy_037554.jpg,Peach_healthy,train
train/Apple_Healthy/Apple_Disease_Dataset_train_Apple_Disease_Dataset_train_Apple___healthy_008421.jpg,Apple_Healthy,train
train/Peach_leaf/plantDoc_train_plantDoc_train_Peach_leaf_020393.jpg,Peach_leaf,train
train/Corn_(maize)_Northern_Leaf_Blight/PlantVillage_train_PlantVillage_train_Corn_(maize)___Northern_Leaf_Blight_027289.jpg,Corn_(maize)_Northern_Leaf_Blight,train
train/Cassava_Mosaic_Disease/Cassava_train_Cassava_train_cmd_016873.jpg,Cassava_Mosaic_Disease,train
train/Peach_Bacterial_spot/PlantVillage_train_PlantVillage_train_Peach___Bacterial_spot_036901.jpg,Peach_Bacterial_spot,train
train/Tomato_Healthy/PlantVillage_train_PlantVillage_train_Tomato___healthy_051055.jpg,Tomato_Healthy,train
train/Grape_Esca_(Black_Measles)/PlantVillage_train_PlantVillage_train_Grape___Esca_(Black_Measles)_029465.jpg,Grape_Esca_(Black_Measles),train
train/Rice_Insect_Damage/rice-leaf-disease-riceguard_train_rice-leaf-disease-riceguard_train_insect_082871.jpeg,Rice_Insect_Damage,train
train/Rice_Blast/rice-leaf-disease-riceguard_train_rice-leaf-disease-riceguard_train_blast_078787.jpeg,Rice_Blast,train
train/Tomato_Yellow_Leaf_Curl_Virus/plantDoc_train_plantDoc_train_Tomato_leaf_yellow_virus_021751.jpg,Tomato_Yellow_Leaf_Curl_Virus,train
train/Rice_Leaf_Folder/rice-leaf-disease-riceguard_train_rice-leaf-disease-riceguard_train_leaf_folder_085157.jpeg,Rice_Leaf_Folder,train
train/Tomato_Bacterial_Spot/PlantVillage_train_PlantVillage_train_Tomato___Bacterial_spot_049945.jpg,Tomato_Bacterial_Spot,train
train/Tomato_Bacterial_Spot/plantDoc_train_plantDoc_train_Tomato_leaf_bacterial_spot_021340.jpg,Tomato_Bacterial_Spot,train
train/Corn_(maize)_healthy/PlantVillage_train_PlantVillage_train_Corn_(maize)___healthy_026167.jpg,Corn_(maize)_healthy,train
train/Orange_Haunglongbing_(Citrus_greening)/PlantVillage_train_PlantVillage_train_Orange___Haunglongbing_(Citrus_greening)_034733.jpg,Orange_Haunglongbing_(Citrus_greening),train
train/Apple_Scab/Apple_Disease_Dataset_train_Apple_Disease_Dataset_train_Apple___Apple_scab_003581.jpg,Apple_Scab,train
train/Potato_Late_Blight/PlantVillage_train_PlantVillage_train_Potato___Late_blight_040882.jpg,Potato_Late_Blight,train
train/Raspberry_leaf/plantDoc_train_plantDoc_train_Raspberry_leaf_020819.jpg,Raspberry_leaf,train
test/grape_leaf_black_rot/plantDoc_test_plantDoc_test_grape_leaf_black_rot_019198.jpg,grape_leaf_black_rot,test
train/Rice_Bacterial_Leaf_Stripe/rice-leaf-disease-riceguard_train_rice-leaf-disease-riceguard_train_stripes_087410.jpg,Rice_Bacterial_Leaf_Stripe,train
test/Apple_Scab/Apple_Disease_Dataset_test_Apple_Disease_Dataset_test_Apple___Apple_scab_000205.jpg,Apple_Scab,test
train/Peach_Bacterial_spot/PlantVillage_train_PlantVillage_train_Peach___Bacterial_spot_035589.jpg,Peach_Bacterial_spot,train
train/Cherry_(including_sour)_Powdery_mildew/PlantVillage_train_PlantVillage_train_Cherry_(including_sour)___Powdery_mildew_024317.jpg,Cherry_(including_sour)_Powdery_mildew,train
train/Strawberry_healthy/PlantVillage_train_PlantVillage_train_Strawberry___healthy_047231.jpg,Strawberry_healthy,train
train/Peach_Bacterial_spot/PlantVillage_train_PlantVillage_train_Peach___Bacterial_spot_035980.jpg,Peach_Bacterial_spot,train
train/Grape_Leaf_blight_(Isariopsis_Leaf_Spot)/PlantVillage_train_PlantVillage_train_Grape___Leaf_blight_(Isariopsis_Leaf_Spot)_030314.jpg,Grape_Leaf_blight_(Isariopsis_Leaf_Spot),train
train/Cassava_Mosaic_Disease/Cassava_train_Cassava_train_cmd_018482.jpg,Cassava_Mosaic_Disease,train
train/Potato_Late_Blight/plantDoc_train_plantDoc_train_Potato_leaf_late_blight_020631.jpg,Potato_Late_Blight,train
test/Apple_Black_Rot/Apple_Disease_Dataset_test_Apple_Disease_Dataset_test_Apple___Black_rot_000535.jpg,Apple_Black_Rot,test
train/Orange_Haunglongbing_(Citrus_greening)/PlantVillage_train_PlantVillage_train_Orange___Haunglongbing_(Citrus_greening)_034615.jpg,Orange_Haunglongbing_(Citrus_greening),train
train/Grape_Black_rot/PlantVillage_train_PlantVillage_train_Grape___Black_rot_028204.jpg,Grape_Black_rot,train
train/Rice_Bacterial_Leaf_Stripe/rice-leaf-disease-riceguard_train_rice-leaf-disease-riceguard_train_stripes_086199.jpeg,Rice_Bacterial_Leaf_Stripe,train
test/Squash_Powdery_mildew/PlantVillage_test_PlantVillage_train_Squash___Powdery_mildew_046893.jpg,Squash_Powdery_mildew,test
train/Rice_Blast/rice-leaf-disease-riceguard_train_rice-leaf-disease-riceguard_train_blast_078258.jpeg,Rice_Blast,train
train/Tomato_Target_Spot/PlantVillage_train_PlantVillage_train_Tomato___Target_Spot_057886.jpg,Tomato_Target_Spot,train
train/Potato_Late_Blight/PlantVillage_train_PlantVillage_train_Potato___Late_blight_041034.jpg,Potato_Late_Blight,train
train/Potato_Early_Blight/PlantVillage_train_PlantVillage_train_Potato___Early_blight_039718.jpg,Potato_Early_Blight,train
train/Apple_Scab/Apple_Disease_Dataset_train_Apple_Disease_Dataset_train_Apple___Apple_scab_002302.jpg,Apple_Scab,train
train/Cassava_Mosaic_Disease/Cassava_train_Cassava_train_cmd_016189.jpg,Cassava_Mosaic_Disease,train
train/Apple_Black_Rot/Apple_Disease_Dataset_train_Apple_Disease_Dataset_train_Apple___Black_rot_004693.jpg,Apple_Black_Rot,train
train/Corn_(maize)_Northern_Leaf_Blight/PlantVillage_train_PlantVillage_train_Corn_(maize)___Northern_Leaf_Blight_027070.jpg,Corn_(maize)_Northern_Leaf_Blight,train
train/Rice_Blast/rice-leaf-disease-riceguard_train_rice-leaf-disease-riceguard_train_blast_079019.jpeg,Rice_Blast,train
train/Apple_Healthy/Apple_Disease_Dataset_train_Apple_Disease_Dataset_train_Apple___healthy_009606.jpg,Apple_Healthy,train
train/Apple_Scab/Apple_Disease_Dataset_train_Apple_Disease_Dataset_train_Apple___Apple_scab_003585.jpg,Apple_Scab,train
train/Apple_Cedar_Apple_Rust/Apple_Disease_Dataset_train_Apple_Disease_Dataset_train_Apple___Cedar_apple_rust_006287.jpg,Apple_Cedar_Apple_Rust,train
val/Raspberry_healthy/PlantVillage_val_PlantVillage_val_Raspberry___healthy_067734.jpg,Raspberry_healthy,val
train/Corn_(maize)_Common_rust_/PlantVillage_train_PlantVillage_train_Corn_(maize)___Common_rust__025989.jpg,Corn_(maize)_Common_rust_,train
test/Apple_Healthy/Apple_Disease_Dataset_test_Apple_Disease_Dataset_test_Apple___healthy_001875.jpg,Apple_Healthy,test
train/Rice_Healthy/rice-leaf-disease-riceguard_train_rice-leaf-disease-riceguard_train_healthy_082023.jpeg,Rice_Healthy,train
"train/Bell_Pepper_Healthy/PlantVillage_train_PlantVillage_train_Pepper,_bell___healthy_038521.jpg",Bell_Pepper_Healthy,train
train/Tomato_Mosaic_Virus/PlantVillage_train_PlantVillage_train_Tomato___Tomato_mosaic_virus_058403.jpg,Tomato_Mosaic_Virus,train
train/Peach_healthy/PlantVillage_train_PlantVillage_train_Peach___healthy_037397.jpg,Peach_healthy,train
val/Tomato_Bacterial_Spot/PlantVillage_val_PlantVillage_val_Tomato___Bacterial_spot_069784.jpg,Tomato_Bacterial_Spot,val
train/Peach_leaf/plantDoc_train_plantDoc_train_Peach_leaf_020409.jpg,Peach_leaf,train
train/Blueberry_healthy/PlantVillage_train_PlantVillage_train_Blueberry___healthy_022885.jpg,Blueberry_healthy,train
train/grape_leaf/plantDoc_train_plantDoc_train_grape_leaf_020228.jpg,grape_leaf,train
train/Peach_leaf/plantDoc_train_plantDoc_train_Peach_leaf_020346.jpg,Peach_leaf,train
test/Tomato_Yellow_Leaf_Curl_Virus/PlantVillage_test_PlantVillage_train_Tomato___Tomato_Yellow_Leaf_Curl_Virus_062127.jpg,Tomato_Yellow_Leaf_Curl_Virus,test
train/Squash_Powdery_mildew/PlantVillage_train_PlantVillage_train_Squash___Powdery_mildew_046836.jpg,Squash_Powdery_mildew,train
test/Rice_Blast/rice-leaf-disease-riceguard_test_rice-leaf-disease-riceguard_test_blast_073800.jpg,Rice_Blast,test
train/Soyabean_leaf/plantDoc_train_plantDoc_train_Soyabean_leaf_020922.jpg,Soyabean_leaf,train
train/Cassava_Bacterial_Blight/Cassava_train_Cassava_train_cbb_013564.jpg,Cassava_Bacterial_Blight,train
train/Rice_Tungro/rice-leaf-disease-riceguard_train_rice-leaf-disease-riceguard_train_tungro_087680.jpeg,Rice_Tungro,train
val/Tomato_Yellow_Leaf_Curl_Virus/PlantVillage_val_PlantVillage_val_Tomato___Tomato_Yellow_Leaf_Curl_Virus_072823.jpg,Tomato_Yellow_Leaf_Curl_Virus,val
train/Rice_Scald/rice-leaf-disease-riceguard_train_rice-leaf-disease-riceguard_train_scald_085799.jpg,Rice_Scald,train
train/Rice_Leaf_Folder/rice-leaf-disease-riceguard_train_rice-leaf-disease-riceguard_train_leaf_folder_085282.jpeg,Rice_Leaf_Folder,train
train/Tomato_Yellow_Leaf_Curl_Virus/PlantVillage_train_PlantVillage_train_Tomato___Tomato_Yellow_Leaf_Curl_Virus_060669.jpg,Tomato_Yellow_Leaf_Curl_Virus,train
train/Blueberry_healthy/PlantVillage_train_PlantVillage_train_Blueberry___healthy_022768.jpg,Blueberry_healthy,train
test/Rice_Leaf_Folder/rice-leaf-disease-riceguard_test_rice-leaf-disease-riceguard_test_leaf_folder_075211.jpg,Rice_Leaf_Folder,test
train/Rice_Blast/rice-leaf-disease-riceguard_train_rice-leaf-disease-riceguard_train_blast_079192.jpg,Rice_Blast,train
train/Tomato_Bacterial_Spot/PlantVillage_train_PlantVillage_train_Tomato___Bacterial_spot_049685.jpg,Tomato_Bacterial_Spot,train
train/Peach_Bacterial_spot/PlantVillage_train_PlantVillage_train_Peach___Bacterial_spot_036520.jpg,Peach_Bacterial_spot,train
test/Rice_Blast/rice-leaf-disease-riceguard_test_rice-leaf-disease-riceguard_test_blast_073624.jpeg,Rice_Blast,test
test/Grape_healthy/PlantVillage_test_PlantVillage_train_Grape___healthy_030156.jpg,Grape_healthy,test
"train/Bell_Pepper_Bacterial_Spot/PlantVillage_train_PlantVillage_train_Pepper,_bell___Bacterial_spot_037761.jpg",Bell_Pepper_Bacterial_Spot,train
val/Grape_Black_rot/PlantVillage_val_PlantVillage_val_Grape___Black_rot_064487.jpg,Grape_Black_rot,val
val/Peach_Bacterial_spot/PlantVillage_val_PlantVillage_val_Peach___Bacterial_spot_066719.jpg,Peach_Bacterial_spot,val
val/Rice_Leaf_Folder/rice-leaf-disease-riceguard_val_rice-leaf-disease-riceguard_val_leaf_folder_090697.jpeg,Rice_Leaf_Folder,val
train/Potato_Early_Blight/plantDoc_train_plantDoc_train_Potato_leaf_early_blight_020580.jpg,Potato_Early_Blight,train
train/Cassava_Bacterial_Blight/Cassava_train_Cassava_train_cbb_013715.jpg,Cassava_Bacterial_Blight,train
"train/Bell_Pepper_Bacterial_Spot/PlantVillage_train_PlantVillage_train_Pepper,_bell___Bacterial_spot_038169.jpg",Bell_Pepper_Bacterial_Spot,train
"train/Bell_Pepper_Bacterial_Spot/PlantVillage_train_PlantVillage_train_Pepper,_bell___Bacterial_spot_038095.jpg",Bell_Pepper_Bacterial_Spot,train
train/Strawberry_Leaf_scorch/PlantVillage_train_PlantVillage_train_Strawberry___Leaf_scorch_048127.jpg,Strawberry_Leaf_scorch,train
train/Tomato_Bacterial_Spot/PlantVillage_train_PlantVillage_train_Tomato___Bacterial_spot_049200.jpg,Tomato_Bacterial_Spot,train
train/Potato_Healthy/PlantVillage_train_PlantVillage_train_Potato___healthy_040468.jpg,Potato_Healthy,train
train/Peach_Bacterial_spot/PlantVillage_train_PlantVillage_train_Peach___Bacterial_spot_036413.jpg,Peach_Bacterial_spot,train
train/Soybean_healthy/PlantVillage_train_PlantVillage_train_Soybean___healthy_042115.jpg,Soybean_healthy,train
train/Tomato_Septoria_Leaf_Spot/PlantVillage_train_PlantVillage_train_Tomato___Septoria_leaf_spot_054789.jpg,Tomato_Septoria_Leaf_Spot,train
val/Squash_Powdery_mildew/PlantVillage_val_PlantVillage_val_Squash___Powdery_mildew_069005.jpg,Squash_Powdery_mildew,val
train/Rice_Blast/rice-leaf-disease-riceguard_train_rice-leaf-disease-riceguard_train_blast_076906.jpeg,Rice_Blast,train
val/Corn_(maize)_healthy/PlantVillage_val_PlantVillage_val_Corn_(maize)___healthy_064146.jpg,Corn_(maize)_healthy,val
train/Grape_healthy/PlantVillage_train_PlantVillage_train_Grape___healthy_030020.jpg,Grape_healthy,train
train/Blueberry_healthy/PlantVillage_train_PlantVillage_train_Blueberry___healthy_022776.jpg,Blueberry_healthy,train
train/Tomato_Leaf_Mold/PlantVillage_train_PlantVillage_train_Tomato___Leaf_Mold_053899.jpg,Tomato_Leaf_Mold,train
train/Rice_Insect_Damage/rice-leaf-disease-riceguard_train_rice-leaf-disease-riceguard_train_insect_083110.jpeg,Rice_Insect_Damage,train
test/Apple_Scab/Apple_Disease_Dataset_test_Apple_Disease_Dataset_test_Apple___Apple_scab_000011.jpg,Apple_Scab,test
train/Rice_Healthy/rice-leaf-disease-riceguard_train_rice-leaf-disease-riceguard_train_healthy_082329.jpg,Rice_Healthy,train
val/Apple_Black_Rot/Apple_Disease_Dataset_val_Apple_Disease_Dataset_train_Apple___Black_rot_004051.jpg,Apple_Black_Rot,val
test/Rice_Tungro/rice-leaf-disease-riceguard_test_rice-leaf-disease-riceguard_test_tungro_075627.jpeg,Rice_Tungro,test
val/Rice_Healthy/rice-leaf-disease-riceguard_val_rice-leaf-disease-riceguard_val_healthy_089905.jpeg,Rice_Healthy,val
val/Peach_Bacterial_spot/PlantVillage_val_PlantVillage_val_Peach___Bacterial_spot_066427.jpg,Peach_Bacterial_spot,val
train/Soybean_healthy/PlantVillage_train_PlantVillage_train_Soybean___healthy_044633.jpg,Soybean_healthy,train
train/Corn_rust_leaf/plantDoc_train_plantDoc_train_Corn_rust_leaf_020202.jpg,Corn_rust_leaf,train
train/Rice_Healthy/rice-leaf-disease-riceguard_train_rice-leaf-disease-riceguard_train_healthy_081765.jpeg,Rice_Healthy,train
train/Cassava_Healthy/Cassava_train_Cassava_train_healthy_019066.jpg,Cassava_Healthy,train
train/Raspberry_healthy/PlantVillage_train_PlantVillage_train_Raspberry___healthy_041496.jpg,Raspberry_healthy,train
train/Tomato_Leaf_Mold/PlantVillage_train_PlantVillage_train_Tomato___Leaf_Mold_053961.jpg,Tomato_Leaf_Mold,train
train/Rice_Blast/rice-leaf-disease-riceguard_train_rice-leaf-disease-riceguard_train_blast_079495.jpg,Rice_Blast,train
train/Tomato_Early_Blight/plantDoc_train_plantDoc_train_Tomato_Early_blight_leaf_021211.jpg,Tomato_Early_Blight,train
train/Rice_Tungro/rice-leaf-disease-riceguard_train_rice-leaf-disease-riceguard_train_tungro_088515.jpeg,Rice_Tungro,train
val/Potato_Healthy/PlantVillage_val_PlantVillage_val_Potato___healthy_067516.jpg,Potato_Healthy,val
train/Tomato_Target_Spot/PlantVillage_train_PlantVillage_train_Tomato___Target_Spot_057776.jpg,Tomato_Target_Spot,train
train/Tomato_Late_Blight/PlantVillage_train_PlantVillage_train_Tomato___Late_blight_052772.jpg,Tomato_Late_Blight,train
train/Peach_Bacterial_spot/PlantVillage_train_PlantVillage_train_Peach___Bacterial_spot_036794.jpg,Peach_Bacterial_spot,train
val/Tomato_Spider_Mites/PlantVillage_val_PlantVillage_val_Tomato___Spider_mites Two-spotted_spider_mite_071477.jpg,Tomato_Spider_Mites,val
train/Orange_Haunglongbing_(Citrus_greening)/PlantVillage_train_PlantVillage_train_Orange___Haunglongbing_(Citrus_greening)_033270.jpg,Orange_Haunglongbing_(Citrus_greening),train
train/Tomato_Late_Blight/plantDoc_train_plantDoc_train_Tomato_leaf_late_blight_021494.jpg,Tomato_Late_Blight,train
train/Cassava_Bacterial_Blight/Cassava_train_Cassava_train_cbb_013847.jpg,Cassava_Bacterial_Blight,train
train/Corn_(maize)_Cercospora_leaf_spot_Gray_leaf_spot/PlantVillage_train_PlantVillage_train_Corn_(maize)___Cercospora_leaf_spot Gray_leaf_spot_024737.jpg,Corn_(maize)_Cercospora_leaf_spot_Gray_leaf_spot,train
train/Tomato_Spider_Mites/PlantVillage_train_PlantVillage_train_Tomato___Spider_mites Two-spotted_spider_mite_056474.jpg,Tomato_Spider_Mites,train
train/Tomato_Yellow_Leaf_Curl_Virus/PlantVillage_train_PlantVillage_train_Tomato___Tomato_Yellow_Leaf_Curl_Virus_061031.jpg,Tomato_Yellow_Leaf_Curl_Virus,train
train/Tomato_Spider_Mites/PlantVillage_train_PlantVillage_train_Tomato___Spider_mites Two-spotted_spider_mite_057191.jpg,Tomato_Spider_Mites,train
train/Corn_(maize)_Northern_Leaf_Blight/PlantVillage_train_PlantVillage_train_Corn_(maize)___Northern_Leaf_Blight_027503.jpg,Corn_(maize)_Northern_Leaf_Blight,train
test/Cherry_leaf/plantDoc_test_plantDoc_test_Cherry_leaf_019155.jpg,Cherry_leaf,test
train/Rice_Blast/rice-leaf-disease-riceguard_train_rice-leaf-disease-riceguard_train_blast_077434.jpeg,Rice_Blast,train
train/Apple_Scab/Apple_Disease_Dataset_train_Apple_Disease_Dataset_train_Apple___Apple_scab_002479.jpg,Apple_Scab,train
train/Grape_Black_rot/PlantVillage_train_PlantVillage_train_Grape___Black_rot_027972.jpg,Grape_Black_rot,train
test/Apple_Scab/Apple_Disease_Dataset_test_Apple_Disease_Dataset_test_Apple___Apple_scab_000363.jpg,Apple_Scab,test
train/Rice_Healthy/rice-leaf-disease-riceguard_train_rice-leaf-disease-riceguard_train_healthy_082270.jpeg,Rice_Healthy,train
val/Apple_Cedar_Apple_Rust/Apple_Disease_Dataset_val_Apple_Disease_Dataset_train_Apple___Cedar_apple_rust_007071.jpg,Apple_Cedar_Apple_Rust,val
train/Tomato_Late_Blight/PlantVillage_train_PlantVillage_train_Tomato___Late_blight_052338.jpg,Tomato_Late_Blight,train
val/Tomato_Bacterial_Spot/PlantVillage_val_PlantVillage_val_Tomato___Bacterial_spot_069923.jpg,Tomato_Bacterial_Spot,val
train/Tomato_Mosaic_Virus/PlantVillage_train_PlantVillage_train_Tomato___Tomato_mosaic_virus_058350.jpg,Tomato_Mosaic_Virus,train
train/Apple_Scab/Apple_Disease_Dataset_train_Apple_Disease_Dataset_train_Apple___Apple_scab_002474.jpg,Apple_Scab,train
val/Orange_Haunglongbing_(Citrus_greening)/PlantVillage_val_PlantVillage_val_Orange___Haunglongbing_(Citrus_greening)_065610.jpg,Orange_Haunglongbing_(Citrus_greening),val
train/Apple_Black_Rot/Apple_Disease_Dataset_train_Apple_Disease_Dataset_train_Apple___Black_rot_005120.jpg,Apple_Black_Rot,train
train/Cassava_Brown_Streak_Disease/Cassava_train_Cassava_train_cbsd_014275.jpg,Cassava_Brown_Streak_Disease,train
train/Cassava_Mosaic_Disease/Cassava_train_Cassava_train_cmd_016361.jpg,Cassava_Mosaic_Disease,train
val/Rice_Bacterial_Leaf_Stripe/rice-leaf-disease-riceguard_val_rice-leaf-disease-riceguard_val_stripes_091047.jpeg,Rice_Bacterial_Leaf_Stripe,val
train/Squash_Powdery_mildew/PlantVillage_train_PlantVillage_train_Squash___Powdery_mildew_046636.jpg,Squash_Powdery_mildew,train
train/Tomato_Septoria_Leaf_Spot/PlantVillage_train_PlantVillage_train_Tomato___Septoria_leaf_spot_054923.jpg,Tomato_Septoria_Leaf_Spot,train
train/Rice_Leaf_Folder/rice-leaf-disease-riceguard_train_rice-leaf-disease-riceguard_train_leaf_folder_084453.jpeg,Rice_Leaf_Folder,train
test/Rice_Blast/rice-leaf-disease-riceguard_test_rice-leaf-disease-riceguard_test_blast_073297.jpeg,Rice_Blast,test
train/Cassava_Brown_Streak_Disease/Cassava_train_Cassava_train_cbsd_014241.jpg,Cassava_Brown_Streak_Disease,train
train/Apple_Black_Rot/Apple_Disease_Dataset_train_Apple_Disease_Dataset_train_Apple___Black_rot_005245.jpg,Apple_Black_Rot,train
train/Peach_healthy/PlantVillage_train_PlantVillage_train_Peach___healthy_037507.jpg,Peach_healthy,train
train/Tomato_Spider_Mites/PlantVillage_train_PlantVillage_train_Tomato___Spider_mites Two-spotted_spider_mite_056480.jpg,Tomato_Spider_Mites,train
test/Squash_Powdery_mildew/PlantVillage_test_PlantVillage_train_Squash___Powdery_mildew_046694.jpg,Squash_Powdery_mildew,test
train/Squash_Powdery_mildew/PlantVillage_train_PlantVillage_train_Squash___Powdery_mildew_046204.jpg,Squash_Powdery_mildew,train
train/Rice_Insect_Damage/rice-leaf-disease-riceguard_train_rice-leaf-disease-riceguard_train_insect_084354.jpg,Rice_Insect_Damage,train
test/Peach_leaf/plantDoc_test_plantDoc_test_Peach_leaf_019207.jpg,Peach_leaf,test
train/Tomato_Yellow_Leaf_Curl_Virus/PlantVillage_train_PlantVillage_train_Tomato___Tomato_Yellow_Leaf_Curl_Virus_058695.jpg,Tomato_Yellow_Leaf_Curl_Virus,train
train/Tomato_Septoria_Leaf_Spot/PlantVillage_train_PlantVillage_train_Tomato___Septoria_leaf_spot_055455.jpg,Tomato_Septoria_Leaf_Spot,train
train/Strawberry_healthy/PlantVillage_train_PlantVillage_train_Strawberry___healthy_047334.jpg,Strawberry_healthy,train
train/Soyabean_leaf/plantDoc_train_plantDoc_train_Soyabean_leaf_020926.jpg,Soyabean_leaf,train
train/Peach_Bacterial_spot/PlantVillage_train_PlantVillage_train_Peach___Bacterial_spot_035554.jpg,Peach_Bacterial_spot,train
train/Apple_Scab/Apple_Disease_Dataset_train_Apple_Disease_Dataset_train_Apple___Apple_scab_002865.jpg,Apple_Scab,train
train/Apple_Scab/Apple_Disease_Dataset_train_Apple_Disease_Dataset_train_Apple___Apple_scab_002579.jpg,Apple_Scab,train
train/Tomato_Yellow_Leaf_Curl_Virus/PlantVillage_train_PlantVillage_train_Tomato___Tomato_Yellow_Leaf_Curl_Virus_062794.jpg,Tomato_Yellow_Leaf_Curl_Virus,train
train/Tomato_Yellow_Leaf_Curl_Virus/PlantVillage_train_PlantVillage_train_Tomato___Tomato_Yellow_Leaf_Curl_Virus_059819.jpg,Tomato_Yellow_Leaf_Curl_Virus,train
train/Apple_Black_Rot/Apple_Disease_Dataset_train_Apple_Disease_Dataset_train_Apple___Black_rot_004607.jpg,Apple_Black_Rot,train
train/Rice_Healthy/rice-leaf-disease-riceguard_train_rice-leaf-disease-riceguard_train_healthy_082138.jpeg,Rice_Healthy,train
train/Rice_Insect_Damage/rice-leaf-disease-riceguard_train_rice-leaf-disease-riceguard_train_insect_083418.jpeg,Rice_Insect_Damage,train
train/Orange_Haunglongbing_(Citrus_greening)/PlantVillage_train_PlantVillage_train_Orange___Haunglongbing_(Citrus_greening)_033175.jpg,Orange_Haunglongbing_(Citrus_greening),train
train/Corn_(maize)_healthy/PlantVillage_train_PlantVillage_train_Corn_(maize)___healthy_027015.jpg,Corn_(maize)_healthy,train
val/Rice_Leaf_Folder/rice-leaf-disease-riceguard_val_rice-leaf-disease-riceguard_val_leaf_folder_090862.jpeg,Rice_Leaf_Folder,val
test/Tomato_Septoria_Leaf_Spot/PlantVillage_test_PlantVillage_train_Tomato___Septoria_leaf_spot_055431.jpg,Tomato_Septoria_Leaf_Spot,test
val/Tomato_Target_Spot/PlantVillage_val_PlantVillage_val_Tomato___Target_Spot_071795.jpg,Tomato_Target_Spot,val
train/Tomato_Yellow_Leaf_Curl_Virus/PlantVillage_train_PlantVillage_train_Tomato___Tomato_Yellow_Leaf_Curl_Virus_062133.jpg,Tomato_Yellow_Leaf_Curl_Virus,train
train/Corn_leaf_blight/plantDoc_train_plantDoc_train_Corn_leaf_blight_020101.jpg,Corn_leaf_blight,train
test/Squash_Powdery_mildew/PlantVillage_test_PlantVillage_train_Squash___Powdery_mildew_046095.jpg,Squash_Powdery_mildew,test
train/Grape_Esca_(Black_Measles)/PlantVillage_train_PlantVillage_train_Grape___Esca_(Black_Measles)_029033.jpg,Grape_Esca_(Black_Measles),train
train/Tomato_Yellow_Leaf_Curl_Virus/PlantVillage_train_PlantVillage_train_Tomato___Tomato_Yellow_Leaf_Curl_Virus_061972.jpg,Tomato_Yellow_Leaf_Curl_Virus,train
train/Squash_Powdery_mildew/PlantVillage_train_PlantVillage_train_Squash___Powdery_mildew_046310.jpg,Squash_Powdery_mildew,train
train/Tomato_Bacterial_Spot/PlantVillage_train_PlantVillage_train_Tomato___Bacterial_spot_048913.jpg,Tomato_Bacterial_Spot,train
train/Grape_Leaf_blight_(Isariopsis_Leaf_Spot)/PlantVillage_train_PlantVillage_train_Grape___Leaf_blight_(Isariopsis_Leaf_Spot)_030455.jpg,Grape_Leaf_blight_(Isariopsis_Leaf_Spot),train
train/Potato_Early_Blight/plantDoc_train_plantDoc_train_Potato_leaf_early_blight_020555.jpg,Potato_Early_Blight,train
train/Orange_Haunglongbing_(Citrus_greening)/PlantVillage_train_PlantVillage_train_Orange___Haunglongbing_(Citrus_greening)_034110.jpg,Orange_Haunglongbing_(Citrus_greening),train
val/Blueberry_healthy/PlantVillage_val_PlantVillage_val_Blueberry___healthy_063174.jpg,Blueberry_healthy,val
train/Potato_Late_Blight/PlantVillage_train_PlantVillage_train_Potato___Late_blight_040802.jpg,Potato_Late_Blight,train
train/Rice_Blast/rice-leaf-disease-riceguard_train_rice-leaf-disease-riceguard_train_blast_077758.jpeg,Rice_Blast,train
"train/Bell_Pepper_Bacterial_Spot/PlantVillage_train_PlantVillage_train_Pepper,_bell___Bacterial_spot_037768.jpg",Bell_Pepper_Bacterial_Spot,train
train/Apple_Scab/Apple_Disease_Dataset_train_Apple_Disease_Dataset_train_Apple___Apple_scab_003553.jpg,Apple_Scab,train
train/Rice_Blast/rice-leaf-disease-riceguard_train_rice-leaf-disease-riceguard_train_blast_078457.jpeg,Rice_Blast,train
train/Tomato_Leaf_Mold/PlantVillage_train_PlantVillage_train_Tomato___Leaf_Mold_054339.jpg,Tomato_Leaf_Mold,train
train/Apple_Cedar_Apple_Rust/Apple_Disease_Dataset_train_Apple_Disease_Dataset_train_Apple___Cedar_apple_rust_006611.jpg,Apple_Cedar_Apple_Rust,train
train/Rice_Insect_Damage/rice-leaf-disease-riceguard_train_rice-leaf-disease-riceguard_train_insect_083759.jpeg,Rice_Insect_Damage,train
train/Tomato_Yellow_Leaf_Curl_Virus/PlantVillage_train_PlantVillage_train_Tomato___Tomato_Yellow_Leaf_Curl_Virus_059536.jpg,Tomato_Yellow_Leaf_Curl_Virus,train
train/Raspberry_leaf/plantDoc_train_plantDoc_train_Raspberry_leaf_020858.jpg,Raspberry_leaf,train
train/Tomato_Bacterial_Spot/plantDoc_train_plantDoc_train_Tomato_leaf_bacterial_spot_021381.jpg,Tomato_Bacterial_Spot,train
train/Rice_Insect_Damage/rice-leaf-disease-riceguard_train_rice-leaf-disease-riceguard_train_insect_083523.jpeg,Rice_Insect_Damage,train
train/Peach_healthy/PlantVillage_train_PlantVillage_train_Peach___healthy_037332.jpg,Peach_healthy,train
val/Orange_Haunglongbing_(Citrus_greening)/PlantVillage_val_PlantVillage_val_Orange___Haunglongbing_(Citrus_greening)_065859.jpg,Orange_Haunglongbing_(Citrus_greening),val
train/Cassava_Green_Mite/Cassava_train_Cassava_train_cgm_015727.jpg,Cassava_Green_Mite,train
val/Corn_(maize)_Northern_Leaf_Blight/PlantVillage_val_PlantVillage_val_Corn_(maize)___Northern_Leaf_Blight_064218.jpg,Corn_(maize)_Northern_Leaf_Blight,val
train/Soybean_healthy/PlantVillage_train_PlantVillage_train_Soybean___healthy_042477.jpg,Soybean_healthy,train
train/Blueberry_leaf/plantDoc_train_plantDoc_train_Blueberry_leaf_019729.jpg,Blueberry_leaf,train
train/Peach_leaf/plantDoc_train_plantDoc_train_Peach_leaf_020446.jpg,Peach_leaf,train
train/Potato_Late_Blight/PlantVillage_train_PlantVillage_train_Potato___Late_blight_041041.jpg,Potato_Late_Blight,train
train/Rice_Bacterial_Leaf_Stripe/rice-leaf-disease-riceguard_train_rice-leaf-disease-riceguard_train_stripes_086190.jpeg,Rice_Bacterial_Leaf_Stripe,train
train/Tomato_Early_Blight/PlantVillage_train_PlantVillage_train_Tomato___Early_blight_050145.jpg,Tomato_Early_Blight,train
train/Cherry_(including_sour)_healthy/PlantVillage_train_PlantVillage_train_Cherry_(including_sour)___healthy_023251.jpg,Cherry_(including_sour)_healthy,train
train/Bell_Pepper_Bacterial_Spot/plantDoc_train_plantDoc_train_Bell_pepper_leaf_spot_019664.jpg,Bell_Pepper_Bacterial_Spot,train
train/Rice_Bacterial_Leaf_Stripe/rice-leaf-disease-riceguard_train_rice-leaf-disease-riceguard_train_stripes_087128.jpeg,Rice_Bacterial_Leaf_Stripe,train
train/Strawberry_healthy/PlantVillage_train_PlantVillage_train_Strawberry___healthy_047146.jpg,Strawberry_healthy,train
test/Rice_Tungro/rice-leaf-disease-riceguard_test_rice-leaf-disease-riceguard_test_tungro_075825.jpeg,Rice_Tungro,test
train/Corn_Gray_leaf_spot/plantDoc_train_plantDoc_train_Corn_Gray_leaf_spot_019879.jpg,Corn_Gray_leaf_spot,train
test/Rice_Scald/rice-leaf-disease-riceguard_test_rice-leaf-disease-riceguard_test_scald_075243.jpg,Rice_Scald,test
train/Peach_Bacterial_spot/PlantVillage_train_PlantVillage_train_Peach___Bacterial_spot_036780.jpg,Peach_Bacterial_spot,train
val/Raspberry_leaf/plantDoc_val_plantDoc_train_Raspberry_leaf_020816.jpg,Raspberry_leaf,val
train/Rice_Blast/rice-leaf-disease-riceguard_train_rice-leaf-disease-riceguard_train_blast_079061.jpg,Rice_Blast,train
train/Orange_Haunglongbing_(Citrus_greening)/PlantVillage_train_PlantVillage_train_Orange___Haunglongbing_(Citrus_greening)_035400.jpg,Orange_Haunglongbing_(Citrus_greening),train
train/Cassava_Bacterial_Blight/Cassava_train_Cassava_train_cbb_013897.jpg,Cassava_Bacterial_Blight,train
train/Tomato_Yellow_Leaf_Curl_Virus/PlantVillage_train_PlantVillage_train_Tomato___Tomato_Yellow_Leaf_Curl_Virus_060582.jpg,Tomato_Yellow_Leaf_Curl_Virus,train
val/grape_leaf_black_rot/plantDoc_val_plantDoc_train_grape_leaf_black_rot_020276.jpg,grape_leaf_black_rot,val
train/Apple_Scab/Apple_Disease_Dataset_train_Apple_Disease_Dataset_train_Apple___Apple_scab_003092.jpg,Apple_Scab,train
test/Apple_Cedar_Apple_Rust/Apple_Disease_Dataset_test_Apple_Disease_Dataset_test_Apple___Cedar_apple_rust_001267.jpg,Apple_Cedar_Apple_Rust,test
train/Tomato_Mosaic_Virus/plantDoc_train_plantDoc_train_Tomato_leaf_mosaic_virus_021521.jpg,Tomato_Mosaic_Virus,train
train/Rice_Bacterial_Leaf_Stripe/rice-leaf-disease-riceguard_train_rice-leaf-disease-riceguard_train_stripes_086924.jpeg,Rice_Bacterial_Leaf_Stripe,train
train/Cassava_Brown_Streak_Disease/Cassava_train_Cassava_train_cbsd_015019.jpg,Cassava_Brown_Streak_Disease,train
train/Corn_(maize)_Northern_Leaf_Blight/PlantVillage_train_PlantVillage_train_Corn_(maize)___Northern_Leaf_Blight_027285.jpg,Corn_(maize)_Northern_Leaf_Blight,train
val/Corn_(maize)_Common_rust_/PlantVillage_val_PlantVillage_val_Corn_(maize)___Common_rust__063736.jpg,Corn_(maize)_Common_rust_,val
train/Peach_Bacterial_spot/PlantVillage_train_PlantVillage_train_Peach___Bacterial_spot_035874.jpg,Peach_Bacterial_spot,train
train/Corn_leaf_blight/plantDoc_train_plantDoc_train_Corn_leaf_blight_020041.jpg,Corn_leaf_blight,train
train/Grape_Black_rot/PlantVillage_train_PlantVillage_train_Grape___Black_rot_028654.jpg,Grape_Black_rot,train
train/Grape_Leaf_blight_(Isariopsis_Leaf_Spot)/PlantVillage_train_PlantVillage_train_Grape___Leaf_blight_(Isariopsis_Leaf_Spot)_030292.jpg,Grape_Leaf_blight_(Isariopsis_Leaf_Spot),train
train/Tomato_Yellow_Leaf_Curl_Virus/PlantVillage_train_PlantVillage_train_Tomato___Tomato_Yellow_Leaf_Curl_Virus_061656.jpg,Tomato_Yellow_Leaf_Curl_Virus,train
train/Apple_Scab/Apple_Disease_Dataset_train_Apple_Disease_Dataset_train_Apple___Apple_scab_002160.jpg,Apple_Scab,train
val/Peach_leaf/plantDoc_val_plantDoc_train_Peach_leaf_020353.jpg,Peach_leaf,val
test/Cassava_Green_Mite/Cassava_test_Cassava_train_cgm_015470.jpg,Cassava_Green_Mite,test
train/grape_leaf_black_rot/plantDoc_train_plantDoc_train_grape_leaf_black_rot_020323.jpg,grape_leaf_black_rot,train
train/Tomato_Bacterial_Spot/PlantVillage_train_PlantVillage_train_Tomato___Bacterial_spot_048904.jpg,Tomato_Bacterial_Spot,train
train/Corn_(maize)_Common_rust_/PlantVillage_train_PlantVillage_train_Corn_(maize)___Common_rust__025474.jpg,Corn_(maize)_Common_rust_,train
train/Rice_Blast/rice-leaf-disease-riceguard_train_rice-leaf-disease-riceguard_train_blast_076466.jpeg,Rice_Blast,train
train/Tomato_Spider_Mites/PlantVillage_train_PlantVillage_train_Tomato___Spider_mites Two-spotted_spider_mite_056696.jpg,Tomato_Spider_Mites,train
test/Peach_Bacterial_spot/PlantVillage_test_PlantVillage_train_Peach___Bacterial_spot_036569.jpg,Peach_Bacterial_spot,test
test/Cassava_Mosaic_Disease/Cassava_test_Cassava_train_cmd_016435.jpg,Cassava_Mosaic_Disease,test
train/Apple_Scab/Apple_Disease_Dataset_train_Apple_Disease_Dataset_train_Apple___Apple_scab_002096.jpg,Apple_Scab,train
train/Soybean_healthy/PlantVillage_train_PlantVillage_train_Soybean___healthy_042516.jpg,Soybean_healthy,train
train/Cassava_Mosaic_Disease/Cassava_train_Cassava_train_cmd_018641.jpg,Cassava_Mosaic_Disease,train
train/Orange_Haunglongbing_(Citrus_greening)/PlantVillage_train_PlantVillage_train_Orange___Haunglongbing_(Citrus_greening)_034382.jpg,Orange_Haunglongbing_(Citrus_greening),train
val/Tomato_Late_Blight/PlantVillage_val_PlantVillage_val_Tomato___Late_blight_070538.jpg,Tomato_Late_Blight,val
train/Blueberry_healthy/PlantVillage_train_PlantVillage_train_Blueberry___healthy_022919.jpg,Blueberry_healthy,train
train/Potato_Late_Blight/PlantVillage_train_PlantVillage_train_Potato___Late_blight_041126.jpg,Potato_Late_Blight,train
train/Blueberry_healthy/PlantVillage_train_PlantVillage_train_Blueberry___healthy_022505.jpg,Blueberry_healthy,train
train/Potato_Healthy/PlantVillage_train_PlantVillage_train_Potato___healthy_040456.jpg,Potato_Healthy,train
train/Orange_Haunglongbing_(Citrus_greening)/PlantVillage_train_PlantVillage_train_Orange___Haunglongbing_(Citrus_greening)_033706.jpg,Orange_Haunglongbing_(Citrus_greening),train
train/Rice_Blast/rice-leaf-disease-riceguard_train_rice-leaf-disease-riceguard_train_blast_076672.jpeg,Rice_Blast,train
train/Rice_Blast/rice-leaf-disease-riceguard_train_rice-leaf-disease-riceguard_train_blast_076021.jpeg,Rice_Blast,train
train/Soyabean_leaf/plantDoc_train_plantDoc_train_Soyabean_leaf_020966.jpg,Soyabean_leaf,train
train/Tomato_Early_Blight/PlantVillage_train_PlantVillage_train_Tomato___Early_blight_050456.jpg,Tomato_Early_Blight,train
train/Tomato_Yellow_Leaf_Curl_Virus/PlantVillage_train_PlantVillage_train_Tomato___Tomato_Yellow_Leaf_Curl_Virus_059304.jpg,Tomato_Yellow_Leaf_Curl_Virus,train
train/Rice_Healthy/rice-leaf-disease-riceguard_train_rice-leaf-disease-riceguard_train_healthy_079658.jpeg,Rice_Healthy,train
train/Grape_healthy/PlantVillage_train_PlantVillage_train_Grape___healthy_030098.jpg,Grape_healthy,train
train/Apple_Scab/Apple_Disease_Dataset_train_Apple_Disease_Dataset_train_Apple___Apple_scab_003438.jpg,Apple_Scab,train
train/Raspberry_healthy/PlantVillage_train_PlantVillage_train_Raspberry___healthy_041426.jpg,Raspberry_healthy,train
test/Tomato_Target_Spot/PlantVillage_test_PlantVillage_train_Tomato___Target_Spot_057262.jpg,Tomato_Target_Spot,test
train/Rice_Leaf_Folder/rice-leaf-disease-riceguard_train_rice-leaf-disease-riceguard_train_leaf_folder_085451.jpeg,Rice_Leaf_Folder,train
train/Cassava_Brown_Streak_Disease/Cassava_train_Cassava_train_cbsd_014025.jpg,Cassava_Brown_Streak_Disease,train
"val/Bell_Pepper_Bacterial_Spot/PlantVillage_val_PlantVillage_val_Pepper,_bell___Bacterial_spot_066932.jpg",Bell_Pepper_Bacterial_Spot,val
train/Apple_Black_Rot/Apple_Disease_Dataset_train_Apple_Disease_Dataset_train_Apple___Black_rot_005850.jpg,Apple_Black_Rot,train
train/Tomato_Yellow_Leaf_Curl_Virus/PlantVillage_train_PlantVillage_train_Tomato___Tomato_Yellow_Leaf_Curl_Virus_060078.jpg,Tomato_Yellow_Leaf_Curl_Virus,train
train/Orange_Haunglongbing_(Citrus_greening)/PlantVillage_train_PlantVillage_train_Orange___Haunglongbing_(Citrus_greening)_034700.jpg,Orange_Haunglongbing_(Citrus_greening),train
train/Rice_Healthy/rice-leaf-disease-riceguard_train_rice-leaf-disease-riceguard_train_healthy_079805.jpeg,Rice_Healthy,train
test/Tomato_Healthy/PlantVillage_test_PlantVillage_train_Tomato___healthy_051292.jpg,Tomato_Healthy,test
train/Soybean_healthy/PlantVillage_train_PlantVillage_train_Soybean___healthy_045193.jpg,Soybean_healthy,train
val/Raspberry_healthy/PlantVillage_val_PlantVillage_val_Raspberry___healthy_067758.jpg,Raspberry_healthy,val
train/Grape_Black_rot/PlantVillage_train_PlantVillage_train_Grape___Black_rot_028638.jpg,Grape_Black_rot,train
train/Cassava_Mosaic_Disease/Cassava_train_Cassava_train_cmd_018534.jpg,Cassava_Mosaic_Disease,train
train/Orange_Haunglongbing_(Citrus_greening)/PlantVillage_train_PlantVillage_train_Orange___Haunglongbing_(Citrus_greening)_033313.jpg,Orange_Haunglongbing_(Citrus_greening),train
val/Raspberry_healthy/PlantVillage_val_PlantVillage_val_Raspberry___healthy_067803.jpg,Raspberry_healthy,val
train/Rice_Blast/rice-leaf-disease-riceguard_train_rice-leaf-disease-riceguard_train_blast_078141.jpeg,Rice_Blast,train
test/Apple_Healthy/Apple_Disease_Dataset_test_Apple_Disease_Dataset_test_Apple___healthy_001615.jpg,Apple_Healthy,test
train/Rice_Healthy/rice-leaf-disease-riceguard_train_rice-leaf-disease-riceguard_train_healthy_080440.jpeg,Rice_Healthy,train
train/Soybean_healthy/PlantVillage_train_PlantVillage_train_Soybean___healthy_044834.jpg,Soybean_healthy,train
train/Cherry_(including_sour)_Powdery_mildew/PlantVillage_train_PlantVillage_train_Cherry_(including_sour)___Powdery_mildew_024373.jpg,Cherry_(including_sour)_Powdery_mildew,train
train/Grape_Leaf_blight_(Isariopsis_Leaf_Spot)/PlantVillage_train_PlantVillage_train_Grape___Leaf_blight_(Isariopsis_Leaf_Spot)_030762.jpg,Grape_Leaf_blight_(Isariopsis_Leaf_Spot),train
train/Tomato_Healthy/PlantVillage_train_PlantVillage_train_Tomato___healthy_050938.jpg,Tomato_Healthy,train
train/Apple_Cedar_Apple_Rust/Apple_Disease_Dataset_train_Apple_Disease_Dataset_train_Apple___Cedar_apple_rust_005984.jpg,Apple_Cedar_Apple_Rust,train
train/Soybean_healthy/PlantVillage_train_PlantVillage_train_Soybean___healthy_045054.jpg,Soybean_healthy,train
test/Tomato_Yellow_Leaf_Curl_Virus/PlantVillage_test_PlantVillage_train_Tomato___Tomato_Yellow_Leaf_Curl_Virus_062709.jpg,Tomato_Yellow_Leaf_Curl_Virus,test
train/Tomato_Leaf_Mold/PlantVillage_train_PlantVillage_train_Tomato___Leaf_Mold_054404.jpg,Tomato_Leaf_Mold,train
test/Soybean_healthy/PlantVillage_test_PlantVillage_train_Soybean___healthy_044067.jpg,Soybean_healthy,test
train/Rice_Leaf_Folder/rice-leaf-disease-riceguard_train_rice-leaf-disease-riceguard_train_leaf_folder_084919.jpeg,Rice_Leaf_Folder,train
val/Soybean_healthy/PlantVillage_val_PlantVillage_val_Soybean___healthy_067863.jpg,Soybean_healthy,val
test/Tomato_Bacterial_Spot/PlantVillage_test_PlantVillage_train_Tomato___Bacterial_spot_049412.jpg,Tomato_Bacterial_Spot,test
train/Grape_Leaf_blight_(Isariopsis_Leaf_Spot)/PlantVillage_train_PlantVillage_train_Grape___Leaf_blight_(Isariopsis_Leaf_Spot)_030383.jpg,Grape_Leaf_blight_(Isariopsis_Leaf_Spot),train
val/Tomato_Septoria_Leaf_Spot/PlantVillage_val_PlantVillage_val_Tomato___Septoria_leaf_spot_071126.jpg,Tomato_Septoria_Leaf_Spot,val
train/Rice_Insect_Damage/rice-leaf-disease-riceguard_train_rice-leaf-disease-riceguard_train_insect_083163.jpeg,Rice_Insect_Damage,train
train/Corn_(maize)_Northern_Leaf_Blight/PlantVillage_train_PlantVillage_train_Corn_(maize)___Northern_Leaf_Blight_027264.jpg,Corn_(maize)_Northern_Leaf_Blight,train
val/Soybean_healthy/PlantVillage_val_PlantVillage_val_Soybean___healthy_068718.jpg,Soybean_healthy,val
train/Rice_Blast/rice-leaf-disease-riceguard_train_rice-leaf-disease-riceguard_train_blast_075979.jpeg,Rice_Blast,train
train/Rice_Tungro/rice-leaf-disease-riceguard_train_rice-leaf-disease-riceguard_train_tungro_088321.jpeg,Rice_Tungro,train
train/Tomato_Septoria_Leaf_Spot/plantDoc_train_plantDoc_train_Tomato_Septoria_leaf_spot_021990.jpg,Tomato_Septoria_Leaf_Spot,train
train/Tomato_Target_Spot/PlantVillage_train_PlantVillage_train_Tomato___Target_Spot_058220.jpg,Tomato_Target_Spot,train
val/Squash_Powdery_mildew/PlantVillage_val_PlantVillage_val_Squash___Powdery_mildew_068879.jpg,Squash_Powdery_mildew,val
test/Corn_(maize)_healthy/PlantVillage_test_PlantVillage_train_Corn_(maize)___healthy_026493.jpg,Corn_(maize)_healthy,test
"train/Bell_Pepper_Healthy/PlantVillage_train_PlantVillage_train_Pepper,_bell___healthy_039156.jpg",Bell_Pepper_Healthy,train
train/Rice_Blast/rice-leaf-disease-riceguard_train_rice-leaf-disease-riceguard_train_blast_076792.jpeg,Rice_Blast,train
train/Apple_Black_Rot/Apple_Disease_Dataset_train_Apple_Disease_Dataset_train_Apple___Black_rot_005064.jpg,Apple_Black_Rot,train
"train/Bell_Pepper_Healthy/PlantVillage_train_PlantVillage_train_Pepper,_bell___healthy_038472.jpg",Bell_Pepper_Healthy,train
train/Tomato_Healthy/PlantVillage_train_PlantVillage_train_Tomato___healthy_051469.jpg,Tomato_Healthy,train
train/Strawberry_leaf/plantDoc_train_plantDoc_train_Strawberry_leaf_021170.jpg,Strawberry_leaf,train
test/Apple_Healthy/Apple_Disease_Dataset_test_Apple_Disease_Dataset_test_Apple___healthy_001914.jpg,Apple_Healthy,test
train/Corn_(maize)_Common_rust_/PlantVillage_train_PlantVillage_train_Corn_(maize)___Common_rust__025584.jpg,Corn_(maize)_Common_rust_,train
train/Soybean_healthy/PlantVillage_train_PlantVillage_train_Soybean___healthy_043546.jpg,Soybean_healthy,train
train/Rice_Healthy/rice-leaf-disease-riceguard_train_rice-leaf-disease-riceguard_train_healthy_080926.jpeg,Rice_Healthy,train
train/Strawberry_Leaf_scorch/PlantVillage_train_PlantVillage_train_Strawberry___Leaf_scorch_048039.jpg,Strawberry_Leaf_scorch,train
val/Corn_(maize)_Northern_Leaf_Blight/PlantVillage_val_PlantVillage_val_Corn_(maize)___Northern_Leaf_Blight_064238.jpg,Corn_(maize)_Northern_Leaf_Blight,val
train/Apple_Healthy/Apple_Disease_Dataset_train_Apple_Disease_Dataset_train_Apple___healthy_008844.jpg,Apple_Healthy,train
train/Rice_Blast/rice-leaf-disease-riceguard_train_rice-leaf-disease-riceguard_train_blast_079219.jpg,Rice_Blast,train
val/Grape_Black_rot/PlantVillage_val_PlantVillage_val_Grape___Black_rot_064469.jpg,Grape_Black_rot,val
train/Grape_Esca_(Black_Measles)/PlantVillage_train_PlantVillage_train_Grape___Esca_(Black_Measles)_029175.jpg,Grape_Esca_(Black_Measles),train
train/Tomato_Early_Blight/PlantVillage_train_PlantVillage_train_Tomato___Early_blight_050663.jpg,Tomato_Early_Blight,train
train/Cassava_Brown_Streak_Disease/Cassava_train_Cassava_train_cbsd_014317.jpg,Cassava_Brown_Streak_Disease,train
train/Grape_healthy/PlantVillage_train_PlantVillage_train_Grape___healthy_029997.jpg,Grape_healthy,train
train/Raspberry_healthy/PlantVillage_train_PlantVillage_train_Raspberry___healthy_041325.jpg,Raspberry_healthy,train
train/Orange_Haunglongbing_(Citrus_greening)/PlantVillage_train_PlantVillage_train_Orange___Haunglongbing_(Citrus_greening)_033024.jpg,Orange_Haunglongbing_(Citrus_greening),train
train/Apple_Healthy/Apple_Disease_Dataset_train_Apple_Disease_Dataset_train_Apple___healthy_008182.jpg,Apple_Healthy,train
train/Rice_Healthy/rice-leaf-disease-riceguard_train_rice-leaf-disease-riceguard_train_healthy_080156.jpeg,Rice_Healthy,train
train/Corn_rust_leaf/plantDoc_train_plantDoc_train_Corn_rust_leaf_020175.jpg,Corn_rust_leaf,train
train/Rice_Healthy/rice-leaf-disease-riceguard_train_rice-leaf-disease-riceguard_train_healthy_082399.jpg,Rice_Healthy,train
val/Tomato_Target_Spot/PlantVillage_val_PlantVillage_val_Tomato___Target_Spot_071907.jpg,Tomato_Target_Spot,val
test/Bell_Pepper_Bacterial_Spot/plantDoc_test_plantDoc_test_Bell_pepper_leaf_spot_019130.jpg,Bell_Pepper_Bacterial_Spot,test
train/Tomato_Healthy/PlantVillage_train_PlantVillage_train_Tomato___healthy_051077.jpg,Tomato_Healthy,train
val/Strawberry_healthy/PlantVillage_val_PlantVillage_val_Strawberry___healthy_069256.jpg,Strawberry_healthy,val
train/Rice_Tungro/rice-leaf-disease-riceguard_train_rice-leaf-disease-riceguard_train_tungro_088071.jpeg,Rice_Tungro,train
train/Tomato_Target_Spot/PlantVillage_train_PlantVillage_train_Tomato___Target_Spot_057279.jpg,Tomato_Target_Spot,train
val/Rice_Healthy/rice-leaf-disease-riceguard_val_rice-leaf-disease-riceguard_val_healthy_089983.jpeg,Rice_Healthy,val
train/Tomato_Bacterial_Spot/PlantVillage_train_PlantVillage_train_Tomato___Bacterial_spot_048732.jpg,Tomato_Bacterial_Spot,train
val/Grape_Esca_(Black_Measles)/PlantVillage_val_PlantVillage_val_Grape___Esca_(Black_Measles)_064812.jpg,Grape_Esca_(Black_Measles),val
train/Tomato_Septoria_Leaf_Spot/PlantVillage_train_PlantVillage_train_Tomato___Septoria_leaf_spot_055779.jpg,Tomato_Septoria_Leaf_Spot,train
train/Potato_Late_Blight/PlantVillage_train_PlantVillage_train_Potato___Late_blight_040885.jpg,Potato_Late_Blight,train
test/Rice_Healthy/rice-leaf-disease-riceguard_test_rice-leaf-disease-riceguard_test_healthy_074440.jpeg,Rice_Healthy,test
train/Strawberry_Leaf_scorch/PlantVillage_train_PlantVillage_train_Strawberry___Leaf_scorch_048297.jpg,Strawberry_Leaf_scorch,train
train/Tomato_Bacterial_Spot/PlantVillage_train_PlantVillage_train_Tomato___Bacterial_spot_049264.jpg,Tomato_Bacterial_Spot,train
train/Tomato_Target_Spot/PlantVillage_train_PlantVillage_train_Tomato___Target_Spot_057830.jpg,Tomato_Target_Spot,train
test/Tomato_Late_Blight/PlantVillage_test_PlantVillage_train_Tomato___Late_blight_052714.jpg,Tomato_Late_Blight,test
train/Corn_(maize)_Cercospora_leaf_spot_Gray_leaf_spot/PlantVillage_train_PlantVillage_train_Corn_(maize)___Cercospora_leaf_spot Gray_leaf_spot_025122.jpg,Corn_(maize)_Cercospora_leaf_spot_Gray_leaf_spot,train
train/Rice_Insect_Damage/rice-leaf-disease-riceguard_train_rice-leaf-disease-riceguard_train_insect_082995.jpeg,Rice_Insect_Damage,train
train/Tomato_Septoria_Leaf_Spot/PlantVillage_train_PlantVillage_train_Tomato___Septoria_leaf_spot_054588.jpg,Tomato_Septoria_Leaf_Spot,train
train/Tomato_Target_Spot/PlantVillage_train_PlantVillage_train_Tomato___Target_Spot_058177.jpg,Tomato_Target_Spot,train
train/grape_leaf_black_rot/plantDoc_train_plantDoc_train_grape_leaf_black_rot_020335.jpg,grape_leaf_black_rot,train
val/Apple_Healthy/plantDoc_val_plantDoc_train_Apple_leaf_019388.jpg,Apple_Healthy,val
train/Strawberry_healthy/PlantVillage_train_PlantVillage_train_Strawberry___healthy_047332.jpg,Strawberry_healthy,train
test/Tomato_Target_Spot/PlantVillage_test_PlantVillage_train_Tomato___Target_Spot_057637.jpg,Tomato_Target_Spot,test
train/Raspberry_leaf/plantDoc_train_plantDoc_train_Raspberry_leaf_020852.jpg,Raspberry_leaf,train
train/Tomato_Spider_Mites/PlantVillage_train_PlantVillage_train_Tomato___Spider_mites Two-spotted_spider_mite_057087.jpg,Tomato_Spider_Mites,train
train/Corn_(maize)_Northern_Leaf_Blight/PlantVillage_train_PlantVillage_train_Corn_(maize)___Northern_Leaf_Blight_027108.jpg,Corn_(maize)_Northern_Leaf_Blight,train
train/Blueberry_healthy/PlantVillage_train_PlantVillage_train_Blueberry___healthy_023047.jpg,Blueberry_healthy,train
val/Orange_Haunglongbing_(Citrus_greening)/PlantVillage_val_PlantVillage_val_Orange___Haunglongbing_(Citrus_greening)_065706.jpg,Orange_Haunglongbing_(Citrus_greening),val
"val/Bell_Pepper_Healthy/PlantVillage_val_PlantVillage_val_Pepper,_bell___healthy_067148.jpg",Bell_Pepper_Healthy,val
train/Rice_Healthy/rice-leaf-disease-riceguard_train_rice-leaf-disease-riceguard_train_healthy_080891.jpeg,Rice_Healthy,train
test/Raspberry_healthy/PlantVillage_test_PlantVillage_train_Raspberry___healthy_041474.jpg,Raspberry_healthy,test
val/Rice_Bacterial_Leaf_Stripe/rice-leaf-disease-riceguard_val_rice-leaf-disease-riceguard_val_stripes_091282.jpeg,Rice_Bacterial_Leaf_Stripe,val
val/Tomato_Leaf_Mold/PlantVillage_val_PlantVillage_val_Tomato___Leaf_Mold_070978.jpg,Tomato_Leaf_Mold,val
train/Tomato_Yellow_Leaf_Curl_Virus/PlantVillage_train_PlantVillage_train_Tomato___Tomato_Yellow_Leaf_Curl_Virus_060566.jpg,Tomato_Yellow_Leaf_Curl_Virus,train
val/Rice_Scald/rice-leaf-disease-riceguard_val_rice-leaf-disease-riceguard_val_scald_090981.jpg,Rice_Scald,val
train/Rice_Insect_Damage/rice-leaf-disease-riceguard_train_rice-leaf-disease-riceguard_train_insect_083601.jpeg,Rice_Insect_Damage,train
train/Soybean_healthy/PlantVillage_train_PlantVillage_train_Soybean___healthy_042552.jpg,Soybean_healthy,train
train/Raspberry_healthy/PlantVillage_train_PlantVillage_train_Raspberry___healthy_041559.jpg,Raspberry_healthy,train
train/Corn_(maize)_healthy/PlantVillage_train_PlantVillage_train_Corn_(maize)___healthy_026421.jpg,Corn_(maize)_healthy,train
train/Strawberry_leaf/plantDoc_train_plantDoc_train_Strawberry_leaf_021164.jpg,Strawberry_leaf,train
val/Apple_Black_Rot/Apple_Disease_Dataset_val_Apple_Disease_Dataset_train_Apple___Black_rot_004753.jpg,Apple_Black_Rot,val
train/Grape_Leaf_blight_(Isariopsis_Leaf_Spot)/PlantVillage_train_PlantVillage_train_Grape___Leaf_blight_(Isariopsis_Leaf_Spot)_030472.jpg,Grape_Leaf_blight_(Isariopsis_Leaf_Spot),train
train/Corn_(maize)_healthy/PlantVillage_train_PlantVillage_train_Corn_(maize)___healthy_026321.jpg,Corn_(maize)_healthy,train
train/Potato_Healthy/PlantVillage_train_PlantVillage_train_Potato___healthy_040401.jpg,Potato_Healthy,train
test/Cherry_leaf/plantDoc_test_plantDoc_test_Cherry_leaf_019158.jpg,Cherry_leaf,test
val/Rice_Bacterial_Leaf_Stripe/rice-leaf-disease-riceguard_val_rice-leaf-disease-riceguard_val_stripes_091063.jpeg,Rice_Bacterial_Leaf_Stripe,val
val/Strawberry_healthy/PlantVillage_val_PlantVillage_val_Strawberry___healthy_069215.jpg,Strawberry_healthy,val
train/Tomato_Spider_Mites/PlantVillage_train_PlantVillage_train_Tomato___Spider_mites Two-spotted_spider_mite_057166.jpg,Tomato_Spider_Mites,train
train/Cherry_(including_sour)_Powdery_mildew/PlantVillage_train_PlantVillage_train_Cherry_(including_sour)___Powdery_mildew_024735.jpg,Cherry_(including_sour)_Powdery_mildew,train
val/Strawberry_Leaf_scorch/PlantVillage_val_PlantVillage_val_Strawberry___Leaf_scorch_069378.jpg,Strawberry_Leaf_scorch,val
train/Apple_Black_Rot/Apple_Disease_Dataset_train_Apple_Disease_Dataset_train_Apple___Black_rot_004402.jpg,Apple_Black_Rot,train
train/Rice_Tungro/rice-leaf-disease-riceguard_train_rice-leaf-disease-riceguard_train_tungro_087705.jpeg,Rice_Tungro,train
train/Tomato_Late_Blight/plantDoc_train_plantDoc_train_Tomato_leaf_late_blight_021445.jpg,Tomato_Late_Blight,train
train/grape_leaf/plantDoc_train_plantDoc_train_grape_leaf_020241.jpg,grape_leaf,train
train/Grape_Esca_(Black_Measles)/PlantVillage_train_PlantVillage_train_Grape___Esca_(Black_Measles)_029110.jpg,Grape_Esca_(Black_Measles),train
train/Peach_Bacterial_spot/PlantVillage_train_PlantVillage_train_Peach___Bacterial_spot_037061.jpg,Peach_Bacterial_spot,train
train/Soybean_healthy/PlantVillage_train_PlantVillage_train_Soybean___healthy_041626.jpg,Soybean_healthy,train
train/Potato_Late_Blight/PlantVillage_train_PlantVillage_train_Potato___Late_blight_040700.jpg,Potato_Late_Blight,train
train/Raspberry_leaf/plantDoc_train_plantDoc_train_Raspberry_leaf_020814.jpg,Raspberry_leaf,train
val/Rice_Insect_Damage/rice-leaf-disease-riceguard_val_rice-leaf-disease-riceguard_val_insect_090478.jpeg,Rice_Insect_Damage,val
val/Tomato_Bacterial_Spot/PlantVillage_val_PlantVillage_val_Tomato___Bacterial_spot_069894.jpg,Tomato_Bacterial_Spot,val
test/Squash_Powdery_mildew/PlantVillage_test_PlantVillage_train_Squash___Powdery_mildew_046126.jpg,Squash_Powdery_mildew,test
val/Blueberry_healthy/PlantVillage_val_PlantVillage_val_Blueberry___healthy_063104.jpg,Blueberry_healthy,val
test/grape_leaf/plantDoc_test_plantDoc_test_grape_leaf_019195.jpg,grape_leaf,test
val/Cassava_Mosaic_Disease/Cassava_val_Cassava_train_cmd_017119.jpg,Cassava_Mosaic_Disease,val
test/Tomato_Early_Blight/PlantVillage_test_PlantVillage_train_Tomato___Early_blight_050109.jpg,Tomato_Early_Blight,test
val/Corn_(maize)_Common_rust_/PlantVillage_val_PlantVillage_val_Corn_(maize)___Common_rust__063795.jpg,Corn_(maize)_Common_rust_,val
val/Tomato_Yellow_Leaf_Curl_Virus/PlantVillage_val_PlantVillage_val_Tomato___Tomato_Yellow_Leaf_Curl_Virus_072235.jpg,Tomato_Yellow_Leaf_Curl_Virus,val
train/Apple_Black_Rot/Apple_Disease_Dataset_train_Apple_Disease_Dataset_train_Apple___Black_rot_004444.jpg,Apple_Black_Rot,train
train/Orange_Haunglongbing_(Citrus_greening)/PlantVillage_train_PlantVillage_train_Orange___Haunglongbing_(Citrus_greening)_032290.jpg,Orange_Haunglongbing_(Citrus_greening),train
test/Rice_Leaf_Folder/rice-leaf-disease-riceguard_test_rice-leaf-disease-riceguard_test_leaf_folder_075001.jpeg,Rice_Leaf_Folder,test
val/Grape_Esca_(Black_Measles)/PlantVillage_val_PlantVillage_val_Grape___Esca_(Black_Measles)_064792.jpg,Grape_Esca_(Black_Measles),val
train/Blueberry_leaf/plantDoc_train_plantDoc_train_Blueberry_leaf_019799.jpg,Blueberry_leaf,train
test/Rice_Healthy/rice-leaf-disease-riceguard_test_rice-leaf-disease-riceguard_test_healthy_074446.jpeg,Rice_Healthy,test
train/Cassava_Mosaic_Disease/Cassava_train_Cassava_train_cmd_018677.jpg,Cassava_Mosaic_Disease,train
val/Rice_Bacterial_Leaf_Stripe/rice-leaf-disease-riceguard_val_rice-leaf-disease-riceguard_val_stripes_091201.jpeg,Rice_Bacterial_Leaf_Stripe,val
train/Cherry_(including_sour)_healthy/PlantVillage_train_PlantVillage_train_Cherry_(including_sour)___healthy_023213.jpg,Cherry_(including_sour)_healthy,train
train/Rice_Leaf_Folder/rice-leaf-disease-riceguard_train_rice-leaf-disease-riceguard_train_leaf_folder_085277.jpeg,Rice_Leaf_Folder,train
train/Rice_Bacterial_Leaf_Stripe/rice-leaf-disease-riceguard_train_rice-leaf-disease-riceguard_train_stripes_087466.jpg,Rice_Bacterial_Leaf_Stripe,train
train/Cherry_(including_sour)_Powdery_mildew/PlantVillage_train_PlantVillage_train_Cherry_(including_sour)___Powdery_mildew_024601.jpg,Cherry_(including_sour)_Powdery_mildew,train
train/Cherry_leaf/plantDoc_train_plantDoc_train_Cherry_leaf_019855.jpg,Cherry_leaf,train
val/Tomato_Late_Blight/PlantVillage_val_PlantVillage_val_Tomato___Late_blight_070449.jpg,Tomato_Late_Blight,val
test/Tomato_Mosaic_Virus/PlantVillage_test_PlantVillage_train_Tomato___Tomato_mosaic_virus_058347.jpg,Tomato_Mosaic_Virus,test
train/Soyabean_leaf/plantDoc_train_plantDoc_train_Soyabean_leaf_020957.jpg,Soyabean_leaf,train
train/Cassava_Mosaic_Disease/Cassava_train_Cassava_train_cmd_018218.jpg,Cassava_Mosaic_Disease,train
train/Tomato_Early_Blight/plantDoc_train_plantDoc_train_Tomato_Early_blight_leaf_021230.jpg,Tomato_Early_Blight,train
test/Rice_Blast/rice-leaf-disease-riceguard_test_rice-leaf-disease-riceguard_test_blast_073206.jpeg,Rice_Blast,test
train/Corn_leaf_blight/plantDoc_train_plantDoc_train_Corn_leaf_blight_019941.jpg,Corn_leaf_blight,train
train/Tomato_Yellow_Leaf_Curl_Virus/PlantVillage_train_PlantVillage_train_Tomato___Tomato_Yellow_Leaf_Curl_Virus_060989.jpg,Tomato_Yellow_Leaf_Curl_Virus,train
train/Grape_Leaf_blight_(Isariopsis_Leaf_Spot)/PlantVillage_train_PlantVillage_train_Grape___Leaf_blight_(Isariopsis_Leaf_Spot)_031014.jpg,Grape_Leaf_blight_(Isariopsis_Leaf_Spot),train
train/Rice_Scald/rice-leaf-disease-riceguard_train_rice-leaf-disease-riceguard_train_scald_085846.jpg,Rice_Scald,train
train/grape_leaf_black_rot/plantDoc_train_plantDoc_train_grape_leaf_black_rot_020287.jpg,grape_leaf_black_rot,train
train/Soybean_healthy/PlantVillage_train_PlantVillage_train_Soybean___healthy_042620.jpg,Soybean_healthy,train
train/Apple_Scab/Apple_Disease_Dataset_train_Apple_Disease_Dataset_train_Apple___Apple_scab_002224.jpg,Apple_Scab,train
train/grape_leaf/plantDoc_train_plantDoc_train_grape_leaf_020258.jpg,grape_leaf,train
val/Cassava_Mosaic_Disease/Cassava_val_Cassava_train_cmd_017430.jpg,Cassava_Mosaic_Disease,val
train/Tomato_Bacterial_Spot/PlantVillage_train_PlantVillage_train_Tomato___Bacterial_spot_049122.jpg,Tomato_Bacterial_Spot,train
val/grape_leaf/plantDoc_val_plantDoc_train_grape_leaf_020220.jpg,grape_leaf,val
train/Blueberry_healthy/PlantVillage_train_PlantVillage_train_Blueberry___healthy_022912.jpg,Blueberry_healthy,train
train/Corn_Gray_leaf_spot/plantDoc_train_plantDoc_train_Corn_Gray_leaf_spot_019914.jpg,Corn_Gray_leaf_spot,train
train/Soybean_healthy/PlantVillage_train_PlantVillage_train_Soybean___healthy_041699.jpg,Soybean_healthy,train
train/Soybean_healthy/PlantVillage_train_PlantVillage_train_Soybean___healthy_041892.jpg,Soybean_healthy,train
val/Rice_Insect_Damage/rice-leaf-disease-riceguard_val_rice-leaf-disease-riceguard_val_insect_090547.jpeg,Rice_Insect_Damage,val
train/Soybean_healthy/PlantVillage_train_PlantVillage_train_Soybean___healthy_044439.jpg,Soybean_healthy,train
val/Tomato_Mosaic_Virus/PlantVillage_val_PlantVillage_val_Tomato___Tomato_mosaic_virus_072013.jpg,Tomato_Mosaic_Virus,val
"val/Bell_Pepper_Healthy/PlantVillage_val_PlantVillage_val_Pepper,_bell___healthy_067058.jpg",Bell_Pepper_Healthy,val
train/Blueberry_healthy/PlantVillage_train_PlantVillage_train_Blueberry___healthy_022687.jpg,Blueberry_healthy,train
train/Cherry_leaf/plantDoc_train_plantDoc_train_Cherry_leaf_019844.jpg,Cherry_leaf,train
"test/Bell_Pepper_Bacterial_Spot/PlantVillage_test_PlantVillage_train_Pepper,_bell___Bacterial_spot_037738.jpg",Bell_Pepper_Bacterial_Spot,test
train/Corn_leaf_blight/plantDoc_train_plantDoc_train_Corn_leaf_blight_020031.jpg,Corn_leaf_blight,train
train/Tomato_Late_Blight/PlantVillage_train_PlantVillage_train_Tomato___Late_blight_052799.jpg,Tomato_Late_Blight,train
test/Tomato_Target_Spot/PlantVillage_test_PlantVillage_train_Tomato___Target_Spot_057685.jpg,Tomato_Target_Spot,test
train/Strawberry_Leaf_scorch/PlantVillage_train_PlantVillage_train_Strawberry___Leaf_scorch_047920.jpg,Strawberry_Leaf_scorch,train
train/Corn_(maize)_healthy/PlantVillage_train_PlantVillage_train_Corn_(maize)___healthy_026553.jpg,Corn_(maize)_healthy,train
train/Strawberry_leaf/plantDoc_train_plantDoc_train_Strawberry_leaf_021136.jpg,Strawberry_leaf,train
val/Soybean_healthy/PlantVillage_val_PlantVillage_val_Soybean___healthy_068401.jpg,Soybean_healthy,val
test/Rice_Bacterial_Leaf_Stripe/rice-leaf-disease-riceguard_test_rice-leaf-disease-riceguard_test_stripes_075474.jpeg,Rice_Bacterial_Leaf_Stripe,test
train/Strawberry_Leaf_scorch/PlantVillage_train_PlantVillage_train_Strawberry___Leaf_scorch_048002.jpg,Strawberry_Leaf_scorch,train
train/Apple_Black_Rot/Apple_Disease_Dataset_train_Apple_Disease_Dataset_train_Apple___Black_rot_005420.jpg,Apple_Black_Rot,train
train/Tomato_Late_Blight/PlantVillage_train_PlantVillage_train_Tomato___Late_blight_053499.jpg,Tomato_Late_Blight,train
train/Tomato_Late_Blight/PlantVillage_train_PlantVillage_train_Tomato___Late_blight_053044.jpg,Tomato_Late_Blight,train
train/Cassava_Brown_Streak_Disease/Cassava_train_Cassava_train_cbsd_014888.jpg,Cassava_Brown_Streak_Disease,train
train/Cassava_Mosaic_Disease/Cassava_train_Cassava_train_cmd_018350.jpg,Cassava_Mosaic_Disease,train
test/Blueberry_leaf/plantDoc_test_plantDoc_test_Blueberry_leaf_019139.jpg,Blueberry_leaf,test
val/Rice_Insect_Damage/rice-leaf-disease-riceguard_val_rice-leaf-disease-riceguard_val_insect_090396.jpeg,Rice_Insect_Damage,val
train/Rice_Bacterial_Leaf_Stripe/rice-leaf-disease-riceguard_train_rice-leaf-disease-riceguard_train_stripes_086064.jpeg,Rice_Bacterial_Leaf_Stripe,train
train/Tomato_Yellow_Leaf_Curl_Virus/PlantVillage_train_PlantVillage_train_Tomato___Tomato_Yellow_Leaf_Curl_Virus_059956.jpg,Tomato_Yellow_Leaf_Curl_Virus,train
train/Grape_Black_rot/PlantVillage_train_PlantVillage_train_Grape___Black_rot_028154.jpg,Grape_Black_rot,train
train/Grape_Black_rot/PlantVillage_train_PlantVillage_train_Grape___Black_rot_028295.jpg,Grape_Black_rot,train
train/Potato_Late_Blight/PlantVillage_train_PlantVillage_train_Potato___Late_blight_041224.jpg,Potato_Late_Blight,train
val/grape_leaf/plantDoc_val_plantDoc_train_grape_leaf_020236.jpg,grape_leaf,val
train/Tomato_Late_Blight/PlantVillage_train_PlantVillage_train_Tomato___Late_blight_053042.jpg,Tomato_Late_Blight,train
train/grape_leaf_black_rot/plantDoc_train_plantDoc_train_grape_leaf_black_rot_020284.jpg,grape_leaf_black_rot,train
val/Rice_Scald/rice-leaf-disease-riceguard_val_rice-leaf-disease-riceguard_val_scald_090992.jpg,Rice_Scald,val
train/Tomato_Yellow_Leaf_Curl_Virus/PlantVillage_train_PlantVillage_train_Tomato___Tomato_Yellow_Leaf_Curl_Virus_059485.jpg,Tomato_Yellow_Leaf_Curl_Virus,train
val/Rice_Scald/rice-leaf-disease-riceguard_val_rice-leaf-disease-riceguard_val_scald_090976.jpg,Rice_Scald,val
train/Tomato_Yellow_Leaf_Curl_Virus/PlantVillage_train_PlantVillage_train_Tomato___Tomato_Yellow_Leaf_Curl_Virus_062313.jpg,Tomato_Yellow_Leaf_Curl_Virus,train
train/Tomato_Target_Spot/PlantVillage_train_PlantVillage_train_Tomato___Target_Spot_057852.jpg,Tomato_Target_Spot,train
train/Rice_Bacterial_Leaf_Stripe/rice-leaf-disease-riceguard_train_rice-leaf-disease-riceguard_train_stripes_086683.jpeg,Rice_Bacterial_Leaf_Stripe,train
val/Corn_(maize)_Common_rust_/PlantVillage_val_PlantVillage_val_Corn_(maize)___Common_rust__063858.jpg,Corn_(maize)_Common_rust_,val
train/Strawberry_Leaf_scorch/PlantVillage_train_PlantVillage_train_Strawberry___Leaf_scorch_047855.jpg,Strawberry_Leaf_scorch,train
train/Corn_(maize)_Northern_Leaf_Blight/PlantVillage_train_PlantVillage_train_Corn_(maize)___Northern_Leaf_Blight_027120.jpg,Corn_(maize)_Northern_Leaf_Blight,train
train/Cherry_(including_sour)_healthy/PlantVillage_train_PlantVillage_train_Cherry_(including_sour)___healthy_023331.jpg,Cherry_(including_sour)_healthy,train
train/Corn_(maize)_Northern_Leaf_Blight/PlantVillage_train_PlantVillage_train_Corn_(maize)___Northern_Leaf_Blight_027101.jpg,Corn_(maize)_Northern_Leaf_Blight,train
train/Strawberry_Leaf_scorch/PlantVillage_train_PlantVillage_train_Strawberry___Leaf_scorch_048136.jpg,Strawberry_Leaf_scorch,train
train/Grape_Leaf_blight_(Isariopsis_Leaf_Spot)/PlantVillage_train_PlantVillage_train_Grape___Leaf_blight_(Isariopsis_Leaf_Spot)_030898.jpg,Grape_Leaf_blight_(Isariopsis_Leaf_Spot),train
train/Corn_(maize)_healthy/PlantVillage_train_PlantVillage_train_Corn_(maize)___healthy_026702.jpg,Corn_(maize)_healthy,train
train/Rice_Leaf_Folder/rice-leaf-disease-riceguard_train_rice-leaf-disease-riceguard_train_leaf_folder_085718.jpg,Rice_Leaf_Folder,train
train/Apple_Black_Rot/Apple_Disease_Dataset_train_Apple_Disease_Dataset_train_Apple___Black_rot_004865.jpg,Apple_Black_Rot,train
train/Soybean_healthy/PlantVillage_train_PlantVillage_train_Soybean___healthy_042545.jpg,Soybean_healthy,train
train/Potato_Early_Blight/PlantVillage_train_PlantVillage_train_Potato___Early_blight_039915.jpg,Potato_Early_Blight,train
test/Rice_Leaf_Folder/rice-leaf-disease-riceguard_test_rice-leaf-disease-riceguard_test_leaf_folder_075177.jpeg,Rice_Leaf_Folder,test
train/Potato_Early_Blight/plantDoc_train_plantDoc_train_Potato_leaf_early_blight_020522.jpg,Potato_Early_Blight,train
train/Peach_Bacterial_spot/PlantVillage_train_PlantVillage_train_Peach___Bacterial_spot_036130.jpg,Peach_Bacterial_spot,train
train/Squash_Powdery_mildew_leaf/plantDoc_train_plantDoc_train_Squash_Powdery_mildew_leaf_020974.jpg,Squash_Powdery_mildew_leaf,train
train/Corn_(maize)_Cercospora_leaf_spot_Gray_leaf_spot/PlantVillage_train_PlantVillage_train_Corn_(maize)___Cercospora_leaf_spot Gray_leaf_spot_025109.jpg,Corn_(maize)_Cercospora_leaf_spot_Gray_leaf_spot,train
val/Apple_Healthy/Apple_Disease_Dataset_val_Apple_Disease_Dataset_train_Apple___healthy_008512.jpg,Apple_Healthy,val
train/Peach_Bacterial_spot/PlantVillage_train_PlantVillage_train_Peach___Bacterial_spot_035963.jpg,Peach_Bacterial_spot,train
test/Rice_Blast/rice-leaf-disease-riceguard_test_rice-leaf-disease-riceguard_test_blast_073475.jpeg,Rice_Blast,test
train/Rice_Healthy/rice-leaf-disease-riceguard_train_rice-leaf-disease-riceguard_train_healthy_081477.jpeg,Rice_Healthy,train
train/Rice_Tungro/rice-leaf-disease-riceguard_train_rice-leaf-disease-riceguard_train_tungro_087501.jpeg,Rice_Tungro,train
train/Grape_Black_rot/PlantVillage_train_PlantVillage_train_Grape___Black_rot_028667.jpg,Grape_Black_rot,train
train/Tomato_Bacterial_Spot/PlantVillage_train_PlantVillage_train_Tomato___Bacterial_spot_048762.jpg,Tomato_Bacterial_Spot,train
val/Corn_(maize)_Northern_Leaf_Blight/PlantVillage_val_PlantVillage_val_Corn_(maize)___Northern_Leaf_Blight_064318.jpg,Corn_(maize)_Northern_Leaf_Blight,val
train/Rice_Leaf_Folder/rice-leaf-disease-riceguard_train_rice-leaf-disease-riceguard_train_leaf_folder_085420.jpeg,Rice_Leaf_Folder,train
train/Grape_Black_rot/PlantVillage_train_PlantVillage_train_Grape___Black_rot_027851.jpg,Grape_Black_rot,train
val/Tomato_Septoria_Leaf_Spot/PlantVillage_val_PlantVillage_val_Tomato___Septoria_leaf_spot_071165.jpg,Tomato_Septoria_Leaf_Spot,val
train/Cherry_(including_sour)_healthy/PlantVillage_train_PlantVillage_train_Cherry_(including_sour)___healthy_023412.jpg,Cherry_(including_sour)_healthy,train
train/Rice_Blast/rice-leaf-disease-riceguard_train_rice-leaf-disease-riceguard_train_blast_077932.jpeg,Rice_Blast,train
val/Grape_Black_rot/PlantVillage_val_PlantVillage_val_Grape___Black_rot_064510.jpg,Grape_Black_rot,val
train/Strawberry_healthy/PlantVillage_train_PlantVillage_train_Strawberry___healthy_047434.jpg,Strawberry_healthy,train
test/Apple_Scab/Apple_Disease_Dataset_test_Apple_Disease_Dataset_test_Apple___Apple_scab_000031.jpg,Apple_Scab,test
val/Tomato_Late_Blight/PlantVillage_val_PlantVillage_val_Tomato___Late_blight_070632.jpg,Tomato_Late_Blight,val
train/Orange_Haunglongbing_(Citrus_greening)/PlantVillage_train_PlantVillage_train_Orange___Haunglongbing_(Citrus_greening)_031426.jpg,Orange_Haunglongbing_(Citrus_greening),train
train/Corn_(maize)_Common_rust_/PlantVillage_train_PlantVillage_train_Corn_(maize)___Common_rust__025472.jpg,Corn_(maize)_Common_rust_,train
train/Grape_Leaf_blight_(Isariopsis_Leaf_Spot)/PlantVillage_train_PlantVillage_train_Grape___Leaf_blight_(Isariopsis_Leaf_Spot)_031062.jpg,Grape_Leaf_blight_(Isariopsis_Leaf_Spot),train
train/Cassava_Bacterial_Blight/Cassava_train_Cassava_train_cbb_013928.jpg,Cassava_Bacterial_Blight,train
val/Apple_Scab/Apple_Disease_Dataset_val_Apple_Disease_Dataset_train_Apple___Apple_scab_002258.jpg,Apple_Scab,val
test/Apple_Cedar_Apple_Rust/Apple_Disease_Dataset_test_Apple_Disease_Dataset_test_Apple___Cedar_apple_rust_001195.jpg,Apple_Cedar_Apple_Rust,test
train/Cassava_Bacterial_Blight/Cassava_train_Cassava_train_cbb_013609.jpg,Cassava_Bacterial_Blight,train
train/Apple_Healthy/Apple_Disease_Dataset_train_Apple_Disease_Dataset_train_Apple___healthy_007740.jpg,Apple_Healthy,train
train/Apple_Black_Rot/Apple_Disease_Dataset_train_Apple_Disease_Dataset_train_Apple___Black_rot_005635.jpg,Apple_Black_Rot,train
val/Blueberry_healthy/PlantVillage_val_PlantVillage_val_Blueberry___healthy_062953.jpg,Blueberry_healthy,val
train/Tomato_Septoria_Leaf_Spot/PlantVillage_train_PlantVillage_train_Tomato___Septoria_leaf_spot_055618.jpg,Tomato_Septoria_Leaf_Spot,train
train/Rice_Blast/rice-leaf-disease-riceguard_train_rice-leaf-disease-riceguard_train_blast_079052.jpg,Rice_Blast,train
train/Potato_Late_Blight/PlantVillage_train_PlantVillage_train_Potato___Late_blight_041075.jpg,Potato_Late_Blight,train
train/Tomato_Yellow_Leaf_Curl_Virus/PlantVillage_train_PlantVillage_train_Tomato___Tomato_Yellow_Leaf_Curl_Virus_061762.jpg,Tomato_Yellow_Leaf_Curl_Virus,train
train/Tomato_Mosaic_Virus/PlantVillage_train_PlantVillage_train_Tomato___Tomato_mosaic_virus_058476.jpg,Tomato_Mosaic_Virus,train
train/Tomato_Spider_Mites/PlantVillage_train_PlantVillage_train_Tomato___Spider_mites Two-spotted_spider_mite_056661.jpg,Tomato_Spider_Mites,train
train/Rice_Healthy/rice-leaf-disease-riceguard_train_rice-leaf-disease-riceguard_train_healthy_082651.jpg,Rice_Healthy,train
val/Rice_Bacterial_Leaf_Stripe/rice-leaf-disease-riceguard_val_rice-leaf-disease-riceguard_val_stripes_091084.jpeg,Rice_Bacterial_Leaf_Stripe,val
train/Apple_Scab/Apple_Disease_Dataset_train_Apple_Disease_Dataset_train_Apple___Apple_scab_003950.jpg,Apple_Scab,train
train/Soybean_healthy/PlantVillage_train_PlantVillage_train_Soybean___healthy_043466.jpg,Soybean_healthy,train
train/Cassava_Mosaic_Disease/Cassava_train_Cassava_train_cmd_017135.jpg,Cassava_Mosaic_Disease,train
train/Rice_Healthy/rice-leaf-disease-riceguard_train_rice-leaf-disease-riceguard_train_healthy_080324.jpeg,Rice_Healthy,train
train/Cassava_Green_Mite/Cassava_train_Cassava_train_cgm_015691.jpg,Cassava_Green_Mite,train
train/Potato_Healthy/PlantVillage_train_PlantVillage_train_Potato___healthy_040407.jpg,Potato_Healthy,train
train/Raspberry_leaf/plantDoc_train_plantDoc_train_Raspberry_leaf_020805.jpg,Raspberry_leaf,train
train/Soyabean_leaf/plantDoc_train_plantDoc_train_Soyabean_leaf_020954.jpg,Soyabean_leaf,train
train/Potato_Healthy/PlantVillage_train_PlantVillage_train_Potato___healthy_040472.jpg,Potato_Healthy,train
train/Tomato_Spider_Mites/PlantVillage_train_PlantVillage_train_Tomato___Spider_mites Two-spotted_spider_mite_056270.jpg,Tomato_Spider_Mites,train
train/Apple_Black_Rot/Apple_Disease_Dataset_train_Apple_Disease_Dataset_train_Apple___Black_rot_004217.jpg,Apple_Black_Rot,train
train/Rice_Blast/rice-leaf-disease-riceguard_train_rice-leaf-disease-riceguard_train_blast_079358.jpg,Rice_Blast,train
val/Rice_Tungro/rice-leaf-disease-riceguard_val_rice-leaf-disease-riceguard_val_tungro_091358.jpeg,Rice_Tungro,val
train/Apple_Healthy/Apple_Disease_Dataset_train_Apple_Disease_Dataset_train_Apple___healthy_008705.jpg,Apple_Healthy,train
train/Tomato_Septoria_Leaf_Spot/PlantVillage_train_PlantVillage_train_Tomato___Septoria_leaf_spot_055401.jpg,Tomato_Septoria_Leaf_Spot,train
val/Squash_Powdery_mildew/PlantVillage_val_PlantVillage_val_Squash___Powdery_mildew_069124.jpg,Squash_Powdery_mildew,val
train/Blueberry_healthy/PlantVillage_train_PlantVillage_train_Blueberry___healthy_022456.jpg,Blueberry_healthy,train
train/Cherry_(including_sour)_healthy/PlantVillage_train_PlantVillage_train_Cherry_(including_sour)___healthy_023441.jpg,Cherry_(including_sour)_healthy,train
test/Rice_Blast/rice-leaf-disease-riceguard_test_rice-leaf-disease-riceguard_test_blast_073894.jpg,Rice_Blast,test
train/Orange_Haunglongbing_(Citrus_greening)/PlantVillage_train_PlantVillage_train_Orange___Haunglongbing_(Citrus_greening)_033946.jpg,Orange_Haunglongbing_(Citrus_greening),train
train/Raspberry_healthy/PlantVillage_train_PlantVillage_train_Raspberry___healthy_041448.jpg,Raspberry_healthy,train
train/Corn_(maize)_healthy/PlantVillage_train_PlantVillage_train_Corn_(maize)___healthy_026516.jpg,Corn_(maize)_healthy,train
train/Soybean_healthy/PlantVillage_train_PlantVillage_train_Soybean___healthy_043435.jpg,Soybean_healthy,train
train/Soybean_healthy/PlantVillage_train_PlantVillage_train_Soybean___healthy_041611.jpg,Soybean_healthy,train
train/Peach_Bacterial_spot/PlantVillage_train_PlantVillage_train_Peach___Bacterial_spot_035546.jpg,Peach_Bacterial_spot,train
train/Cassava_Mosaic_Disease/Cassava_train_Cassava_train_cmd_016838.jpg,Cassava_Mosaic_Disease,train
train/Cassava_Healthy/Cassava_train_Cassava_train_healthy_018809.jpg,Cassava_Healthy,train
test/Rice_Healthy/rice-leaf-disease-riceguard_test_rice-leaf-disease-riceguard_test_healthy_074161.jpeg,Rice_Healthy,test
train/Rice_Insect_Damage/rice-leaf-disease-riceguard_train_rice-leaf-disease-riceguard_train_insect_084211.jpg,Rice_Insect_Damage,train
train/Orange_Haunglongbing_(Citrus_greening)/PlantVillage_train_PlantVillage_train_Orange___Haunglongbing_(Citrus_greening)_034102.jpg,Orange_Haunglongbing_(Citrus_greening),train
train/Peach_Bacterial_spot/PlantVillage_train_PlantVillage_train_Peach___Bacterial_spot_036909.jpg,Peach_Bacterial_spot,train
train/Tomato_Yellow_Leaf_Curl_Virus/PlantVillage_train_PlantVillage_train_Tomato___Tomato_Yellow_Leaf_Curl_Virus_060766.jpg,Tomato_Yellow_Leaf_Curl_Virus,train
train/Potato_Early_Blight/PlantVillage_train_PlantVillage_train_Potato___Early_blight_039861.jpg,Potato_Early_Blight,train
train/Strawberry_healthy/PlantVillage_train_PlantVillage_train_Strawberry___healthy_047209.jpg,Strawberry_healthy,train
train/Apple_Healthy/Apple_Disease_Dataset_train_Apple_Disease_Dataset_train_Apple___healthy_009034.jpg,Apple_Healthy,train
val/Corn_(maize)_Northern_Leaf_Blight/PlantVillage_val_PlantVillage_val_Corn_(maize)___Northern_Leaf_Blight_064276.jpg,Corn_(maize)_Northern_Leaf_Blight,val
train/Corn_(maize)_healthy/PlantVillage_train_PlantVillage_train_Corn_(maize)___healthy_027012.jpg,Corn_(maize)_healthy,train
train/Rice_Bacterial_Leaf_Stripe/rice-leaf-disease-riceguard_train_rice-leaf-disease-riceguard_train_stripes_087372.jpg,Rice_Bacterial_Leaf_Stripe,train
val/Rice_Blast/rice-leaf-disease-riceguard_val_rice-leaf-disease-riceguard_val_blast_089309.jpeg,Rice_Blast,val
train/Cassava_Green_Mite/Cassava_train_Cassava_train_cgm_015492.jpg,Cassava_Green_Mite,train
train/Tomato_Healthy/PlantVillage_train_PlantVillage_train_Tomato___healthy_051978.jpg,Tomato_Healthy,train
train/Squash_Powdery_mildew/PlantVillage_train_PlantVillage_train_Squash___Powdery_mildew_045869.jpg,Squash_Powdery_mildew,train
train/Rice_Blast/rice-leaf-disease-riceguard_train_rice-leaf-disease-riceguard_train_blast_079172.jpg,Rice_Blast,train
val/Corn_rust_leaf/plantDoc_val_plantDoc_train_Corn_rust_leaf_020137.jpg,Corn_rust_leaf,val
train/Strawberry_Leaf_scorch/PlantVillage_train_PlantVillage_train_Strawberry___Leaf_scorch_048078.jpg,Strawberry_Leaf_scorch,train
train/Cassava_Brown_Streak_Disease/Cassava_train_Cassava_train_cbsd_014700.jpg,Cassava_Brown_Streak_Disease,train
train/Rice_Scald/rice-leaf-disease-riceguard_train_rice-leaf-disease-riceguard_train_scald_085782.jpg,Rice_Scald,train
train/Corn_(maize)_Common_rust_/PlantVillage_train_PlantVillage_train_Corn_(maize)___Common_rust__025735.jpg,Corn_(maize)_Common_rust_,train
val/Tomato_Yellow_Leaf_Curl_Virus/PlantVillage_val_PlantVillage_val_Tomato___Tomato_Yellow_Leaf_Curl_Virus_072244.jpg,Tomato_Yellow_Leaf_Curl_Virus,val
train/Cassava_Brown_Streak_Disease/Cassava_train_Cassava_train_cbsd_013965.jpg,Cassava_Brown_Streak_Disease,train
train/Cassava_Mosaic_Disease/Cassava_train_Cassava_train_cmd_017266.jpg,Cassava_Mosaic_Disease,train
train/Rice_Tungro/rice-leaf-disease-riceguard_train_rice-leaf-disease-riceguard_train_tungro_088502.jpeg,Rice_Tungro,train
test/Apple_Black_Rot/Apple_Disease_Dataset_test_Apple_Disease_Dataset_test_Apple___Black_rot_000700.jpg,Apple_Black_Rot,test
train/Grape_Black_rot/PlantVillage_train_PlantVillage_train_Grape___Black_rot_027890.jpg,Grape_Black_rot,train
train/Grape_Black_rot/PlantVillage_train_PlantVillage_train_Grape___Black_rot_028506.jpg,Grape_Black_rot,train
"train/Bell_Pepper_Bacterial_Spot/PlantVillage_train_PlantVillage_train_Pepper,_bell___Bacterial_spot_037853.jpg",Bell_Pepper_Bacterial_Spot,train
train/Corn_(maize)_Common_rust_/PlantVillage_train_PlantVillage_train_Corn_(maize)___Common_rust__026098.jpg,Corn_(maize)_Common_rust_,train
train/Squash_Powdery_mildew/PlantVillage_train_PlantVillage_train_Squash___Powdery_mildew_046317.jpg,Squash_Powdery_mildew,train
val/Rice_Leaf_Folder/rice-leaf-disease-riceguard_val_rice-leaf-disease-riceguard_val_leaf_folder_090924.jpeg,Rice_Leaf_Folder,val
val/Soybean_healthy/PlantVillage_val_PlantVillage_val_Soybean___healthy_068391.jpg,Soybean_healthy,val
train/Soybean_healthy/PlantVillage_train_PlantVillage_train_Soybean___healthy_042010.jpg,Soybean_healthy,train
train/Blueberry_healthy/PlantVillage_train_PlantVillage_train_Blueberry___healthy_022444.jpg,Blueberry_healthy,train
train/Squash_Powdery_mildew/PlantVillage_train_PlantVillage_train_Squash___Powdery_mildew_046364.jpg,Squash_Powdery_mildew,train
train/Corn_rust_leaf/plantDoc_train_plantDoc_train_Corn_rust_leaf_020132.jpg,Corn_rust_leaf,train
train/Tomato_Spider_Mites/PlantVillage_train_PlantVillage_train_Tomato___Spider_mites Two-spotted_spider_mite_056543.jpg,Tomato_Spider_Mites,train
val/Rice_Tungro/rice-leaf-disease-riceguard_val_rice-leaf-disease-riceguard_val_tungro_091409.jpeg,Rice_Tungro,val
train/Cassava_Mosaic_Disease/Cassava_train_Cassava_train_cmd_018417.jpg,Cassava_Mosaic_Disease,train
train/Potato_Healthy/PlantVillage_train_PlantVillage_train_Potato___healthy_040422.jpg,Potato_Healthy,train
val/Cassava_Mosaic_Disease/Cassava_val_Cassava_train_cmd_017274.jpg,Cassava_Mosaic_Disease,val
train/Corn_(maize)_Common_rust_/PlantVillage_train_PlantVillage_train_Corn_(maize)___Common_rust__025769.jpg,Corn_(maize)_Common_rust_,train
train/Grape_Black_rot/PlantVillage_train_PlantVillage_train_Grape___Black_rot_028158.jpg,Grape_Black_rot,train
train/Orange_Haunglongbing_(Citrus_greening)/PlantVillage_train_PlantVillage_train_Orange___Haunglongbing_(Citrus_greening)_034765.jpg,Orange_Haunglongbing_(Citrus_greening),train
val/Corn_(maize)_Cercospora_leaf_spot_Gray_leaf_spot/PlantVillage_val_PlantVillage_val_Corn_(maize)___Cercospora_leaf_spot Gray_leaf_spot_063633.jpg,Corn_(maize)_Cercospora_leaf_spot_Gray_leaf_spot,val
val/Rice_Leaf_Folder/rice-leaf-disease-riceguard_val_rice-leaf-disease-riceguard_val_leaf_folder_090734.jpeg,Rice_Leaf_Folder,val
train/Orange_Haunglongbing_(Citrus_greening)/PlantVillage_train_PlantVillage_train_Orange___Haunglongbing_(Citrus_greening)_032170.jpg,Orange_Haunglongbing_(Citrus_greening),train
val/Soybean_healthy/PlantVillage_val_PlantVillage_val_Soybean___healthy_068209.jpg,Soybean_healthy,val
train/Apple_Healthy/Apple_Disease_Dataset_train_Apple_Disease_Dataset_train_Apple___healthy_008480.jpg,Apple_Healthy,train
val/Tomato_Late_Blight/PlantVillage_val_PlantVillage_val_Tomato___Late_blight_070652.jpg,Tomato_Late_Blight,val
test/Cassava_Mosaic_Disease/Cassava_test_Cassava_train_cmd_016666.jpg,Cassava_Mosaic_Disease,test
val/Strawberry_Leaf_scorch/PlantVillage_val_PlantVillage_val_Strawberry___Leaf_scorch_069349.jpg,Strawberry_Leaf_scorch,val
train/Strawberry_Leaf_scorch/PlantVillage_train_PlantVillage_train_Strawberry___Leaf_scorch_047933.jpg,Strawberry_Leaf_scorch,train
val/Tomato_Late_Blight/PlantVillage_val_PlantVillage_val_Tomato___Late_blight_070811.jpg,Tomato_Late_Blight,val
train/Tomato_Bacterial_Spot/PlantVillage_train_PlantVillage_train_Tomato___Bacterial_spot_049458.jpg,Tomato_Bacterial_Spot,train
train/Rice_Insect_Damage/rice-leaf-disease-riceguard_train_rice-leaf-disease-riceguard_train_insect_083994.jpeg,Rice_Insect_Damage,train
val/Tomato_Spider_Mites/PlantVillage_val_PlantVillage_val_Tomato___Spider_mites Two-spotted_spider_mite_071440.jpg,Tomato_Spider_Mites,val
train/Cherry_(including_sour)_Powdery_mildew/PlantVillage_train_PlantVillage_train_Cherry_(including_sour)___Powdery_mildew_024288.jpg,Cherry_(including_sour)_Powdery_mildew,train
train/Potato_Early_Blight/plantDoc_train_plantDoc_train_Potato_leaf_early_blight_020490.jpg,Potato_Early_Blight,train
train/Cherry_(including_sour)_healthy/PlantVillage_train_PlantVillage_train_Cherry_(including_sour)___healthy_023601.jpg,Cherry_(including_sour)_healthy,train
train/Apple_Black_Rot/Apple_Disease_Dataset_train_Apple_Disease_Dataset_train_Apple___Black_rot_004487.jpg,Apple_Black_Rot,train
val/Corn_(maize)_healthy/PlantVillage_val_PlantVillage_val_Corn_(maize)___healthy_064041.jpg,Corn_(maize)_healthy,val
"train/Bell_Pepper_Bacterial_Spot/PlantVillage_train_PlantVillage_train_Pepper,_bell___Bacterial_spot_038379.jpg",Bell_Pepper_Bacterial_Spot,train
val/Corn_(maize)_Common_rust_/PlantVillage_val_PlantVillage_val_Corn_(maize)___Common_rust__063833.jpg,Corn_(maize)_Common_rust_,val
train/Rice_Blast/rice-leaf-disease-riceguard_train_rice-leaf-disease-riceguard_train_blast_079215.jpg,Rice_Blast,train
train/Rice_Insect_Damage/rice-leaf-disease-riceguard_train_rice-leaf-disease-riceguard_train_insect_083645.jpeg,Rice_Insect_Damage,train
train/Cassava_Mosaic_Disease/Cassava_train_Cassava_train_cmd_017568.jpg,Cassava_Mosaic_Disease,train
test/Apple_Cedar_Apple_Rust/Apple_Disease_Dataset_test_Apple_Disease_Dataset_test_Apple___Cedar_apple_rust_001293.jpg,Apple_Cedar_Apple_Rust,test
train/Corn_(maize)_Common_rust_/PlantVillage_train_PlantVillage_train_Corn_(maize)___Common_rust__025179.jpg,Corn_(maize)_Common_rust_,train
val/Soybean_healthy/PlantVillage_val_PlantVillage_val_Soybean___healthy_068311.jpg,Soybean_healthy,val
train/Rice_Insect_Damage/rice-leaf-disease-riceguard_train_rice-leaf-disease-riceguard_train_insect_083924.jpeg,Rice_Insect_Damage,train
train/Cassava_Green_Mite/Cassava_train_Cassava_train_cgm_015560.jpg,Cassava_Green_Mite,train
train/Rice_Blast/rice-leaf-disease-riceguard_train_rice-leaf-disease-riceguard_train_blast_078188.jpeg,Rice_Blast,train
val/Tomato_Healthy/PlantVillage_val_PlantVillage_val_Tomato___healthy_070133.jpg,Tomato_Healthy,val
train/Corn_(maize)_Common_rust_/PlantVillage_train_PlantVillage_train_Corn_(maize)___Common_rust__025188.jpg,Corn_(maize)_Common_rust_,train
train/Apple_Healthy/Apple_Disease_Dataset_train_Apple_Disease_Dataset_train_Apple___healthy_009245.jpg,Apple_Healthy,train
train/Grape_Black_rot/PlantVillage_train_PlantVillage_train_Grape___Black_rot_028588.jpg,Grape_Black_rot,train
train/Potato_Late_Blight/plantDoc_train_plantDoc_train_Potato_leaf_late_blight_020725.jpg,Potato_Late_Blight,train
val/Strawberry_leaf/plantDoc_val_plantDoc_train_Strawberry_leaf_021172.jpg,Strawberry_leaf,val
test/Corn_(maize)_Common_rust_/PlantVillage_test_PlantVillage_train_Corn_(maize)___Common_rust__025165.jpg,Corn_(maize)_Common_rust_,test
val/Tomato_Late_Blight/PlantVillage_val_PlantVillage_val_Tomato___Late_blight_070480.jpg,Tomato_Late_Blight,val
train/Potato_Late_Blight/PlantVillage_train_PlantVillage_train_Potato___Late_blight_040808.jpg,Potato_Late_Blight,train
train/Raspberry_leaf/plantDoc_train_plantDoc_train_Raspberry_leaf_020830.jpg,Raspberry_leaf,train
train/Cherry_leaf/plantDoc_train_plantDoc_train_Cherry_leaf_019824.jpg,Cherry_leaf,train
train/Cherry_(including_sour)_healthy/PlantVillage_train_PlantVillage_train_Cherry_(including_sour)___healthy_023444.jpg,Cherry_(including_sour)_healthy,train
train/Apple_Cedar_Apple_Rust/Apple_Disease_Dataset_train_Apple_Disease_Dataset_train_Apple___Cedar_apple_rust_006581.jpg,Apple_Cedar_Apple_Rust,train
train/Tomato_Late_Blight/PlantVillage_train_PlantVillage_train_Tomato___Late_blight_053554.jpg,Tomato_Late_Blight,train
val/grape_leaf_black_rot/plantDoc_val_plantDoc_train_grape_leaf_black_rot_020275.jpg,grape_leaf_black_rot,val
train/Cherry_leaf/plantDoc_train_plantDoc_train_Cherry_leaf_019840.jpg,Cherry_leaf,train
train/Peach_leaf/plantDoc_train_plantDoc_train_Peach_leaf_020358.jpg,Peach_leaf,train
train/Rice_Blast/rice-leaf-disease-riceguard_train_rice-leaf-disease-riceguard_train_blast_076226.jpeg,Rice_Blast,train
train/Apple_Healthy/Apple_Disease_Dataset_train_Apple_Disease_Dataset_train_Apple___healthy_009079.jpg,Apple_Healthy,train
"train/Bell_Pepper_Bacterial_Spot/PlantVillage_train_PlantVillage_train_Pepper,_bell___Bacterial_spot_037786.jpg",Bell_Pepper_Bacterial_Spot,train
train/Cassava_Mosaic_Disease/Cassava_train_Cassava_train_cmd_017591.jpg,Cassava_Mosaic_Disease,train
val/Cherry_(including_sour)_healthy/PlantVillage_val_PlantVillage_val_Cherry_(including_sour)___healthy_063268.jpg,Cherry_(including_sour)_healthy,val
train/Tomato_Spider_Mites/PlantVillage_train_PlantVillage_train_Tomato___Spider_mites Two-spotted_spider_mite_056558.jpg,Tomato_Spider_Mites,train
train/Cassava_Mosaic_Disease/Cassava_train_Cassava_train_cmd_016428.jpg,Cassava_Mosaic_Disease,train
train/Tomato_Early_Blight/plantDoc_train_plantDoc_train_Tomato_Early_blight_leaf_021255.jpg,Tomato_Early_Blight,train
val/Squash_Powdery_mildew/PlantVillage_val_PlantVillage_val_Squash___Powdery_mildew_068974.jpg,Squash_Powdery_mildew,val
val/Soybean_healthy/PlantVillage_val_PlantVillage_val_Soybean___healthy_068733.jpg,Soybean_healthy,val
val/Raspberry_healthy/PlantVillage_val_PlantVillage_val_Raspberry___healthy_067764.jpg,Raspberry_healthy,val
val/Tomato_Mosaic_Virus/PlantVillage_val_PlantVillage_val_Tomato___Tomato_mosaic_virus_072010.jpg,Tomato_Mosaic_Virus,val
train/Cassava_Mosaic_Disease/Cassava_train_Cassava_train_cmd_018690.jpg,Cassava_Mosaic_Disease,train
train/Peach_Bacterial_spot/PlantVillage_train_PlantVillage_train_Peach___Bacterial_spot_035944.jpg,Peach_Bacterial_spot,train
train/Tomato_Target_Spot/PlantVillage_train_PlantVillage_train_Tomato___Target_Spot_058169.jpg,Tomato_Target_Spot,train
train/Rice_Tungro/rice-leaf-disease-riceguard_train_rice-leaf-disease-riceguard_train_tungro_088183.jpeg,Rice_Tungro,train
train/Apple_Healthy/Apple_Disease_Dataset_train_Apple_Disease_Dataset_train_Apple___healthy_008523.jpg,Apple_Healthy,train
train/Squash_Powdery_mildew/PlantVillage_train_PlantVillage_train_Squash___Powdery_mildew_046130.jpg,Squash_Powdery_mildew,train
test/Corn_(maize)_Common_rust_/PlantVillage_test_PlantVillage_train_Corn_(maize)___Common_rust__025868.jpg,Corn_(maize)_Common_rust_,test
train/grape_leaf_black_rot/plantDoc_train_plantDoc_train_grape_leaf_black_rot_020304.jpg,grape_leaf_black_rot,train
train/Cassava_Healthy/Cassava_train_Cassava_train_healthy_019090.jpg,Cassava_Healthy,train
val/Strawberry_leaf/plantDoc_val_plantDoc_train_Strawberry_leaf_021112.jpg,Strawberry_leaf,val
train/Strawberry_leaf/plantDoc_train_plantDoc_train_Strawberry_leaf_021148.jpg,Strawberry_leaf,train
val/Rice_Insect_Damage/rice-leaf-disease-riceguard_val_rice-leaf-disease-riceguard_val_insect_090417.jpeg,Rice_Insect_Damage,val
train/Soybean_healthy/PlantVillage_train_PlantVillage_train_Soybean___healthy_044914.jpg,Soybean_healthy,train
"val/Bell_Pepper_Healthy/PlantVillage_val_PlantVillage_val_Pepper,_bell___healthy_067010.jpg",Bell_Pepper_Healthy,val
train/Rice_Leaf_Folder/rice-leaf-disease-riceguard_train_rice-leaf-disease-riceguard_train_leaf_folder_084956.jpeg,Rice_Leaf_Folder,train
train/Grape_Esca_(Black_Measles)/PlantVillage_train_PlantVillage_train_Grape___Esca_(Black_Measles)_029496.jpg,Grape_Esca_(Black_Measles),train
test/Corn_(maize)_Northern_Leaf_Blight/PlantVillage_test_PlantVillage_train_Corn_(maize)___Northern_Leaf_Blight_027174.jpg,Corn_(maize)_Northern_Leaf_Blight,test
test/Tomato_Early_Blight/PlantVillage_test_PlantVillage_train_Tomato___Early_blight_050477.jpg,Tomato_Early_Blight,test
val/Grape_Leaf_blight_(Isariopsis_Leaf_Spot)/PlantVillage_val_PlantVillage_val_Grape___Leaf_blight_(Isariopsis_Leaf_Spot)_064965.jpg,Grape_Leaf_blight_(Isariopsis_Leaf_Spot),val
train/Corn_leaf_blight/plantDoc_train_plantDoc_train_Corn_leaf_blight_019943.jpg,Corn_leaf_blight,train
train/Grape_Black_rot/PlantVillage_train_PlantVillage_train_Grape___Black_rot_028062.jpg,Grape_Black_rot,train
train/Potato_Early_Blight/plantDoc_train_plantDoc_train_Potato_leaf_early_blight_020599.jpg,Potato_Early_Blight,train
val/Peach_Bacterial_spot/PlantVillage_val_PlantVillage_val_Peach___Bacterial_spot_066397.jpg,Peach_Bacterial_spot,val
train/Orange_Haunglongbing_(Citrus_greening)/PlantVillage_train_PlantVillage_train_Orange___Haunglongbing_(Citrus_greening)_034960.jpg,Orange_Haunglongbing_(Citrus_greening),train
train/grape_leaf_black_rot/plantDoc_train_plantDoc_train_grape_leaf_black_rot_020277.jpg,grape_leaf_black_rot,train
train/Orange_Haunglongbing_(Citrus_greening)/PlantVillage_train_PlantVillage_train_Orange___Haunglongbing_(Citrus_greening)_032609.jpg,Orange_Haunglongbing_(Citrus_greening),train
val/Corn_(maize)_Cercospora_leaf_spot_Gray_leaf_spot/PlantVillage_val_PlantVillage_val_Corn_(maize)___Cercospora_leaf_spot Gray_leaf_spot_063630.jpg,Corn_(maize)_Cercospora_leaf_spot_Gray_leaf_spot,val
train/Orange_Haunglongbing_(Citrus_greening)/PlantVillage_train_PlantVillage_train_Orange___Haunglongbing_(Citrus_greening)_032539.jpg,Orange_Haunglongbing_(Citrus_greening),train
train/Tomato_Septoria_Leaf_Spot/plantDoc_train_plantDoc_train_Tomato_Septoria_leaf_spot_021923.jpg,Tomato_Septoria_Leaf_Spot,train
"train/Bell_Pepper_Healthy/PlantVillage_train_PlantVillage_train_Pepper,_bell___healthy_039484.jpg",Bell_Pepper_Healthy,train
train/Potato_Early_Blight/PlantVillage_train_PlantVillage_train_Potato___Early_blight_040352.jpg,Potato_Early_Blight,train
train/Tomato_Yellow_Leaf_Curl_Virus/PlantVillage_train_PlantVillage_train_Tomato___Tomato_Yellow_Leaf_Curl_Virus_058732.jpg,Tomato_Yellow_Leaf_Curl_Virus,train
test/Tomato_Septoria_Leaf_Spot/PlantVillage_test_PlantVillage_train_Tomato___Septoria_leaf_spot_055214.jpg,Tomato_Septoria_Leaf_Spot,test
train/Grape_Esca_(Black_Measles)/PlantVillage_train_PlantVillage_train_Grape___Esca_(Black_Measles)_028989.jpg,Grape_Esca_(Black_Measles),train
train/Strawberry_Leaf_scorch/PlantVillage_train_PlantVillage_train_Strawberry___Leaf_scorch_047735.jpg,Strawberry_Leaf_scorch,train
train/Tomato_Early_Blight/plantDoc_train_plantDoc_train_Tomato_Early_blight_leaf_021219.jpg,Tomato_Early_Blight,train
train/Corn_(maize)_Cercospora_leaf_spot_Gray_leaf_spot/PlantVillage_train_PlantVillage_train_Corn_(maize)___Cercospora_leaf_spot Gray_leaf_spot_024908.jpg,Corn_(maize)_Cercospora_leaf_spot_Gray_leaf_spot,train
train/Cassava_Brown_Streak_Disease/Cassava_train_Cassava_train_cbsd_014642.jpg,Cassava_Brown_Streak_Disease,train
train/Tomato_Healthy/PlantVillage_train_PlantVillage_train_Tomato___healthy_051378.jpg,Tomato_Healthy,train
train/Grape_Leaf_blight_(Isariopsis_Leaf_Spot)/PlantVillage_train_PlantVillage_train_Grape___Leaf_blight_(Isariopsis_Leaf_Spot)_030281.jpg,Grape_Leaf_blight_(Isariopsis_Leaf_Spot),train
test/Grape_Black_rot/PlantVillage_test_PlantVillage_train_Grape___Black_rot_028389.jpg,Grape_Black_rot,test
train/Orange_Haunglongbing_(Citrus_greening)/PlantVillage_train_PlantVillage_train_Orange___Haunglongbing_(Citrus_greening)_032281.jpg,Orange_Haunglongbing_(Citrus_greening),train
train/Rice_Bacterial_Leaf_Stripe/rice-leaf-disease-riceguard_train_rice-leaf-disease-riceguard_train_stripes_086156.jpeg,Rice_Bacterial_Leaf_Stripe,train
train/Apple_Healthy/Apple_Disease_Dataset_train_Apple_Disease_Dataset_train_Apple___healthy_008093.jpg,Apple_Healthy,train
"val/Bell_Pepper_Healthy/PlantVillage_val_PlantVillage_val_Pepper,_bell___healthy_067155.jpg",Bell_Pepper_Healthy,val
val/Rice_Healthy/rice-leaf-disease-riceguard_val_rice-leaf-disease-riceguard_val_healthy_089703.jpeg,Rice_Healthy,val
train/Potato_Early_Blight/PlantVillage_train_PlantVillage_train_Potato___Early_blight_039932.jpg,Potato_Early_Blight,train
train/Rice_Healthy/rice-leaf-disease-riceguard_train_rice-leaf-disease-riceguard_train_healthy_079687.jpeg,Rice_Healthy,train
train/Apple_Healthy/Apple_Disease_Dataset_train_Apple_Disease_Dataset_train_Apple___healthy_009195.jpg,Apple_Healthy,train
train/Apple_Scab/Apple_Disease_Dataset_train_Apple_Disease_Dataset_train_Apple___Apple_scab_002797.jpg,Apple_Scab,train
val/Corn_(maize)_Northern_Leaf_Blight/PlantVillage_val_PlantVillage_val_Corn_(maize)___Northern_Leaf_Blight_064181.jpg,Corn_(maize)_Northern_Leaf_Blight,val
train/Corn_(maize)_healthy/PlantVillage_train_PlantVillage_train_Corn_(maize)___healthy_026876.jpg,Corn_(maize)_healthy,train
train/Orange_Haunglongbing_(Citrus_greening)/PlantVillage_train_PlantVillage_train_Orange___Haunglongbing_(Citrus_greening)_032326.jpg,Orange_Haunglongbing_(Citrus_greening),train
test/Tomato_Late_Blight/PlantVillage_test_PlantVillage_train_Tomato___Late_blight_052679.jpg,Tomato_Late_Blight,test
train/Strawberry_healthy/PlantVillage_train_PlantVillage_train_Strawberry___healthy_047357.jpg,Strawberry_healthy,train
val/Orange_Haunglongbing_(Citrus_greening)/PlantVillage_val_PlantVillage_val_Orange___Haunglongbing_(Citrus_greening)_065867.jpg,Orange_Haunglongbing_(Citrus_greening),val
train/Apple_Black_Rot/Apple_Disease_Dataset_train_Apple_Disease_Dataset_train_Apple___Black_rot_004852.jpg,Apple_Black_Rot,train
train/Strawberry_Leaf_scorch/PlantVillage_train_PlantVillage_train_Strawberry___Leaf_scorch_048154.jpg,Strawberry_Leaf_scorch,train
val/Tomato_Septoria_Leaf_Spot/PlantVillage_val_PlantVillage_val_Tomato___Septoria_leaf_spot_071119.jpg,Tomato_Septoria_Leaf_Spot,val
train/Cassava_Brown_Streak_Disease/Cassava_train_Cassava_train_cbsd_014698.jpg,Cassava_Brown_Streak_Disease,train
train/Strawberry_Leaf_scorch/PlantVillage_train_PlantVillage_train_Strawberry___Leaf_scorch_047544.jpg,Strawberry_Leaf_scorch,train
train/Orange_Haunglongbing_(Citrus_greening)/PlantVillage_train_PlantVillage_train_Orange___Haunglongbing_(Citrus_greening)_034108.jpg,Orange_Haunglongbing_(Citrus_greening),train
val/Tomato_Yellow_Leaf_Curl_Virus/PlantVillage_val_PlantVillage_val_Tomato___Tomato_Yellow_Leaf_Curl_Virus_072868.jpg,Tomato_Yellow_Leaf_Curl_Virus,val
"train/Bell_Pepper_Bacterial_Spot/PlantVillage_train_PlantVillage_train_Pepper,_bell___Bacterial_spot_038105.jpg",Bell_Pepper_Bacterial_Spot,train
train/Tomato_Early_Blight/PlantVillage_train_PlantVillage_train_Tomato___Early_blight_050278.jpg,Tomato_Early_Blight,train
val/Tomato_Late_Blight/PlantVillage_val_PlantVillage_val_Tomato___Late_blight_070601.jpg,Tomato_Late_Blight,val
train/Apple_Scab/Apple_Disease_Dataset_train_Apple_Disease_Dataset_train_Apple___Apple_scab_003117.jpg,Apple_Scab,train
test/Grape_healthy/PlantVillage_test_PlantVillage_train_Grape___healthy_030048.jpg,Grape_healthy,test
test/Corn_Gray_leaf_spot/plantDoc_test_plantDoc_test_Corn_Gray_leaf_spot_019163.jpg,Corn_Gray_leaf_spot,test
train/Potato_Early_Blight/PlantVillage_train_PlantVillage_train_Potato___Early_blight_040364.jpg,Potato_Early_Blight,train
train/Rice_Leaf_Folder/rice-leaf-disease-riceguard_train_rice-leaf-disease-riceguard_train_leaf_folder_084893.jpeg,Rice_Leaf_Folder,train
train/Rice_Healthy/rice-leaf-disease-riceguard_train_rice-leaf-disease-riceguard_train_healthy_082354.jpg,Rice_Healthy,train
val/Rice_Blast/rice-leaf-disease-riceguard_val_rice-leaf-disease-riceguard_val_blast_089253.jpeg,Rice_Blast,val
train/Potato_Early_Blight/PlantVillage_train_PlantVillage_train_Potato___Early_blight_040297.jpg,Potato_Early_Blight,train
test/Apple_Scab/Apple_Disease_Dataset_test_Apple_Disease_Dataset_test_Apple___Apple_scab_000196.jpg,Apple_Scab,test
val/Rice_Leaf_Folder/rice-leaf-disease-riceguard_val_rice-leaf-disease-riceguard_val_leaf_folder_090738.jpeg,Rice_Leaf_Folder,val
val/Potato_Early_Blight/PlantVillage_val_PlantVillage_val_Potato___Early_blight_067442.jpg,Potato_Early_Blight,val
val/Tomato_Late_Blight/PlantVillage_val_PlantVillage_val_Tomato___Late_blight_070467.jpg,Tomato_Late_Blight,val
test/Cassava_Healthy/Cassava_test_Cassava_train_healthy_018923.jpg,Cassava_Healthy,test
val/Tomato_Yellow_Leaf_Curl_Virus/PlantVillage_val_PlantVillage_val_Tomato___Tomato_Yellow_Leaf_Curl_Virus_072132.jpg,Tomato_Yellow_Leaf_Curl_Virus,val
train/Tomato_Healthy/PlantVillage_train_PlantVillage_train_Tomato___healthy_052083.jpg,Tomato_Healthy,train
train/Rice_Blast/rice-leaf-disease-riceguard_train_rice-leaf-disease-riceguard_train_blast_076207.jpeg,Rice_Blast,train
train/Peach_Bacterial_spot/PlantVillage_train_PlantVillage_train_Peach___Bacterial_spot_036509.jpg,Peach_Bacterial_spot,train
train/Tomato_Spider_Mites/PlantVillage_train_PlantVillage_train_Tomato___Spider_mites Two-spotted_spider_mite_055980.jpg,Tomato_Spider_Mites,train
test/Tomato_Spider_Mites/PlantVillage_test_PlantVillage_train_Tomato___Spider_mites Two-spotted_spider_mite_055965.jpg,Tomato_Spider_Mites,test
val/Tomato_Healthy/PlantVillage_val_PlantVillage_val_Tomato___healthy_070206.jpg,Tomato_Healthy,val
train/Orange_Haunglongbing_(Citrus_greening)/PlantVillage_train_PlantVillage_train_Orange___Haunglongbing_(Citrus_greening)_031476.jpg,Orange_Haunglongbing_(Citrus_greening),train
"train/Bell_Pepper_Bacterial_Spot/PlantVillage_train_PlantVillage_train_Pepper,_bell___Bacterial_spot_038249.jpg",Bell_Pepper_Bacterial_Spot,train
train/Squash_Powdery_mildew/PlantVillage_train_PlantVillage_train_Squash___Powdery_mildew_046415.jpg,Squash_Powdery_mildew,train
test/Blueberry_healthy/PlantVillage_test_PlantVillage_train_Blueberry___healthy_022604.jpg,Blueberry_healthy,test
train/Corn_(maize)_Cercospora_leaf_spot_Gray_leaf_spot/PlantVillage_train_PlantVillage_train_Corn_(maize)___Cercospora_leaf_spot Gray_leaf_spot_024771.jpg,Corn_(maize)_Cercospora_leaf_spot_Gray_leaf_spot,train
train/Apple_Cedar_Apple_Rust/Apple_Disease_Dataset_train_Apple_Disease_Dataset_train_Apple___Cedar_apple_rust_006818.jpg,Apple_Cedar_Apple_Rust,train
train/Strawberry_Leaf_scorch/PlantVillage_train_PlantVillage_train_Strawberry___Leaf_scorch_047781.jpg,Strawberry_Leaf_scorch,train
test/Rice_Leaf_Folder/rice-leaf-disease-riceguard_test_rice-leaf-disease-riceguard_test_leaf_folder_075071.jpeg,Rice_Leaf_Folder,test
test/Soybean_healthy/PlantVillage_test_PlantVillage_train_Soybean___healthy_044229.jpg,Soybean_healthy,test
train/Grape_Leaf_blight_(Isariopsis_Leaf_Spot)/PlantVillage_train_PlantVillage_train_Grape___Leaf_blight_(Isariopsis_Leaf_Spot)_030327.jpg,Grape_Leaf_blight_(Isariopsis_Leaf_Spot),train
train/Rice_Healthy/rice-leaf-disease-riceguard_train_rice-leaf-disease-riceguard_train_healthy_081935.jpeg,Rice_Healthy,train
val/Corn_(maize)_Northern_Leaf_Blight/PlantVillage_val_PlantVillage_val_Corn_(maize)___Northern_Leaf_Blight_064179.jpg,Corn_(maize)_Northern_Leaf_Blight,val
train/Soyabean_leaf/plantDoc_train_plantDoc_train_Soyabean_leaf_020932.jpg,Soyabean_leaf,train
train/Tomato_Yellow_Leaf_Curl_Virus/PlantVillage_train_PlantVillage_train_Tomato___Tomato_Yellow_Leaf_Curl_Virus_059972.jpg,Tomato_Yellow_Leaf_Curl_Virus,train
train/Corn_Gray_leaf_spot/plantDoc_train_plantDoc_train_Corn_Gray_leaf_spot_019875.jpg,Corn_Gray_leaf_spot,train
train/Tomato_Yellow_Leaf_Curl_Virus/PlantVillage_train_PlantVillage_train_Tomato___Tomato_Yellow_Leaf_Curl_Virus_059001.jpg,Tomato_Yellow_Leaf_Curl_Virus,train
train/Corn_(maize)_Cercospora_leaf_spot_Gray_leaf_spot/PlantVillage_train_PlantVillage_train_Corn_(maize)___Cercospora_leaf_spot Gray_leaf_spot_025007.jpg,Corn_(maize)_Cercospora_leaf_spot_Gray_leaf_spot,train
train/Potato_Late_Blight/PlantVillage_train_PlantVillage_train_Potato___Late_blight_041139.jpg,Potato_Late_Blight,train
"train/Bell_Pepper_Healthy/PlantVillage_train_PlantVillage_train_Pepper,_bell___healthy_038983.jpg",Bell_Pepper_Healthy,train
train/Rice_Tungro/rice-leaf-disease-riceguard_train_rice-leaf-disease-riceguard_train_tungro_087516.jpeg,Rice_Tungro,train
train/Grape_Esca_(Black_Measles)/PlantVillage_train_PlantVillage_train_Grape___Esca_(Black_Measles)_029241.jpg,Grape_Esca_(Black_Measles),train
train/Peach_Bacterial_spot/PlantVillage_train_PlantVillage_train_Peach___Bacterial_spot_036537.jpg,Peach_Bacterial_spot,train
train/Cassava_Healthy/Cassava_train_Cassava_train_healthy_019043.jpg,Cassava_Healthy,train
test/Rice_Bacterial_Leaf_Stripe/rice-leaf-disease-riceguard_test_rice-leaf-disease-riceguard_test_stripes_075500.jpeg,Rice_Bacterial_Leaf_Stripe,test
val/Strawberry_healthy/PlantVillage_val_PlantVillage_val_Strawberry___healthy_069189.jpg,Strawberry_healthy,val
train/Tomato_Mosaic_Virus/plantDoc_train_plantDoc_train_Tomato_leaf_mosaic_virus_021515.jpg,Tomato_Mosaic_Virus,train
train/Rice_Tungro/rice-leaf-disease-riceguard_train_rice-leaf-disease-riceguard_train_tungro_087548.jpeg,Rice_Tungro,train
train/Tomato_Leaf_Mold/PlantVillage_train_PlantVillage_train_Tomato___Leaf_Mold_054139.jpg,Tomato_Leaf_Mold,train
train/Apple_Scab/Apple_Disease_Dataset_train_Apple_Disease_Dataset_train_Apple___Apple_scab_002556.jpg,Apple_Scab,train
train/Orange_Haunglongbing_(Citrus_greening)/PlantVillage_train_PlantVillage_train_Orange___Haunglongbing_(Citrus_greening)_031816.jpg,Orange_Haunglongbing_(Citrus_greening),train
train/Tomato_Yellow_Leaf_Curl_Virus/PlantVillage_train_PlantVillage_train_Tomato___Tomato_Yellow_Leaf_Curl_Virus_060423.jpg,Tomato_Yellow_Leaf_Curl_Virus,train
train/Orange_Haunglongbing_(Citrus_greening)/PlantVillage_train_PlantVillage_train_Orange___Haunglongbing_(Citrus_greening)_033644.jpg,Orange_Haunglongbing_(Citrus_greening),train
train/Apple_Cedar_Apple_Rust/Apple_Disease_Dataset_train_Apple_Disease_Dataset_train_Apple___Cedar_apple_rust_006598.jpg,Apple_Cedar_Apple_Rust,train
train/Grape_Esca_(Black_Measles)/PlantVillage_train_PlantVillage_train_Grape___Esca_(Black_Measles)_028976.jpg,Grape_Esca_(Black_Measles),train
test/Rice_Healthy/rice-leaf-disease-riceguard_test_rice-leaf-disease-riceguard_test_healthy_074194.jpeg,Rice_Healthy,test
train/Soybean_healthy/PlantVillage_train_PlantVillage_train_Soybean___healthy_044766.jpg,Soybean_healthy,train
train/Cassava_Green_Mite/Cassava_train_Cassava_train_cgm_016045.jpg,Cassava_Green_Mite,train
val/Apple_Healthy/Apple_Disease_Dataset_val_Apple_Disease_Dataset_train_Apple___healthy_009381.jpg,Apple_Healthy,val
val/Cherry_(including_sour)_healthy/PlantVillage_val_PlantVillage_val_Cherry_(including_sour)___healthy_063223.jpg,Cherry_(including_sour)_healthy,val
train/Tomato_Target_Spot/PlantVillage_train_PlantVillage_train_Tomato___Target_Spot_057593.jpg,Tomato_Target_Spot,train
train/Peach_Bacterial_spot/PlantVillage_train_PlantVillage_train_Peach___Bacterial_spot_035619.jpg,Peach_Bacterial_spot,train
train/Apple_Scab/Apple_Disease_Dataset_train_Apple_Disease_Dataset_train_Apple___Apple_scab_003316.jpg,Apple_Scab,train
train/grape_leaf/plantDoc_train_plantDoc_train_grape_leaf_020225.jpg,grape_leaf,train
test/Cassava_Bacterial_Blight/Cassava_test_Cassava_train_cbb_013758.jpg,Cassava_Bacterial_Blight,test
train/Grape_Esca_(Black_Measles)/PlantVillage_train_PlantVillage_train_Grape___Esca_(Black_Measles)_029361.jpg,Grape_Esca_(Black_Measles),train
train/Rice_Healthy/rice-leaf-disease-riceguard_train_rice-leaf-disease-riceguard_train_healthy_082125.jpeg,Rice_Healthy,train
train/grape_leaf_black_rot/plantDoc_train_plantDoc_train_grape_leaf_black_rot_020343.jpg,grape_leaf_black_rot,train
train/Rice_Healthy/rice-leaf-disease-riceguard_train_rice-leaf-disease-riceguard_train_healthy_081612.jpeg,Rice_Healthy,train
train/Apple_Healthy/Apple_Disease_Dataset_train_Apple_Disease_Dataset_train_Apple___healthy_008300.jpg,Apple_Healthy,train
"test/Bell_Pepper_Healthy/PlantVillage_test_PlantVillage_train_Pepper,_bell___healthy_039082.jpg",Bell_Pepper_Healthy,test
train/Tomato_Early_Blight/PlantVillage_train_PlantVillage_train_Tomato___Early_blight_050781.jpg,Tomato_Early_Blight,train
train/Tomato_Yellow_Leaf_Curl_Virus/PlantVillage_train_PlantVillage_train_Tomato___Tomato_Yellow_Leaf_Curl_Virus_059875.jpg,Tomato_Yellow_Leaf_Curl_Virus,train
train/Orange_Haunglongbing_(Citrus_greening)/PlantVillage_train_PlantVillage_train_Orange___Haunglongbing_(Citrus_greening)_032129.jpg,Orange_Haunglongbing_(Citrus_greening),train
train/Apple_Healthy/Apple_Disease_Dataset_train_Apple_Disease_Dataset_train_Apple___healthy_009118.jpg,Apple_Healthy,train
train/Potato_Early_Blight/PlantVillage_train_PlantVillage_train_Potato___Early_blight_039942.jpg,Potato_Early_Blight,train
train/Blueberry_healthy/PlantVillage_train_PlantVillage_train_Blueberry___healthy_022656.jpg,Blueberry_healthy,train
train/Potato_Early_Blight/PlantVillage_train_PlantVillage_train_Potato___Early_blight_039744.jpg,Potato_Early_Blight,train
train/Orange_Haunglongbing_(Citrus_greening)/PlantVillage_train_PlantVillage_train_Orange___Haunglongbing_(Citrus_greening)_033570.jpg,Orange_Haunglongbing_(Citrus_greening),train
train/Blueberry_healthy/PlantVillage_train_PlantVillage_train_Blueberry___healthy_022481.jpg,Blueberry_healthy,train
val/Blueberry_leaf/plantDoc_val_plantDoc_train_Blueberry_leaf_019797.jpg,Blueberry_leaf,val
train/Squash_Powdery_mildew/PlantVillage_train_PlantVillage_train_Squash___Powdery_mildew_046472.jpg,Squash_Powdery_mildew,train
train/Rice_Leaf_Folder/rice-leaf-disease-riceguard_train_rice-leaf-disease-riceguard_train_leaf_folder_085707.jpg,Rice_Leaf_Folder,train
test/Corn_(maize)_Cercospora_leaf_spot_Gray_leaf_spot/PlantVillage_test_PlantVillage_train_Corn_(maize)___Cercospora_leaf_spot Gray_leaf_spot_024820.jpg,Corn_(maize)_Cercospora_leaf_spot_Gray_leaf_spot,test
train/Rice_Scald/rice-leaf-disease-riceguard_train_rice-leaf-disease-riceguard_train_scald_086003.jpg,Rice_Scald,train
train/Soybean_healthy/PlantVillage_train_PlantVillage_train_Soybean___healthy_043598.jpg,Soybean_healthy,train
train/Tomato_Mosaic_Virus/PlantVillage_train_PlantVillage_train_Tomato___Tomato_mosaic_virus_058561.jpg,Tomato_Mosaic_Virus,train
train/Tomato_Leaf_Mold/PlantVillage_train_PlantVillage_train_Tomato___Leaf_Mold_053727.jpg,Tomato_Leaf_Mold,train
test/Rice_Insect_Damage/rice-leaf-disease-riceguard_test_rice-leaf-disease-riceguard_test_insect_074820.jpeg,Rice_Insect_Damage,test
val/Rice_Healthy/rice-leaf-disease-riceguard_val_rice-leaf-disease-riceguard_val_healthy_089825.jpeg,Rice_Healthy,val
train/Rice_Healthy/rice-leaf-disease-riceguard_train_rice-leaf-disease-riceguard_train_healthy_079697.jpeg,Rice_Healthy,train
train/Cassava_Healthy/Cassava_train_Cassava_train_healthy_018791.jpg,Cassava_Healthy,train
test/Apple_Black_Rot/Apple_Disease_Dataset_test_Apple_Disease_Dataset_test_Apple___Black_rot_000583.jpg,Apple_Black_Rot,test
val/Cassava_Brown_Streak_Disease/Cassava_val_Cassava_train_cbsd_014064.jpg,Cassava_Brown_Streak_Disease,val
train/Cassava_Brown_Streak_Disease/Cassava_train_Cassava_train_cbsd_014953.jpg,Cassava_Brown_Streak_Disease,train
test/Rice_Leaf_Folder/rice-leaf-disease-riceguard_test_rice-leaf-disease-riceguard_test_leaf_folder_075112.jpeg,Rice_Leaf_Folder,test
"train/Bell_Pepper_Bacterial_Spot/PlantVillage_train_PlantVillage_train_Pepper,_bell___Bacterial_spot_038001.jpg",Bell_Pepper_Bacterial_Spot,train
train/Tomato_Septoria_Leaf_Spot/PlantVillage_train_PlantVillage_train_Tomato___Septoria_leaf_spot_055101.jpg,Tomato_Septoria_Leaf_Spot,train
train/Apple_Scab/Apple_Disease_Dataset_train_Apple_Disease_Dataset_train_Apple___Apple_scab_003460.jpg,Apple_Scab,train
val/Rice_Tungro/rice-leaf-disease-riceguard_val_rice-leaf-disease-riceguard_val_tungro_091354.jpeg,Rice_Tungro,val
train/Tomato_Leaf_Mold/PlantVillage_train_PlantVillage_train_Tomato___Leaf_Mold_053831.jpg,Tomato_Leaf_Mold,train
train/Apple_Cedar_Apple_Rust/Apple_Disease_Dataset_train_Apple_Disease_Dataset_train_Apple___Cedar_apple_rust_007311.jpg,Apple_Cedar_Apple_Rust,train
train/Rice_Leaf_Folder/rice-leaf-disease-riceguard_train_rice-leaf-disease-riceguard_train_leaf_folder_084702.jpeg,Rice_Leaf_Folder,train
train/Apple_Scab/Apple_Disease_Dataset_train_Apple_Disease_Dataset_train_Apple___Apple_scab_002203.jpg,Apple_Scab,train
train/Soybean_healthy/PlantVillage_train_PlantVillage_train_Soybean___healthy_041633.jpg,Soybean_healthy,train
train/Potato_Late_Blight/PlantVillage_train_PlantVillage_train_Potato___Late_blight_040643.jpg,Potato_Late_Blight,train
test/Squash_Powdery_mildew/PlantVillage_test_PlantVillage_train_Squash___Powdery_mildew_045972.jpg,Squash_Powdery_mildew,test
train/Apple_Black_Rot/Apple_Disease_Dataset_train_Apple_Disease_Dataset_train_Apple___Black_rot_004905.jpg,Apple_Black_Rot,train
val/Squash_Powdery_mildew/PlantVillage_val_PlantVillage_val_Squash___Powdery_mildew_068959.jpg,Squash_Powdery_mildew,val
val/Tomato_Bacterial_Spot/PlantVillage_val_PlantVillage_val_Tomato___Bacterial_spot_069910.jpg,Tomato_Bacterial_Spot,val
train/Grape_healthy/PlantVillage_train_PlantVillage_train_Grape___healthy_030186.jpg,Grape_healthy,train
train/Grape_Esca_(Black_Measles)/PlantVillage_train_PlantVillage_train_Grape___Esca_(Black_Measles)_029513.jpg,Grape_Esca_(Black_Measles),train
train/Tomato_Bacterial_Spot/plantDoc_train_plantDoc_train_Tomato_leaf_bacterial_spot_021339.jpg,Tomato_Bacterial_Spot,train
val/Soybean_healthy/PlantVillage_val_PlantVillage_val_Soybean___healthy_068212.jpg,Soybean_healthy,val
"test/Bell_Pepper_Healthy/PlantVillage_test_PlantVillage_train_Pepper,_bell___healthy_039251.jpg",Bell_Pepper_Healthy,test
val/Corn_(maize)_Northern_Leaf_Blight/PlantVillage_val_PlantVillage_val_Corn_(maize)___Northern_Leaf_Blight_064303.jpg,Corn_(maize)_Northern_Leaf_Blight,val
val/Peach_healthy/PlantVillage_val_PlantVillage_val_Peach___healthy_066794.jpg,Peach_healthy,val
train/Rice_Insect_Damage/rice-leaf-disease-riceguard_train_rice-leaf-disease-riceguard_train_insect_082766.jpeg,Rice_Insect_Damage,train
train/Rice_Blast/rice-leaf-disease-riceguard_train_rice-leaf-disease-riceguard_train_blast_079165.jpg,Rice_Blast,train
train/Tomato_Yellow_Leaf_Curl_Virus/PlantVillage_train_PlantVillage_train_Tomato___Tomato_Yellow_Leaf_Curl_Virus_062622.jpg,Tomato_Yellow_Leaf_Curl_Virus,train
train/Orange_Haunglongbing_(Citrus_greening)/PlantVillage_train_PlantVillage_train_Orange___Haunglongbing_(Citrus_greening)_031463.jpg,Orange_Haunglongbing_(Citrus_greening),train
test/Blueberry_healthy/PlantVillage_test_PlantVillage_train_Blueberry___healthy_022532.jpg,Blueberry_healthy,test
train/Tomato_Yellow_Leaf_Curl_Virus/PlantVillage_train_PlantVillage_train_Tomato___Tomato_Yellow_Leaf_Curl_Virus_058735.jpg,Tomato_Yellow_Leaf_Curl_Virus,train
train/Apple_Healthy/Apple_Disease_Dataset_train_Apple_Disease_Dataset_train_Apple___healthy_009492.jpg,Apple_Healthy,train
val/Tomato_Healthy/PlantVillage_val_PlantVillage_val_Tomato___healthy_070364.jpg,Tomato_Healthy,val
val/Tomato_Target_Spot/PlantVillage_val_PlantVillage_val_Tomato___Target_Spot_071928.jpg,Tomato_Target_Spot,val
train/Corn_(maize)_Common_rust_/PlantVillage_train_PlantVillage_train_Corn_(maize)___Common_rust__026057.jpg,Corn_(maize)_Common_rust_,train
train/Apple_Scab/Apple_Disease_Dataset_train_Apple_Disease_Dataset_train_Apple___Apple_scab_003027.jpg,Apple_Scab,train
train/Rice_Tungro/rice-leaf-disease-riceguard_train_rice-leaf-disease-riceguard_train_tungro_088324.jpeg,Rice_Tungro,train
train/Apple_Black_Rot/Apple_Disease_Dataset_train_Apple_Disease_Dataset_train_Apple___Black_rot_005846.jpg,Apple_Black_Rot,train
train/Rice_Healthy/rice-leaf-disease-riceguard_train_rice-leaf-disease-riceguard_train_healthy_082161.jpeg,Rice_Healthy,train
test/Apple_Cedar_Apple_Rust/Apple_Disease_Dataset_test_Apple_Disease_Dataset_test_Apple___Cedar_apple_rust_001156.jpg,Apple_Cedar_Apple_Rust,test
train/Peach_Bacterial_spot/PlantVillage_train_PlantVillage_train_Peach___Bacterial_spot_037018.jpg,Peach_Bacterial_spot,train
train/Rice_Tungro/rice-leaf-disease-riceguard_train_rice-leaf-disease-riceguard_train_tungro_087664.jpeg,Rice_Tungro,train
train/Apple_Black_Rot/Apple_Disease_Dataset_train_Apple_Disease_Dataset_train_Apple___Black_rot_004033.jpg,Apple_Black_Rot,train
train/Rice_Healthy/rice-leaf-disease-riceguard_train_rice-leaf-disease-riceguard_train_healthy_080015.jpeg,Rice_Healthy,train
train/Rice_Leaf_Folder/rice-leaf-disease-riceguard_train_rice-leaf-disease-riceguard_train_leaf_folder_084441.jpeg,Rice_Leaf_Folder,train
train/Peach_healthy/PlantVillage_train_PlantVillage_train_Peach___healthy_037515.jpg,Peach_healthy,train
train/Rice_Insect_Damage/rice-leaf-disease-riceguard_train_rice-leaf-disease-riceguard_train_insect_083387.jpeg,Rice_Insect_Damage,train
val/Rice_Tungro/rice-leaf-disease-riceguard_val_rice-leaf-disease-riceguard_val_tungro_091467.jpeg,Rice_Tungro,val
train/Peach_Bacterial_spot/PlantVillage_train_PlantVillage_train_Peach___Bacterial_spot_036893.jpg,Peach_Bacterial_spot,train
train/Rice_Bacterial_Leaf_Stripe/rice-leaf-disease-riceguard_train_rice-leaf-disease-riceguard_train_stripes_087252.jpeg,Rice_Bacterial_Leaf_Stripe,train
train/Orange_Haunglongbing_(Citrus_greening)/PlantVillage_train_PlantVillage_train_Orange___Haunglongbing_(Citrus_greening)_032480.jpg,Orange_Haunglongbing_(Citrus_greening),train
val/Grape_Esca_(Black_Measles)/PlantVillage_val_PlantVillage_val_Grape___Esca_(Black_Measles)_064740.jpg,Grape_Esca_(Black_Measles),val
train/Strawberry_Leaf_scorch/PlantVillage_train_PlantVillage_train_Strawberry___Leaf_scorch_047569.jpg,Strawberry_Leaf_scorch,train
val/Peach_healthy/PlantVillage_val_PlantVillage_val_Peach___healthy_066732.jpg,Peach_healthy,val
test/Apple_Black_Rot/Apple_Disease_Dataset_test_Apple_Disease_Dataset_test_Apple___Black_rot_000779.jpg,Apple_Black_Rot,test
train/Rice_Scald/rice-leaf-disease-riceguard_train_rice-leaf-disease-riceguard_train_scald_085869.jpg,Rice_Scald,train
train/grape_leaf/plantDoc_train_plantDoc_train_grape_leaf_020255.jpg,grape_leaf,train
train/Orange_Haunglongbing_(Citrus_greening)/PlantVillage_train_PlantVillage_train_Orange___Haunglongbing_(Citrus_greening)_035307.jpg,Orange_Haunglongbing_(Citrus_greening),train
val/Cassava_Green_Mite/Cassava_val_Cassava_train_cgm_015376.jpg,Cassava_Green_Mite,val
train/Tomato_Late_Blight/PlantVillage_train_PlantVillage_train_Tomato___Late_blight_053308.jpg,Tomato_Late_Blight,train
train/Rice_Blast/rice-leaf-disease-riceguard_train_rice-leaf-disease-riceguard_train_blast_076495.jpeg,Rice_Blast,train
train/Soybean_healthy/PlantVillage_train_PlantVillage_train_Soybean___healthy_043267.jpg,Soybean_healthy,train
train/Cherry_(including_sour)_Powdery_mildew/PlantVillage_train_PlantVillage_train_Cherry_(including_sour)___Powdery_mildew_024004.jpg,Cherry_(including_sour)_Powdery_mildew,train
train/Soybean_healthy/PlantVillage_train_PlantVillage_train_Soybean___healthy_042312.jpg,Soybean_healthy,train
"train/Bell_Pepper_Healthy/PlantVillage_train_PlantVillage_train_Pepper,_bell___healthy_038541.jpg",Bell_Pepper_Healthy,train
val/Grape_Black_rot/PlantVillage_val_PlantVillage_val_Grape___Black_rot_064415.jpg,Grape_Black_rot,val
test/Soybean_healthy/PlantVillage_test_PlantVillage_train_Soybean___healthy_042368.jpg,Soybean_healthy,test
train/Rice_Healthy/rice-leaf-disease-riceguard_train_rice-leaf-disease-riceguard_train_healthy_082705.jpg,Rice_Healthy,train
val/Tomato_Healthy/PlantVillage_val_PlantVillage_val_Tomato___healthy_070291.jpg,Tomato_Healthy,val
val/Rice_Tungro/rice-leaf-disease-riceguard_val_rice-leaf-disease-riceguard_val_tungro_091524.jpeg,Rice_Tungro,val
train/Corn_leaf_blight/plantDoc_train_plantDoc_train_Corn_leaf_blight_020092.jpg,Corn_leaf_blight,train
train/Tomato_Bacterial_Spot/PlantVillage_train_PlantVillage_train_Tomato___Bacterial_spot_048589.jpg,Tomato_Bacterial_Spot,train
train/Apple_Cedar_Apple_Rust/Apple_Disease_Dataset_train_Apple_Disease_Dataset_train_Apple___Cedar_apple_rust_006201.jpg,Apple_Cedar_Apple_Rust,train
train/Cassava_Bacterial_Blight/Cassava_train_Cassava_train_cbb_013677.jpg,Cassava_Bacterial_Blight,train
train/Corn_(maize)_Northern_Leaf_Blight/PlantVillage_train_PlantVillage_train_Corn_(maize)___Northern_Leaf_Blight_027610.jpg,Corn_(maize)_Northern_Leaf_Blight,train
train/Squash_Powdery_mildew_leaf/plantDoc_train_plantDoc_train_Squash_Powdery_mildew_leaf_021003.jpg,Squash_Powdery_mildew_leaf,train
train/Orange_Haunglongbing_(Citrus_greening)/PlantVillage_train_PlantVillage_train_Orange___Haunglongbing_(Citrus_greening)_033611.jpg,Orange_Haunglongbing_(Citrus_greening),train
train/Rice_Blast/rice-leaf-disease-riceguard_train_rice-leaf-disease-riceguard_train_blast_077250.jpeg,Rice_Blast,train
test/Tomato_Spider_Mites/PlantVillage_test_PlantVillage_train_Tomato___Spider_mites Two-spotted_spider_mite_056049.jpg,Tomato_Spider_Mites,test
train/Soybean_healthy/PlantVillage_train_PlantVillage_train_Soybean___healthy_044619.jpg,Soybean_healthy,train
train/Tomato_Target_Spot/PlantVillage_train_PlantVillage_train_Tomato___Target_Spot_057840.jpg,Tomato_Target_Spot,train
train/Corn_leaf_blight/plantDoc_train_plantDoc_train_Corn_leaf_blight_020084.jpg,Corn_leaf_blight,train
train/Apple_Cedar_Apple_Rust/Apple_Disease_Dataset_train_Apple_Disease_Dataset_train_Apple___Cedar_apple_rust_007670.jpg,Apple_Cedar_Apple_Rust,train
test/Tomato_Yellow_Leaf_Curl_Virus/PlantVillage_test_PlantVillage_train_Tomato___Tomato_Yellow_Leaf_Curl_Virus_059256.jpg,Tomato_Yellow_Leaf_Curl_Virus,test
train/Soybean_healthy/PlantVillage_train_PlantVillage_train_Soybean___healthy_045172.jpg,Soybean_healthy,train
val/Tomato_Yellow_Leaf_Curl_Virus/PlantVillage_val_PlantVillage_val_Tomato___Tomato_Yellow_Leaf_Curl_Virus_073100.jpg,Tomato_Yellow_Leaf_Curl_Virus,val
train/Corn_(maize)_Common_rust_/PlantVillage_train_PlantVillage_train_Corn_(maize)___Common_rust__026090.jpg,Corn_(maize)_Common_rust_,train
train/Orange_Haunglongbing_(Citrus_greening)/PlantVillage_train_PlantVillage_train_Orange___Haunglongbing_(Citrus_greening)_035369.jpg,Orange_Haunglongbing_(Citrus_greening),train
train/Apple_Healthy/Apple_Disease_Dataset_train_Apple_Disease_Dataset_train_Apple___healthy_008230.jpg,Apple_Healthy,train
train/Apple_Black_Rot/Apple_Disease_Dataset_train_Apple_Disease_Dataset_train_Apple___Black_rot_005563.jpg,Apple_Black_Rot,train
train/Strawberry_healthy/PlantVillage_train_PlantVillage_train_Strawberry___healthy_047269.jpg,Strawberry_healthy,train
train/Cassava_Mosaic_Disease/Cassava_train_Cassava_train_cmd_018199.jpg,Cassava_Mosaic_Disease,train
train/Apple_Scab/Apple_Disease_Dataset_train_Apple_Disease_Dataset_train_Apple___Apple_scab_002150.jpg,Apple_Scab,train
"train/Bell_Pepper_Healthy/PlantVillage_train_PlantVillage_train_Pepper,_bell___healthy_038690.jpg",Bell_Pepper_Healthy,train
train/Corn_(maize)_Common_rust_/PlantVillage_train_PlantVillage_train_Corn_(maize)___Common_rust__025820.jpg,Corn_(maize)_Common_rust_,train
train/grape_leaf_black_rot/plantDoc_train_plantDoc_train_grape_leaf_black_rot_020296.jpg,grape_leaf_black_rot,train
train/Tomato_Target_Spot/PlantVillage_train_PlantVillage_train_Tomato___Target_Spot_057479.jpg,Tomato_Target_Spot,train
train/Raspberry_leaf/plantDoc_train_plantDoc_train_Raspberry_leaf_020913.jpg,Raspberry_leaf,train
train/Cassava_Mosaic_Disease/Cassava_train_Cassava_train_cmd_017613.jpg,Cassava_Mosaic_Disease,train
val/Tomato_Yellow_Leaf_Curl_Virus/PlantVillage_val_PlantVillage_val_Tomato___Tomato_Yellow_Leaf_Curl_Virus_073123.jpg,Tomato_Yellow_Leaf_Curl_Virus,val
train/Rice_Healthy/rice-leaf-disease-riceguard_train_rice-leaf-disease-riceguard_train_healthy_079616.jpeg,Rice_Healthy,train
train/Tomato_Yellow_Leaf_Curl_Virus/PlantVillage_train_PlantVillage_train_Tomato___Tomato_Yellow_Leaf_Curl_Virus_062531.jpg,Tomato_Yellow_Leaf_Curl_Virus,train
train/Tomato_Bacterial_Spot/PlantVillage_train_PlantVillage_train_Tomato___Bacterial_spot_048986.jpg,Tomato_Bacterial_Spot,train
train/Soybean_healthy/PlantVillage_train_PlantVillage_train_Soybean___healthy_044249.jpg,Soybean_healthy,train
val/Grape_Esca_(Black_Measles)/PlantVillage_val_PlantVillage_val_Grape___Esca_(Black_Measles)_064720.jpg,Grape_Esca_(Black_Measles),val
train/Grape_healthy/PlantVillage_train_PlantVillage_train_Grape___healthy_029895.jpg,Grape_healthy,train
train/Cherry_leaf/plantDoc_train_plantDoc_train_Cherry_leaf_019843.jpg,Cherry_leaf,train
val/Tomato_Septoria_Leaf_Spot/PlantVillage_val_PlantVillage_val_Tomato___Septoria_leaf_spot_071202.jpg,Tomato_Septoria_Leaf_Spot,val
train/Peach_healthy/PlantVillage_train_PlantVillage_train_Peach___healthy_037538.jpg,Peach_healthy,train
train/Rice_Blast/rice-leaf-disease-riceguard_train_rice-leaf-disease-riceguard_train_blast_076683.jpeg,Rice_Blast,train
train/Soybean_healthy/PlantVillage_train_PlantVillage_train_Soybean___healthy_044488.jpg,Soybean_healthy,train
"train/Bell_Pepper_Bacterial_Spot/PlantVillage_train_PlantVillage_train_Pepper,_bell___Bacterial_spot_037911.jpg",Bell_Pepper_Bacterial_Spot,train
train/Strawberry_leaf/plantDoc_train_plantDoc_train_Strawberry_leaf_021165.jpg,Strawberry_leaf,train
train/Rice_Healthy/rice-leaf-disease-riceguard_train_rice-leaf-disease-riceguard_train_healthy_082214.jpeg,Rice_Healthy,train
test/Apple_Scab/Apple_Disease_Dataset_test_Apple_Disease_Dataset_test_Apple___Apple_scab_000282.jpg,Apple_Scab,test
train/Corn_leaf_blight/plantDoc_train_plantDoc_train_Corn_leaf_blight_020051.jpg,Corn_leaf_blight,train
train/Tomato_Target_Spot/PlantVillage_train_PlantVillage_train_Tomato___Target_Spot_057306.jpg,Tomato_Target_Spot,train
train/Orange_Haunglongbing_(Citrus_greening)/PlantVillage_train_PlantVillage_train_Orange___Haunglongbing_(Citrus_greening)_034886.jpg,Orange_Haunglongbing_(Citrus_greening),train
train/Tomato_Yellow_Leaf_Curl_Virus/PlantVillage_train_PlantVillage_train_Tomato___Tomato_Yellow_Leaf_Curl_Virus_060814.jpg,Tomato_Yellow_Leaf_Curl_Virus,train
val/Apple_Healthy/Apple_Disease_Dataset_val_Apple_Disease_Dataset_train_Apple___healthy_008636.jpg,Apple_Healthy,val
train/Potato_Late_Blight/plantDoc_train_plantDoc_train_Potato_leaf_late_blight_020759.jpg,Potato_Late_Blight,train
train/Peach_healthy/PlantVillage_train_PlantVillage_train_Peach___healthy_037320.jpg,Peach_healthy,train
train/Tomato_Healthy/PlantVillage_train_PlantVillage_train_Tomato___healthy_051779.jpg,Tomato_Healthy,train
train/Grape_Esca_(Black_Measles)/PlantVillage_train_PlantVillage_train_Grape___Esca_(Black_Measles)_029399.jpg,Grape_Esca_(Black_Measles),train
train/Cassava_Mosaic_Disease/Cassava_train_Cassava_train_cmd_018325.jpg,Cassava_Mosaic_Disease,train
"train/Bell_Pepper_Healthy/PlantVillage_train_PlantVillage_train_Pepper,_bell___healthy_039248.jpg",Bell_Pepper_Healthy,train
"train/Bell_Pepper_Bacterial_Spot/PlantVillage_train_PlantVillage_train_Pepper,_bell___Bacterial_spot_037633.jpg",Bell_Pepper_Bacterial_Spot,train
train/Tomato_Septoria_Leaf_Spot/PlantVillage_train_PlantVillage_train_Tomato___Septoria_leaf_spot_055040.jpg,Tomato_Septoria_Leaf_Spot,train
val/Tomato_Early_Blight/PlantVillage_val_PlantVillage_val_Tomato___Early_blight_070017.jpg,Tomato_Early_Blight,val
train/Potato_Late_Blight/PlantVillage_train_PlantVillage_train_Potato___Late_blight_040622.jpg,Potato_Late_Blight,train
train/Cassava_Mosaic_Disease/Cassava_train_Cassava_train_cmd_017558.jpg,Cassava_Mosaic_Disease,train
train/Soybean_healthy/PlantVillage_train_PlantVillage_train_Soybean___healthy_041831.jpg,Soybean_healthy,train
train/Tomato_Yellow_Leaf_Curl_Virus/PlantVillage_train_PlantVillage_train_Tomato___Tomato_Yellow_Leaf_Curl_Virus_061444.jpg,Tomato_Yellow_Leaf_Curl_Virus,train
train/Tomato_Septoria_Leaf_Spot/PlantVillage_train_PlantVillage_train_Tomato___Septoria_leaf_spot_055453.jpg,Tomato_Septoria_Leaf_Spot,train
train/Corn_(maize)_Cercospora_leaf_spot_Gray_leaf_spot/PlantVillage_train_PlantVillage_train_Corn_(maize)___Cercospora_leaf_spot Gray_leaf_spot_024992.jpg,Corn_(maize)_Cercospora_leaf_spot_Gray_leaf_spot,train
train/Grape_Leaf_blight_(Isariopsis_Leaf_Spot)/PlantVillage_train_PlantVillage_train_Grape___Leaf_blight_(Isariopsis_Leaf_Spot)_030599.jpg,Grape_Leaf_blight_(Isariopsis_Leaf_Spot),train
train/Cassava_Bacterial_Blight/Cassava_train_Cassava_train_cbb_013716.jpg,Cassava_Bacterial_Blight,train
train/Cassava_Bacterial_Blight/Cassava_train_Cassava_train_cbb_013617.jpg,Cassava_Bacterial_Blight,train
train/Tomato_Early_Blight/PlantVillage_train_PlantVillage_train_Tomato___Early_blight_050730.jpg,Tomato_Early_Blight,train
train/Grape_healthy/PlantVillage_train_PlantVillage_train_Grape___healthy_030090.jpg,Grape_healthy,train
train/Tomato_Yellow_Leaf_Curl_Virus/PlantVillage_train_PlantVillage_train_Tomato___Tomato_Yellow_Leaf_Curl_Virus_061597.jpg,Tomato_Yellow_Leaf_Curl_Virus,train
train/Orange_Haunglongbing_(Citrus_greening)/PlantVillage_train_PlantVillage_train_Orange___Haunglongbing_(Citrus_greening)_035240.jpg,Orange_Haunglongbing_(Citrus_greening),train
train/Rice_Leaf_Folder/rice-leaf-disease-riceguard_train_rice-leaf-disease-riceguard_train_leaf_folder_085214.jpeg,Rice_Leaf_Folder,train
train/Tomato_Bacterial_Spot/PlantVillage_train_PlantVillage_train_Tomato___Bacterial_spot_048831.jpg,Tomato_Bacterial_Spot,train
train/Tomato_Yellow_Leaf_Curl_Virus/PlantVillage_train_PlantVillage_train_Tomato___Tomato_Yellow_Leaf_Curl_Virus_060588.jpg,Tomato_Yellow_Leaf_Curl_Virus,train
train/Rice_Scald/rice-leaf-disease-riceguard_train_rice-leaf-disease-riceguard_train_scald_085993.jpg,Rice_Scald,train
train/Corn_Gray_leaf_spot/plantDoc_train_plantDoc_train_Corn_Gray_leaf_spot_019883.jpg,Corn_Gray_leaf_spot,train
train/Corn_(maize)_Northern_Leaf_Blight/PlantVillage_train_PlantVillage_train_Corn_(maize)___Northern_Leaf_Blight_027288.jpg,Corn_(maize)_Northern_Leaf_Blight,train
train/Tomato_Late_Blight/PlantVillage_train_PlantVillage_train_Tomato___Late_blight_052487.jpg,Tomato_Late_Blight,train
train/Tomato_Target_Spot/PlantVillage_train_PlantVillage_train_Tomato___Target_Spot_057311.jpg,Tomato_Target_Spot,train
train/Apple_Black_Rot/Apple_Disease_Dataset_train_Apple_Disease_Dataset_train_Apple___Black_rot_005408.jpg,Apple_Black_Rot,train
train/Cassava_Brown_Streak_Disease/Cassava_train_Cassava_train_cbsd_014006.jpg,Cassava_Brown_Streak_Disease,train
train/Potato_Early_Blight/PlantVillage_train_PlantVillage_train_Potato___Early_blight_040177.jpg,Potato_Early_Blight,train
test/Apple_Black_Rot/Apple_Disease_Dataset_test_Apple_Disease_Dataset_test_Apple___Black_rot_000776.jpg,Apple_Black_Rot,test
train/Soyabean_leaf/plantDoc_train_plantDoc_train_Soyabean_leaf_020972.jpg,Soyabean_leaf,train
train/Rice_Blast/rice-leaf-disease-riceguard_train_rice-leaf-disease-riceguard_train_blast_077217.jpeg,Rice_Blast,train
train/Tomato_Spider_Mites/PlantVillage_train_PlantVillage_train_Tomato___Spider_mites Two-spotted_spider_mite_056285.jpg,Tomato_Spider_Mites,train
train/Corn_leaf_blight/plantDoc_train_plantDoc_train_Corn_leaf_blight_020027.jpg,Corn_leaf_blight,train
test/Rice_Insect_Damage/rice-leaf-disease-riceguard_test_rice-leaf-disease-riceguard_test_insect_074680.jpeg,Rice_Insect_Damage,test
train/Rice_Insect_Damage/rice-leaf-disease-riceguard_train_rice-leaf-disease-riceguard_train_insect_083102.jpeg,Rice_Insect_Damage,train
train/Cassava_Healthy/Cassava_train_Cassava_train_healthy_018894.jpg,Cassava_Healthy,train
train/Grape_Esca_(Black_Measles)/PlantVillage_train_PlantVillage_train_Grape___Esca_(Black_Measles)_029777.jpg,Grape_Esca_(Black_Measles),train
test/Rice_Leaf_Folder/rice-leaf-disease-riceguard_test_rice-leaf-disease-riceguard_test_leaf_folder_075136.jpeg,Rice_Leaf_Folder,test
train/Tomato_Bacterial_Spot/PlantVillage_train_PlantVillage_train_Tomato___Bacterial_spot_049855.jpg,Tomato_Bacterial_Spot,train
train/Tomato_Yellow_Leaf_Curl_Virus/PlantVillage_train_PlantVillage_train_Tomato___Tomato_Yellow_Leaf_Curl_Virus_059679.jpg,Tomato_Yellow_Leaf_Curl_Virus,train
val/Cassava_Mosaic_Disease/Cassava_val_Cassava_train_cmd_016651.jpg,Cassava_Mosaic_Disease,val
train/Tomato_Healthy/PlantVillage_train_PlantVillage_train_Tomato___healthy_051127.jpg,Tomato_Healthy,train
train/Rice_Blast/rice-leaf-disease-riceguard_train_rice-leaf-disease-riceguard_train_blast_076227.jpeg,Rice_Blast,train
train/Cassava_Green_Mite/Cassava_train_Cassava_train_cgm_015464.jpg,Cassava_Green_Mite,train
val/Tomato_Yellow_Leaf_Curl_Virus/PlantVillage_val_PlantVillage_val_Tomato___Tomato_Yellow_Leaf_Curl_Virus_072742.jpg,Tomato_Yellow_Leaf_Curl_Virus,val
train/Squash_Powdery_mildew/PlantVillage_train_PlantVillage_train_Squash___Powdery_mildew_046849.jpg,Squash_Powdery_mildew,train
train/Tomato_Spider_Mites/PlantVillage_train_PlantVillage_train_Tomato___Spider_mites Two-spotted_spider_mite_056764.jpg,Tomato_Spider_Mites,train
train/Soybean_healthy/PlantVillage_train_PlantVillage_train_Soybean___healthy_044102.jpg,Soybean_healthy,train
train/Tomato_Mosaic_Virus/PlantVillage_train_PlantVillage_train_Tomato___Tomato_mosaic_virus_058488.jpg,Tomato_Mosaic_Virus,train
"train/Bell_Pepper_Bacterial_Spot/PlantVillage_train_PlantVillage_train_Pepper,_bell___Bacterial_spot_038208.jpg",Bell_Pepper_Bacterial_Spot,train
val/Tomato_Spider_Mites/PlantVillage_val_PlantVillage_val_Tomato___Spider_mites Two-spotted_spider_mite_071570.jpg,Tomato_Spider_Mites,val
train/Blueberry_leaf/plantDoc_train_plantDoc_train_Blueberry_leaf_019732.jpg,Blueberry_leaf,train
test/Corn_(maize)_healthy/PlantVillage_test_PlantVillage_train_Corn_(maize)___healthy_026299.jpg,Corn_(maize)_healthy,test
train/Tomato_Bacterial_Spot/PlantVillage_train_PlantVillage_train_Tomato___Bacterial_spot_049750.jpg,Tomato_Bacterial_Spot,train
val/Tomato_Target_Spot/PlantVillage_val_PlantVillage_val_Tomato___Target_Spot_071915.jpg,Tomato_Target_Spot,val
train/Raspberry_healthy/PlantVillage_train_PlantVillage_train_Raspberry___healthy_041389.jpg,Raspberry_healthy,train
train/Rice_Healthy/rice-leaf-disease-riceguard_train_rice-leaf-disease-riceguard_train_healthy_079590.jpeg,Rice_Healthy,train
test/Peach_Bacterial_spot/PlantVillage_test_PlantVillage_train_Peach___Bacterial_spot_036980.jpg,Peach_Bacterial_spot,test
train/Rice_Healthy/rice-leaf-disease-riceguard_train_rice-leaf-disease-riceguard_train_healthy_079952.jpeg,Rice_Healthy,train
train/Tomato_Yellow_Leaf_Curl_Virus/PlantVillage_train_PlantVillage_train_Tomato___Tomato_Yellow_Leaf_Curl_Virus_060092.jpg,Tomato_Yellow_Leaf_Curl_Virus,train
train/Cassava_Green_Mite/Cassava_train_Cassava_train_cgm_015603.jpg,Cassava_Green_Mite,train
val/Soybean_healthy/PlantVillage_val_PlantVillage_val_Soybean___healthy_068063.jpg,Soybean_healthy,val
train/Cassava_Mosaic_Disease/Cassava_train_Cassava_train_cmd_018079.jpg,Cassava_Mosaic_Disease,train
train/Raspberry_healthy/PlantVillage_train_PlantVillage_train_Raspberry___healthy_041501.jpg,Raspberry_healthy,train
train/Potato_Late_Blight/plantDoc_train_plantDoc_train_Potato_leaf_late_blight_020648.jpg,Potato_Late_Blight,train
train/Cassava_Healthy/Cassava_train_Cassava_train_healthy_019008.jpg,Cassava_Healthy,train
val/Tomato_Yellow_Leaf_Curl_Virus/PlantVillage_val_PlantVillage_val_Tomato___Tomato_Yellow_Leaf_Curl_Virus_072847.jpg,Tomato_Yellow_Leaf_Curl_Virus,val
train/Cassava_Bacterial_Blight/Cassava_train_Cassava_train_cbb_013701.jpg,Cassava_Bacterial_Blight,train
val/Blueberry_healthy/PlantVillage_val_PlantVillage_val_Blueberry___healthy_063090.jpg,Blueberry_healthy,val
train/Tomato_Early_Blight/PlantVillage_train_PlantVillage_train_Tomato___Early_blight_050683.jpg,Tomato_Early_Blight,train
train/Blueberry_healthy/PlantVillage_train_PlantVillage_train_Blueberry___healthy_022326.jpg,Blueberry_healthy,train
val/Blueberry_healthy/PlantVillage_val_PlantVillage_val_Blueberry___healthy_063060.jpg,Blueberry_healthy,val
test/Rice_Tungro/rice-leaf-disease-riceguard_test_rice-leaf-disease-riceguard_test_tungro_075804.jpeg,Rice_Tungro,test
train/Potato_Early_Blight/PlantVillage_train_PlantVillage_train_Potato___Early_blight_040014.jpg,Potato_Early_Blight,train
train/Peach_healthy/PlantVillage_train_PlantVillage_train_Peach___healthy_037426.jpg,Peach_healthy,train
train/Strawberry_Leaf_scorch/PlantVillage_train_PlantVillage_train_Strawberry___Leaf_scorch_048223.jpg,Strawberry_Leaf_scorch,train
val/Apple_Scab/Apple_Disease_Dataset_val_Apple_Disease_Dataset_train_Apple___Apple_scab_002602.jpg,Apple_Scab,val
test/Apple_Black_Rot/Apple_Disease_Dataset_test_Apple_Disease_Dataset_test_Apple___Black_rot_000783.jpg,Apple_Black_Rot,test
train/Rice_Blast/rice-leaf-disease-riceguard_train_rice-leaf-disease-riceguard_train_blast_077380.jpeg,Rice_Blast,train
test/Cassava_Green_Mite/Cassava_test_Cassava_train_cgm_015872.jpg,Cassava_Green_Mite,test
train/Potato_Late_Blight/PlantVillage_train_PlantVillage_train_Potato___Late_blight_040908.jpg,Potato_Late_Blight,train
train/Cassava_Green_Mite/Cassava_train_Cassava_train_cgm_015623.jpg,Cassava_Green_Mite,train
train/Tomato_Yellow_Leaf_Curl_Virus/PlantVillage_train_PlantVillage_train_Tomato___Tomato_Yellow_Leaf_Curl_Virus_060661.jpg,Tomato_Yellow_Leaf_Curl_Virus,train
test/Squash_Powdery_mildew_leaf/plantDoc_test_plantDoc_test_Squash_Powdery_mildew_leaf_019252.jpg,Squash_Powdery_mildew_leaf,test
train/Peach_healthy/PlantVillage_train_PlantVillage_train_Peach___healthy_037511.jpg,Peach_healthy,train
val/Strawberry_Leaf_scorch/PlantVillage_val_PlantVillage_val_Strawberry___Leaf_scorch_069296.jpg,Strawberry_Leaf_scorch,val
train/Rice_Tungro/rice-leaf-disease-riceguard_train_rice-leaf-disease-riceguard_train_tungro_088706.jpeg,Rice_Tungro,train
test/Corn_(maize)_Cercospora_leaf_spot_Gray_leaf_spot/PlantVillage_test_PlantVillage_train_Corn_(maize)___Cercospora_leaf_spot Gray_leaf_spot_024871.jpg,Corn_(maize)_Cercospora_leaf_spot_Gray_leaf_spot,test
"test/Bell_Pepper_Bacterial_Spot/PlantVillage_test_PlantVillage_train_Pepper,_bell___Bacterial_spot_037628.jpg",Bell_Pepper_Bacterial_Spot,test
train/Tomato_Leaf_Mold/plantDoc_train_plantDoc_train_Tomato_mold_leaf_021852.jpg,Tomato_Leaf_Mold,train
train/Rice_Healthy/rice-leaf-disease-riceguard_train_rice-leaf-disease-riceguard_train_healthy_079743.jpeg,Rice_Healthy,train
train/Cherry_(including_sour)_healthy/PlantVillage_train_PlantVillage_train_Cherry_(including_sour)___healthy_023510.jpg,Cherry_(including_sour)_healthy,train
train/Apple_Healthy/Apple_Disease_Dataset_train_Apple_Disease_Dataset_train_Apple___healthy_008266.jpg,Apple_Healthy,train
test/Cassava_Mosaic_Disease/Cassava_test_Cassava_train_cmd_017370.jpg,Cassava_Mosaic_Disease,test
val/Orange_Haunglongbing_(Citrus_greening)/PlantVillage_val_PlantVillage_val_Orange___Haunglongbing_(Citrus_greening)_065815.jpg,Orange_Haunglongbing_(Citrus_greening),val
train/Cherry_leaf/plantDoc_train_plantDoc_train_Cherry_leaf_019828.jpg,Cherry_leaf,train
val/Potato_Early_Blight/PlantVillage_val_PlantVillage_val_Potato___Early_blight_067314.jpg,Potato_Early_Blight,val
"train/Bell_Pepper_Healthy/PlantVillage_train_PlantVillage_train_Pepper,_bell___healthy_038993.jpg",Bell_Pepper_Healthy,train
train/Corn_(maize)_Northern_Leaf_Blight/PlantVillage_train_PlantVillage_train_Corn_(maize)___Northern_Leaf_Blight_027748.jpg,Corn_(maize)_Northern_Leaf_Blight,train
train/Cassava_Mosaic_Disease/Cassava_train_Cassava_train_cmd_016475.jpg,Cassava_Mosaic_Disease,train
test/Soybean_healthy/PlantVillage_test_PlantVillage_train_Soybean___healthy_044998.jpg,Soybean_healthy,test
test/Soybean_healthy/PlantVillage_test_PlantVillage_train_Soybean___healthy_044200.jpg,Soybean_healthy,test
"train/Bell_Pepper_Healthy/PlantVillage_train_PlantVillage_train_Pepper,_bell___healthy_038443.jpg",Bell_Pepper_Healthy,train
test/Squash_Powdery_mildew/PlantVillage_test_PlantVillage_train_Squash___Powdery_mildew_045904.jpg,Squash_Powdery_mildew,test
train/Raspberry_healthy/PlantVillage_train_PlantVillage_train_Raspberry___healthy_041401.jpg,Raspberry_healthy,train
train/Corn_(maize)_Common_rust_/PlantVillage_train_PlantVillage_train_Corn_(maize)___Common_rust__025478.jpg,Corn_(maize)_Common_rust_,train
train/Cassava_Mosaic_Disease/Cassava_train_Cassava_train_cmd_016741.jpg,Cassava_Mosaic_Disease,train
train/Blueberry_healthy/PlantVillage_train_PlantVillage_train_Blueberry___healthy_022574.jpg,Blueberry_healthy,train
val/Potato_Healthy/PlantVillage_val_PlantVillage_val_Potato___healthy_067526.jpg,Potato_Healthy,val
test/Rice_Healthy/rice-leaf-disease-riceguard_test_rice-leaf-disease-riceguard_test_healthy_074347.jpeg,Rice_Healthy,test
train/Apple_Scab/Apple_Disease_Dataset_train_Apple_Disease_Dataset_train_Apple___Apple_scab_002697.jpg,Apple_Scab,train
train/Soybean_healthy/PlantVillage_train_PlantVillage_train_Soybean___healthy_043273.jpg,Soybean_healthy,train
train/Squash_Powdery_mildew_leaf/plantDoc_train_plantDoc_train_Squash_Powdery_mildew_leaf_021051.jpg,Squash_Powdery_mildew_leaf,train
train/Squash_Powdery_mildew/PlantVillage_train_PlantVillage_train_Squash___Powdery_mildew_046259.jpg,Squash_Powdery_mildew,train
test/Apple_Scab/Apple_Disease_Dataset_test_Apple_Disease_Dataset_test_Apple___Apple_scab_000500.jpg,Apple_Scab,test
train/Orange_Haunglongbing_(Citrus_greening)/PlantVillage_train_PlantVillage_train_Orange___Haunglongbing_(Citrus_greening)_033489.jpg,Orange_Haunglongbing_(Citrus_greening),train
train/Tomato_Septoria_Leaf_Spot/PlantVillage_train_PlantVillage_train_Tomato___Septoria_leaf_spot_055311.jpg,Tomato_Septoria_Leaf_Spot,train
train/Strawberry_Leaf_scorch/PlantVillage_train_PlantVillage_train_Strawberry___Leaf_scorch_048172.jpg,Strawberry_Leaf_scorch,train
val/Grape_Black_rot/PlantVillage_val_PlantVillage_val_Grape___Black_rot_064589.jpg,Grape_Black_rot,val
test/Tomato_Leaf_Mold/PlantVillage_test_PlantVillage_train_Tomato___Leaf_Mold_053838.jpg,Tomato_Leaf_Mold,test
train/Corn_Gray_leaf_spot/plantDoc_train_plantDoc_train_Corn_Gray_leaf_spot_019921.jpg,Corn_Gray_leaf_spot,train
train/Cherry_leaf/plantDoc_train_plantDoc_train_Cherry_leaf_019819.jpg,Cherry_leaf,train
train/Orange_Haunglongbing_(Citrus_greening)/PlantVillage_train_PlantVillage_train_Orange___Haunglongbing_(Citrus_greening)_032193.jpg,Orange_Haunglongbing_(Citrus_greening),train
train/Apple_Healthy/Apple_Disease_Dataset_train_Apple_Disease_Dataset_train_Apple___healthy_008927.jpg,Apple_Healthy,train
train/Corn_Gray_leaf_spot/plantDoc_train_plantDoc_train_Corn_Gray_leaf_spot_019913.jpg,Corn_Gray_leaf_spot,train
train/Orange_Haunglongbing_(Citrus_greening)/PlantVillage_train_PlantVillage_train_Orange___Haunglongbing_(Citrus_greening)_033499.jpg,Orange_Haunglongbing_(Citrus_greening),train
"train/Bell_Pepper_Healthy/PlantVillage_train_PlantVillage_train_Pepper,_bell___healthy_038635.jpg",Bell_Pepper_Healthy,train
train/Rice_Scald/rice-leaf-disease-riceguard_train_rice-leaf-disease-riceguard_train_scald_085996.jpg,Rice_Scald,train
train/Potato_Healthy/PlantVillage_train_PlantVillage_train_Potato___healthy_040444.jpg,Potato_Healthy,train
test/Peach_Bacterial_spot/PlantVillage_test_PlantVillage_train_Peach___Bacterial_spot_036095.jpg,Peach_Bacterial_spot,test
val/Tomato_Leaf_Mold/PlantVillage_val_PlantVillage_val_Tomato___Leaf_Mold_070963.jpg,Tomato_Leaf_Mold,val
train/Potato_Healthy/PlantVillage_train_PlantVillage_train_Potato___healthy_040411.jpg,Potato_Healthy,train
train/Rice_Blast/rice-leaf-disease-riceguard_train_rice-leaf-disease-riceguard_train_blast_077965.jpeg,Rice_Blast,train
train/Tomato_Spider_Mites/PlantVillage_train_PlantVillage_train_Tomato___Spider_mites Two-spotted_spider_mite_056485.jpg,Tomato_Spider_Mites,train
train/Apple_Scab/Apple_Disease_Dataset_train_Apple_Disease_Dataset_train_Apple___Apple_scab_002642.jpg,Apple_Scab,train
test/Rice_Bacterial_Leaf_Stripe/rice-leaf-disease-riceguard_test_rice-leaf-disease-riceguard_test_stripes_075452.jpeg,Rice_Bacterial_Leaf_Stripe,test
train/Cassava_Mosaic_Disease/Cassava_train_Cassava_train_cmd_016670.jpg,Cassava_Mosaic_Disease,train
train/Tomato_Mosaic_Virus/PlantVillage_train_PlantVillage_train_Tomato___Tomato_mosaic_virus_058619.jpg,Tomato_Mosaic_Virus,train
train/Tomato_Spider_Mites/PlantVillage_train_PlantVillage_train_Tomato___Spider_mites Two-spotted_spider_mite_056845.jpg,Tomato_Spider_Mites,train
"train/Bell_Pepper_Healthy/PlantVillage_train_PlantVillage_train_Pepper,_bell___healthy_038995.jpg",Bell_Pepper_Healthy,train
train/Tomato_Leaf_Mold/PlantVillage_train_PlantVillage_train_Tomato___Leaf_Mold_054231.jpg,Tomato_Leaf_Mold,train
test/Tomato_Bacterial_Spot/PlantVillage_test_PlantVillage_train_Tomato___Bacterial_spot_048926.jpg,Tomato_Bacterial_Spot,test
test/Tomato_Yellow_Leaf_Curl_Virus/PlantVillage_test_PlantVillage_train_Tomato___Tomato_Yellow_Leaf_Curl_Virus_062773.jpg,Tomato_Yellow_Leaf_Curl_Virus,test
train/Potato_Late_Blight/PlantVillage_train_PlantVillage_train_Potato___Late_blight_041002.jpg,Potato_Late_Blight,train
test/Tomato_Yellow_Leaf_Curl_Virus/PlantVillage_test_PlantVillage_train_Tomato___Tomato_Yellow_Leaf_Curl_Virus_060649.jpg,Tomato_Yellow_Leaf_Curl_Virus,test
test/Apple_Scab/Apple_Disease_Dataset_test_Apple_Disease_Dataset_test_Apple___Apple_scab_000305.jpg,Apple_Scab,test
train/Cherry_(including_sour)_healthy/PlantVillage_train_PlantVillage_train_Cherry_(including_sour)___healthy_023711.jpg,Cherry_(including_sour)_healthy,train
train/Grape_Esca_(Black_Measles)/PlantVillage_train_PlantVillage_train_Grape___Esca_(Black_Measles)_029719.jpg,Grape_Esca_(Black_Measles),train
train/Rice_Tungro/rice-leaf-disease-riceguard_train_rice-leaf-disease-riceguard_train_tungro_088353.jpeg,Rice_Tungro,train
train/Rice_Bacterial_Leaf_Stripe/rice-leaf-disease-riceguard_train_rice-leaf-disease-riceguard_train_stripes_087335.jpg,Rice_Bacterial_Leaf_Stripe,train
val/Tomato_Early_Blight/PlantVillage_val_PlantVillage_val_Tomato___Early_blight_070069.jpg,Tomato_Early_Blight,val
train/Rice_Blast/rice-leaf-disease-riceguard_train_rice-leaf-disease-riceguard_train_blast_076506.jpeg,Rice_Blast,train
train/Grape_Esca_(Black_Measles)/PlantVillage_train_PlantVillage_train_Grape___Esca_(Black_Measles)_029260.jpg,Grape_Esca_(Black_Measles),train
val/Rice_Blast/rice-leaf-disease-riceguard_val_rice-leaf-disease-riceguard_val_blast_088953.jpeg,Rice_Blast,val
train/Rice_Bacterial_Leaf_Stripe/rice-leaf-disease-riceguard_train_rice-leaf-disease-riceguard_train_stripes_087176.jpeg,Rice_Bacterial_Leaf_Stripe,train
train/Potato_Healthy/PlantVillage_train_PlantVillage_train_Potato___healthy_040469.jpg,Potato_Healthy,train
train/Peach_Bacterial_spot/PlantVillage_train_PlantVillage_train_Peach___Bacterial_spot_037308.jpg,Peach_Bacterial_spot,train
train/Rice_Leaf_Folder/rice-leaf-disease-riceguard_train_rice-leaf-disease-riceguard_train_leaf_folder_084868.jpeg,Rice_Leaf_Folder,train
val/Potato_Early_Blight/PlantVillage_val_PlantVillage_val_Potato___Early_blight_067470.jpg,Potato_Early_Blight,val
train/Rice_Leaf_Folder/rice-leaf-disease-riceguard_train_rice-leaf-disease-riceguard_train_leaf_folder_084630.jpeg,Rice_Leaf_Folder,train
val/Squash_Powdery_mildew/PlantVillage_val_PlantVillage_val_Squash___Powdery_mildew_069149.jpg,Squash_Powdery_mildew,val
train/Corn_(maize)_Cercospora_leaf_spot_Gray_leaf_spot/PlantVillage_train_PlantVillage_train_Corn_(maize)___Cercospora_leaf_spot Gray_leaf_spot_024999.jpg,Corn_(maize)_Cercospora_leaf_spot_Gray_leaf_spot,train
train/Strawberry_Leaf_scorch/PlantVillage_train_PlantVillage_train_Strawberry___Leaf_scorch_047572.jpg,Strawberry_Leaf_scorch,train
train/Tomato_Bacterial_Spot/PlantVillage_train_PlantVillage_train_Tomato___Bacterial_spot_049880.jpg,Tomato_Bacterial_Spot,train
train/Tomato_Septoria_Leaf_Spot/PlantVillage_train_PlantVillage_train_Tomato___Septoria_leaf_spot_054989.jpg,Tomato_Septoria_Leaf_Spot,train
val/Orange_Haunglongbing_(Citrus_greening)/PlantVillage_val_PlantVillage_val_Orange___Haunglongbing_(Citrus_greening)_065241.jpg,Orange_Haunglongbing_(Citrus_greening),val
val/Grape_healthy/PlantVillage_val_PlantVillage_val_Grape___healthy_064884.jpg,Grape_healthy,val
test/Strawberry_Leaf_scorch/PlantVillage_test_PlantVillage_train_Strawberry___Leaf_scorch_048237.jpg,Strawberry_Leaf_scorch,test
val/Corn_leaf_blight/plantDoc_val_plantDoc_train_Corn_leaf_blight_020028.jpg,Corn_leaf_blight,val
train/Corn_(maize)_Common_rust_/PlantVillage_train_PlantVillage_train_Corn_(maize)___Common_rust__025639.jpg,Corn_(maize)_Common_rust_,train
val/Tomato_Mosaic_Virus/PlantVillage_val_PlantVillage_val_Tomato___Tomato_mosaic_virus_071990.jpg,Tomato_Mosaic_Virus,val
train/Peach_Bacterial_spot/PlantVillage_train_PlantVillage_train_Peach___Bacterial_spot_037036.jpg,Peach_Bacterial_spot,train
train/Potato_Healthy/PlantVillage_train_PlantVillage_train_Potato___healthy_040392.jpg,Potato_Healthy,train
val/Tomato_Healthy/PlantVillage_val_PlantVillage_val_Tomato___healthy_070348.jpg,Tomato_Healthy,val
val/Peach_healthy/PlantVillage_val_PlantVillage_val_Peach___healthy_066750.jpg,Peach_healthy,val
train/Tomato_Septoria_Leaf_Spot/PlantVillage_train_PlantVillage_train_Tomato___Septoria_leaf_spot_055104.jpg,Tomato_Septoria_Leaf_Spot,train
train/Rice_Insect_Damage/rice-leaf-disease-riceguard_train_rice-leaf-disease-riceguard_train_insect_084335.jpg,Rice_Insect_Damage,train
train/Cherry_(including_sour)_Powdery_mildew/PlantVillage_train_PlantVillage_train_Cherry_(including_sour)___Powdery_mildew_024090.jpg,Cherry_(including_sour)_Powdery_mildew,train
val/Strawberry_healthy/PlantVillage_val_PlantVillage_val_Strawberry___healthy_069244.jpg,Strawberry_healthy,val
train/Cassava_Healthy/Cassava_train_Cassava_train_healthy_019007.jpg,Cassava_Healthy,train
val/Cassava_Bacterial_Blight/Cassava_val_Cassava_train_cbb_013736.jpg,Cassava_Bacterial_Blight,val
train/Rice_Healthy/rice-leaf-disease-riceguard_train_rice-leaf-disease-riceguard_train_healthy_080665.jpeg,Rice_Healthy,train
train/Grape_Esca_(Black_Measles)/PlantVillage_train_PlantVillage_train_Grape___Esca_(Black_Measles)_029365.jpg,Grape_Esca_(Black_Measles),train
train/Rice_Tungro/rice-leaf-disease-riceguard_train_rice-leaf-disease-riceguard_train_tungro_087709.jpeg,Rice_Tungro,train
train/Apple_Black_Rot/Apple_Disease_Dataset_train_Apple_Disease_Dataset_train_Apple___Black_rot_004295.jpg,Apple_Black_Rot,train
train/Apple_Scab/Apple_Disease_Dataset_train_Apple_Disease_Dataset_train_Apple___Apple_scab_001974.jpg,Apple_Scab,train
train/Cassava_Green_Mite/Cassava_train_Cassava_train_cgm_015570.jpg,Cassava_Green_Mite,train
train/Tomato_Early_Blight/PlantVillage_train_PlantVillage_train_Tomato___Early_blight_050591.jpg,Tomato_Early_Blight,train
train/Cherry_(including_sour)_healthy/PlantVillage_train_PlantVillage_train_Cherry_(including_sour)___healthy_023882.jpg,Cherry_(including_sour)_healthy,train
train/Corn_(maize)_Cercospora_leaf_spot_Gray_leaf_spot/PlantVillage_train_PlantVillage_train_Corn_(maize)___Cercospora_leaf_spot Gray_leaf_spot_024822.jpg,Corn_(maize)_Cercospora_leaf_spot_Gray_leaf_spot,train
val/Potato_Early_Blight/PlantVillage_val_PlantVillage_val_Potato___Early_blight_067299.jpg,Potato_Early_Blight,val
train/Apple_Black_Rot/Apple_Disease_Dataset_train_Apple_Disease_Dataset_train_Apple___Black_rot_005887.jpg,Apple_Black_Rot,train
train/Cassava_Healthy/Cassava_train_Cassava_train_healthy_018959.jpg,Cassava_Healthy,train
val/Rice_Insect_Damage/rice-leaf-disease-riceguard_val_rice-leaf-disease-riceguard_val_insect_090494.jpeg,Rice_Insect_Damage,val
test/Cassava_Mosaic_Disease/Cassava_test_Cassava_train_cmd_016243.jpg,Cassava_Mosaic_Disease,test
test/Strawberry_leaf/plantDoc_test_plantDoc_test_Strawberry_leaf_019258.jpg,Strawberry_leaf,test
train/Tomato_Early_Blight/PlantVillage_train_PlantVillage_train_Tomato___Early_blight_050273.jpg,Tomato_Early_Blight,train
train/Corn_(maize)_Northern_Leaf_Blight/PlantVillage_train_PlantVillage_train_Corn_(maize)___Northern_Leaf_Blight_027506.jpg,Corn_(maize)_Northern_Leaf_Blight,train
train/Rice_Scald/rice-leaf-disease-riceguard_train_rice-leaf-disease-riceguard_train_scald_085924.jpg,Rice_Scald,train
train/Corn_leaf_blight/plantDoc_train_plantDoc_train_Corn_leaf_blight_020068.jpg,Corn_leaf_blight,train
train/Apple_Black_Rot/Apple_Disease_Dataset_train_Apple_Disease_Dataset_train_Apple___Black_rot_004957.jpg,Apple_Black_Rot,train
train/Corn_(maize)_healthy/PlantVillage_train_PlantVillage_train_Corn_(maize)___healthy_026923.jpg,Corn_(maize)_healthy,train
train/Strawberry_healthy/PlantVillage_train_PlantVillage_train_Strawberry___healthy_047459.jpg,Strawberry_healthy,train
train/Apple_Cedar_Apple_Rust/Apple_Disease_Dataset_train_Apple_Disease_Dataset_train_Apple___Cedar_apple_rust_006363.jpg,Apple_Cedar_Apple_Rust,train
train/Corn_(maize)_Common_rust_/PlantVillage_train_PlantVillage_train_Corn_(maize)___Common_rust__025878.jpg,Corn_(maize)_Common_rust_,train
train/Rice_Blast/rice-leaf-disease-riceguard_train_rice-leaf-disease-riceguard_train_blast_079093.jpg,Rice_Blast,train
val/Soybean_healthy/PlantVillage_val_PlantVillage_val_Soybean___healthy_068745.jpg,Soybean_healthy,val
train/Tomato_Yellow_Leaf_Curl_Virus/PlantVillage_train_PlantVillage_train_Tomato___Tomato_Yellow_Leaf_Curl_Virus_060614.jpg,Tomato_Yellow_Leaf_Curl_Virus,train
train/Tomato_Bacterial_Spot/PlantVillage_train_PlantVillage_train_Tomato___Bacterial_spot_049439.jpg,Tomato_Bacterial_Spot,train
test/Rice_Blast/rice-leaf-disease-riceguard_test_rice-leaf-disease-riceguard_test_blast_073647.jpeg,Rice_Blast,test
test/Tomato_Yellow_Leaf_Curl_Virus/PlantVillage_test_PlantVillage_train_Tomato___Tomato_Yellow_Leaf_Curl_Virus_059781.jpg,Tomato_Yellow_Leaf_Curl_Virus,test
val/Tomato_Bacterial_Spot/PlantVillage_val_PlantVillage_val_Tomato___Bacterial_spot_069773.jpg,Tomato_Bacterial_Spot,val
train/Grape_Black_rot/PlantVillage_train_PlantVillage_train_Grape___Black_rot_028693.jpg,Grape_Black_rot,train
train/Corn_(maize)_Cercospora_leaf_spot_Gray_leaf_spot/PlantVillage_train_PlantVillage_train_Corn_(maize)___Cercospora_leaf_spot Gray_leaf_spot_024817.jpg,Corn_(maize)_Cercospora_leaf_spot_Gray_leaf_spot,train
val/Corn_(maize)_Common_rust_/PlantVillage_val_PlantVillage_val_Corn_(maize)___Common_rust__063700.jpg,Corn_(maize)_Common_rust_,val
train/Orange_Haunglongbing_(Citrus_greening)/PlantVillage_train_PlantVillage_train_Orange___Haunglongbing_(Citrus_greening)_033707.jpg,Orange_Haunglongbing_(Citrus_greening),train
"train/Bell_Pepper_Healthy/PlantVillage_train_PlantVillage_train_Pepper,_bell___healthy_038461.jpg",Bell_Pepper_Healthy,train
val/Tomato_Healthy/PlantVillage_val_PlantVillage_val_Tomato___healthy_070326.jpg,Tomato_Healthy,val
train/Rice_Insect_Damage/rice-leaf-disease-riceguard_train_rice-leaf-disease-riceguard_train_insect_083266.jpeg,Rice_Insect_Damage,train
train/Orange_Haunglongbing_(Citrus_greening)/PlantVillage_train_PlantVillage_train_Orange___Haunglongbing_(Citrus_greening)_035225.jpg,Orange_Haunglongbing_(Citrus_greening),train
train/Cassava_Green_Mite/Cassava_train_Cassava_train_cgm_015966.jpg,Cassava_Green_Mite,train
train/Tomato_Bacterial_Spot/PlantVillage_train_PlantVillage_train_Tomato___Bacterial_spot_050056.jpg,Tomato_Bacterial_Spot,train
train/Cassava_Bacterial_Blight/Cassava_train_Cassava_train_cbb_013792.jpg,Cassava_Bacterial_Blight,train
train/Apple_Cedar_Apple_Rust/Apple_Disease_Dataset_train_Apple_Disease_Dataset_train_Apple___Cedar_apple_rust_007085.jpg,Apple_Cedar_Apple_Rust,train
test/Apple_Black_Rot/Apple_Disease_Dataset_test_Apple_Disease_Dataset_test_Apple___Black_rot_000997.jpg,Apple_Black_Rot,test
train/Peach_healthy/PlantVillage_train_PlantVillage_train_Peach___healthy_037365.jpg,Peach_healthy,train
train/Rice_Leaf_Folder/rice-leaf-disease-riceguard_train_rice-leaf-disease-riceguard_train_leaf_folder_084627.jpeg,Rice_Leaf_Folder,train
val/Orange_Haunglongbing_(Citrus_greening)/PlantVillage_val_PlantVillage_val_Orange___Haunglongbing_(Citrus_greening)_065951.jpg,Orange_Haunglongbing_(Citrus_greening),val
train/Cassava_Brown_Streak_Disease/Cassava_train_Cassava_train_cbsd_014881.jpg,Cassava_Brown_Streak_Disease,train
train/Rice_Blast/rice-leaf-disease-riceguard_train_rice-leaf-disease-riceguard_train_blast_078375.jpeg,Rice_Blast,train
train/Potato_Late_Blight/PlantVillage_train_PlantVillage_train_Potato___Late_blight_040720.jpg,Potato_Late_Blight,train
train/Tomato_Spider_Mites/PlantVillage_train_PlantVillage_train_Tomato___Spider_mites Two-spotted_spider_mite_056287.jpg,Tomato_Spider_Mites,train
val/Soybean_healthy/PlantVillage_val_PlantVillage_val_Soybean___healthy_068166.jpg,Soybean_healthy,val
train/Corn_rust_leaf/plantDoc_train_plantDoc_train_Corn_rust_leaf_020147.jpg,Corn_rust_leaf,train
val/Grape_Esca_(Black_Measles)/PlantVillage_val_PlantVillage_val_Grape___Esca_(Black_Measles)_064748.jpg,Grape_Esca_(Black_Measles),val
train/Orange_Haunglongbing_(Citrus_greening)/PlantVillage_train_PlantVillage_train_Orange___Haunglongbing_(Citrus_greening)_033009.jpg,Orange_Haunglongbing_(Citrus_greening),train
train/Cassava_Mosaic_Disease/Cassava_train_Cassava_train_cmd_018742.jpg,Cassava_Mosaic_Disease,train
test/Tomato_Yellow_Leaf_Curl_Virus/PlantVillage_test_PlantVillage_train_Tomato___Tomato_Yellow_Leaf_Curl_Virus_062830.jpg,Tomato_Yellow_Leaf_Curl_Virus,test
train/Corn_Gray_leaf_spot/plantDoc_train_plantDoc_train_Corn_Gray_leaf_spot_019915.jpg,Corn_Gray_leaf_spot,train
train/Rice_Blast/rice-leaf-disease-riceguard_train_rice-leaf-disease-riceguard_train_blast_078251.jpeg,Rice_Blast,train
train/Squash_Powdery_mildew/PlantVillage_train_PlantVillage_train_Squash___Powdery_mildew_045755.jpg,Squash_Powdery_mildew,train
val/Tomato_Spider_Mites/PlantVillage_val_PlantVillage_val_Tomato___Spider_mites Two-spotted_spider_mite_071639.jpg,Tomato_Spider_Mites,val
train/Apple_Black_Rot/Apple_Disease_Dataset_train_Apple_Disease_Dataset_train_Apple___Black_rot_005768.jpg,Apple_Black_Rot,train
train/Grape_Leaf_blight_(Isariopsis_Leaf_Spot)/PlantVillage_train_PlantVillage_train_Grape___Leaf_blight_(Isariopsis_Leaf_Spot)_030398.jpg,Grape_Leaf_blight_(Isariopsis_Leaf_Spot),train
train/Soybean_healthy/PlantVillage_train_PlantVillage_train_Soybean___healthy_045067.jpg,Soybean_healthy,train
test/Orange_Haunglongbing_(Citrus_greening)/PlantVillage_test_PlantVillage_train_Orange___Haunglongbing_(Citrus_greening)_033203.jpg,Orange_Haunglongbing_(Citrus_greening),test
train/Peach_leaf/plantDoc_train_plantDoc_train_Peach_leaf_020359.jpg,Peach_leaf,train
train/Raspberry_leaf/plantDoc_train_plantDoc_train_Raspberry_leaf_020893.jpg,Raspberry_leaf,train
train/Rice_Blast/rice-leaf-disease-riceguard_train_rice-leaf-disease-riceguard_train_blast_079360.jpg,Rice_Blast,train
val/Cassava_Green_Mite/Cassava_val_Cassava_train_cgm_015799.jpg,Cassava_Green_Mite,val
val/Tomato_Late_Blight/PlantVillage_val_PlantVillage_val_Tomato___Late_blight_070548.jpg,Tomato_Late_Blight,val
train/Cassava_Brown_Streak_Disease/Cassava_train_Cassava_train_cbsd_015112.jpg,Cassava_Brown_Streak_Disease,train
train/Tomato_Yellow_Leaf_Curl_Virus/PlantVillage_train_PlantVillage_train_Tomato___Tomato_Yellow_Leaf_Curl_Virus_061274.jpg,Tomato_Yellow_Leaf_Curl_Virus,train
train/Rice_Insect_Damage/rice-leaf-disease-riceguard_train_rice-leaf-disease-riceguard_train_insect_083367.jpeg,Rice_Insect_Damage,train
train/Rice_Tungro/rice-leaf-disease-riceguard_train_rice-leaf-disease-riceguard_train_tungro_087692.jpeg,Rice_Tungro,train
test/Corn_(maize)_Northern_Leaf_Blight/PlantVillage_test_PlantVillage_train_Corn_(maize)___Northern_Leaf_Blight_027371.jpg,Corn_(maize)_Northern_Leaf_Blight,test
train/Soybean_healthy/PlantVillage_train_PlantVillage_train_Soybean___healthy_043723.jpg,Soybean_healthy,train
train/Tomato_Yellow_Leaf_Curl_Virus/PlantVillage_train_PlantVillage_train_Tomato___Tomato_Yellow_Leaf_Curl_Virus_060256.jpg,Tomato_Yellow_Leaf_Curl_Virus,train
test/Cassava_Green_Mite/Cassava_test_Cassava_train_cgm_015837.jpg,Cassava_Green_Mite,test
train/Strawberry_Leaf_scorch/PlantVillage_train_PlantVillage_train_Strawberry___Leaf_scorch_047574.jpg,Strawberry_Leaf_scorch,train
train/Corn_rust_leaf/plantDoc_train_plantDoc_train_Corn_rust_leaf_020157.jpg,Corn_rust_leaf,train
test/Corn_rust_leaf/plantDoc_test_plantDoc_test_Corn_rust_leaf_019181.jpg,Corn_rust_leaf,test
train/Cassava_Bacterial_Blight/Cassava_train_Cassava_train_cbb_013646.jpg,Cassava_Bacterial_Blight,train
train/Rice_Bacterial_Leaf_Stripe/rice-leaf-disease-riceguard_train_rice-leaf-disease-riceguard_train_stripes_086292.jpeg,Rice_Bacterial_Leaf_Stripe,train
val/Strawberry_Leaf_scorch/PlantVillage_val_PlantVillage_val_Strawberry___Leaf_scorch_069423.jpg,Strawberry_Leaf_scorch,val
val/Peach_healthy/PlantVillage_val_PlantVillage_val_Peach___healthy_066760.jpg,Peach_healthy,val
train/Grape_healthy/PlantVillage_train_PlantVillage_train_Grape___healthy_030005.jpg,Grape_healthy,train
train/Cassava_Mosaic_Disease/Cassava_train_Cassava_train_cmd_016347.jpg,Cassava_Mosaic_Disease,train
test/Apple_Black_Rot/Apple_Disease_Dataset_test_Apple_Disease_Dataset_test_Apple___Black_rot_000723.jpg,Apple_Black_Rot,test
val/Tomato_Yellow_Leaf_Curl_Virus/PlantVillage_val_PlantVillage_val_Tomato___Tomato_Yellow_Leaf_Curl_Virus_072688.jpg,Tomato_Yellow_Leaf_Curl_Virus,val
train/Corn_(maize)_Common_rust_/PlantVillage_train_PlantVillage_train_Corn_(maize)___Common_rust__025788.jpg,Corn_(maize)_Common_rust_,train
train/Rice_Tungro/rice-leaf-disease-riceguard_train_rice-leaf-disease-riceguard_train_tungro_087835.jpeg,Rice_Tungro,train
train/Corn_(maize)_healthy/PlantVillage_train_PlantVillage_train_Corn_(maize)___healthy_026531.jpg,Corn_(maize)_healthy,train
test/Cassava_Brown_Streak_Disease/Cassava_test_Cassava_train_cbsd_014641.jpg,Cassava_Brown_Streak_Disease,test
train/Tomato_Target_Spot/PlantVillage_train_PlantVillage_train_Tomato___Target_Spot_057436.jpg,Tomato_Target_Spot,train
train/Tomato_Bacterial_Spot/PlantVillage_train_PlantVillage_train_Tomato___Bacterial_spot_049584.jpg,Tomato_Bacterial_Spot,train
train/Squash_Powdery_mildew_leaf/plantDoc_train_plantDoc_train_Squash_Powdery_mildew_leaf_021088.jpg,Squash_Powdery_mildew_leaf,train
val/Orange_Haunglongbing_(Citrus_greening)/PlantVillage_val_PlantVillage_val_Orange___Haunglongbing_(Citrus_greening)_065672.jpg,Orange_Haunglongbing_(Citrus_greening),val
train/Tomato_Late_Blight/PlantVillage_train_PlantVillage_train_Tomato___Late_blight_053343.jpg,Tomato_Late_Blight,train
train/grape_leaf/plantDoc_train_plantDoc_train_grape_leaf_020216.jpg,grape_leaf,train
val/Peach_Bacterial_spot/PlantVillage_val_PlantVillage_val_Peach___Bacterial_spot_066730.jpg,Peach_Bacterial_spot,val
test/Rice_Leaf_Folder/rice-leaf-disease-riceguard_test_rice-leaf-disease-riceguard_test_leaf_folder_075011.jpeg,Rice_Leaf_Folder,test
train/Cassava_Healthy/Cassava_train_Cassava_train_healthy_018802.jpg,Cassava_Healthy,train
train/Rice_Tungro/rice-leaf-disease-riceguard_train_rice-leaf-disease-riceguard_train_tungro_088271.jpeg,Rice_Tungro,train
train/Squash_Powdery_mildew_leaf/plantDoc_train_plantDoc_train_Squash_Powdery_mildew_leaf_021021.jpg,Squash_Powdery_mildew_leaf,train
train/Apple_Scab/Apple_Disease_Dataset_train_Apple_Disease_Dataset_train_Apple___Apple_scab_002459.jpg,Apple_Scab,train
train/Rice_Bacterial_Leaf_Stripe/rice-leaf-disease-riceguard_train_rice-leaf-disease-riceguard_train_stripes_086382.jpeg,Rice_Bacterial_Leaf_Stripe,train
train/Tomato_Yellow_Leaf_Curl_Virus/PlantVillage_train_PlantVillage_train_Tomato___Tomato_Yellow_Leaf_Curl_Virus_062377.jpg,Tomato_Yellow_Leaf_Curl_Virus,train
train/Rice_Healthy/rice-leaf-disease-riceguard_train_rice-leaf-disease-riceguard_train_healthy_079846.jpeg,Rice_Healthy,train
val/Blueberry_healthy/PlantVillage_val_PlantVillage_val_Blueberry___healthy_062917.jpg,Blueberry_healthy,val
train/Apple_Scab/Apple_Disease_Dataset_train_Apple_Disease_Dataset_train_Apple___Apple_scab_003024.jpg,Apple_Scab,train
train/Apple_Healthy/Apple_Disease_Dataset_train_Apple_Disease_Dataset_train_Apple___healthy_009315.jpg,Apple_Healthy,train
train/Tomato_Yellow_Leaf_Curl_Virus/PlantVillage_train_PlantVillage_train_Tomato___Tomato_Yellow_Leaf_Curl_Virus_061068.jpg,Tomato_Yellow_Leaf_Curl_Virus,train
train/Apple_Cedar_Apple_Rust/Apple_Disease_Dataset_train_Apple_Disease_Dataset_train_Apple___Cedar_apple_rust_006474.jpg,Apple_Cedar_Apple_Rust,train
train/Tomato_Healthy/PlantVillage_train_PlantVillage_train_Tomato___healthy_052108.jpg,Tomato_Healthy,train
train/Orange_Haunglongbing_(Citrus_greening)/PlantVillage_train_PlantVillage_train_Orange___Haunglongbing_(Citrus_greening)_033171.jpg,Orange_Haunglongbing_(Citrus_greening),train
val/Tomato_Healthy/PlantVillage_val_PlantVillage_val_Tomato___healthy_070149.jpg,Tomato_Healthy,val
val/Cherry_(including_sour)_Powdery_mildew/PlantVillage_val_PlantVillage_val_Cherry_(including_sour)___Powdery_mildew_063387.jpg,Cherry_(including_sour)_Powdery_mildew,val
train/Soybean_healthy/PlantVillage_train_PlantVillage_train_Soybean___healthy_043219.jpg,Soybean_healthy,train
train/Orange_Haunglongbing_(Citrus_greening)/PlantVillage_train_PlantVillage_train_Orange___Haunglongbing_(Citrus_greening)_033955.jpg,Orange_Haunglongbing_(Citrus_greening),train
train/Rice_Bacterial_Leaf_Stripe/rice-leaf-disease-riceguard_train_rice-leaf-disease-riceguard_train_stripes_086066.jpeg,Rice_Bacterial_Leaf_Stripe,train
val/Tomato_Leaf_Mold/PlantVillage_val_PlantVillage_val_Tomato___Leaf_Mold_070830.jpg,Tomato_Leaf_Mold,val
train/Apple_Healthy/Apple_Disease_Dataset_train_Apple_Disease_Dataset_train_Apple___healthy_009561.jpg,Apple_Healthy,train
train/Tomato_Spider_Mites/PlantVillage_train_PlantVillage_train_Tomato___Spider_mites Two-spotted_spider_mite_056437.jpg,Tomato_Spider_Mites,train
train/Squash_Powdery_mildew/PlantVillage_train_PlantVillage_train_Squash___Powdery_mildew_046281.jpg,Squash_Powdery_mildew,train
train/Rice_Healthy/rice-leaf-disease-riceguard_train_rice-leaf-disease-riceguard_train_healthy_079607.jpeg,Rice_Healthy,train
train/Apple_Healthy/Apple_Disease_Dataset_train_Apple_Disease_Dataset_train_Apple___healthy_007926.jpg,Apple_Healthy,train
train/Potato_Late_Blight/plantDoc_train_plantDoc_train_Potato_leaf_late_blight_020682.jpg,Potato_Late_Blight,train
val/Cherry_leaf/plantDoc_val_plantDoc_train_Cherry_leaf_019845.jpg,Cherry_leaf,val
val/Grape_Esca_(Black_Measles)/PlantVillage_val_PlantVillage_val_Grape___Esca_(Black_Measles)_064739.jpg,Grape_Esca_(Black_Measles),val
train/Soybean_healthy/PlantVillage_train_PlantVillage_train_Soybean___healthy_044146.jpg,Soybean_healthy,train
train/Apple_Healthy/Apple_Disease_Dataset_train_Apple_Disease_Dataset_train_Apple___healthy_008336.jpg,Apple_Healthy,train
train/Blueberry_healthy/PlantVillage_train_PlantVillage_train_Blueberry___healthy_022798.jpg,Blueberry_healthy,train
train/Blueberry_leaf/plantDoc_train_plantDoc_train_Blueberry_leaf_019760.jpg,Blueberry_leaf,train
test/Apple_Healthy/Apple_Disease_Dataset_test_Apple_Disease_Dataset_test_Apple___healthy_001512.jpg,Apple_Healthy,test
train/Apple_Healthy/Apple_Disease_Dataset_train_Apple_Disease_Dataset_train_Apple___healthy_008213.jpg,Apple_Healthy,train
val/Apple_Scab/Apple_Disease_Dataset_val_Apple_Disease_Dataset_train_Apple___Apple_scab_003708.jpg,Apple_Scab,val
train/Orange_Haunglongbing_(Citrus_greening)/PlantVillage_train_PlantVillage_train_Orange___Haunglongbing_(Citrus_greening)_035055.jpg,Orange_Haunglongbing_(Citrus_greening),train
train/Cassava_Healthy/Cassava_train_Cassava_train_healthy_018859.jpg,Cassava_Healthy,train
train/Tomato_Healthy/PlantVillage_train_PlantVillage_train_Tomato___healthy_050906.jpg,Tomato_Healthy,train
train/Cassava_Brown_Streak_Disease/Cassava_train_Cassava_train_cbsd_015194.jpg,Cassava_Brown_Streak_Disease,train
train/Tomato_Healthy/PlantVillage_train_PlantVillage_train_Tomato___healthy_050910.jpg,Tomato_Healthy,train
train/Orange_Haunglongbing_(Citrus_greening)/PlantVillage_train_PlantVillage_train_Orange___Haunglongbing_(Citrus_greening)_035098.jpg,Orange_Haunglongbing_(Citrus_greening),train
train/Tomato_Spider_Mites/PlantVillage_train_PlantVillage_train_Tomato___Spider_mites Two-spotted_spider_mite_056223.jpg,Tomato_Spider_Mites,train
test/Soybean_healthy/PlantVillage_test_PlantVillage_train_Soybean___healthy_042393.jpg,Soybean_healthy,test
train/Corn_(maize)_Cercospora_leaf_spot_Gray_leaf_spot/PlantVillage_train_PlantVillage_train_Corn_(maize)___Cercospora_leaf_spot Gray_leaf_spot_025143.jpg,Corn_(maize)_Cercospora_leaf_spot_Gray_leaf_spot,train
val/Tomato_Bacterial_Spot/PlantVillage_val_PlantVillage_val_Tomato___Bacterial_spot_069820.jpg,Tomato_Bacterial_Spot,val
train/Grape_Leaf_blight_(Isariopsis_Leaf_Spot)/PlantVillage_train_PlantVillage_train_Grape___Leaf_blight_(Isariopsis_Leaf_Spot)_030301.jpg,Grape_Leaf_blight_(Isariopsis_Leaf_Spot),train
train/Cassava_Bacterial_Blight/Cassava_train_Cassava_train_cbb_013517.jpg,Cassava_Bacterial_Blight,train
test/Apple_Healthy/Apple_Disease_Dataset_test_Apple_Disease_Dataset_test_Apple___healthy_001515.jpg,Apple_Healthy,test
train/Potato_Late_Blight/PlantVillage_train_PlantVillage_train_Potato___Late_blight_040959.jpg,Potato_Late_Blight,train
"val/Bell_Pepper_Bacterial_Spot/PlantVillage_val_PlantVillage_val_Pepper,_bell___Bacterial_spot_066968.jpg",Bell_Pepper_Bacterial_Spot,val
train/Rice_Leaf_Folder/rice-leaf-disease-riceguard_train_rice-leaf-disease-riceguard_train_leaf_folder_085206.jpeg,Rice_Leaf_Folder,train
train/Blueberry_leaf/plantDoc_train_plantDoc_train_Blueberry_leaf_019743.jpg,Blueberry_leaf,train
train/Apple_Healthy/Apple_Disease_Dataset_train_Apple_Disease_Dataset_train_Apple___healthy_009643.jpg,Apple_Healthy,train
train/Squash_Powdery_mildew_leaf/plantDoc_train_plantDoc_train_Squash_Powdery_mildew_leaf_021067.jpg,Squash_Powdery_mildew_leaf,train
train/Rice_Healthy/rice-leaf-disease-riceguard_train_rice-leaf-disease-riceguard_train_healthy_080541.jpeg,Rice_Healthy,train
train/Cherry_(including_sour)_Powdery_mildew/PlantVillage_train_PlantVillage_train_Cherry_(including_sour)___Powdery_mildew_024214.jpg,Cherry_(including_sour)_Powdery_mildew,train
val/Corn_(maize)_Northern_Leaf_Blight/PlantVillage_val_PlantVillage_val_Corn_(maize)___Northern_Leaf_Blight_064338.jpg,Corn_(maize)_Northern_Leaf_Blight,val
val/Tomato_Yellow_Leaf_Curl_Virus/PlantVillage_val_PlantVillage_val_Tomato___Tomato_Yellow_Leaf_Curl_Virus_072380.jpg,Tomato_Yellow_Leaf_Curl_Virus,val
test/Apple_Black_Rot/Apple_Disease_Dataset_test_Apple_Disease_Dataset_test_Apple___Black_rot_000979.jpg,Apple_Black_Rot,test
train/Rice_Leaf_Folder/rice-leaf-disease-riceguard_train_rice-leaf-disease-riceguard_train_leaf_folder_085533.jpeg,Rice_Leaf_Folder,train
train/Rice_Blast/rice-leaf-disease-riceguard_train_rice-leaf-disease-riceguard_train_blast_077510.jpeg,Rice_Blast,train
train/Soyabean_leaf/plantDoc_train_plantDoc_train_Soyabean_leaf_020971.jpg,Soyabean_leaf,train
train/Cassava_Green_Mite/Cassava_train_Cassava_train_cgm_016042.jpg,Cassava_Green_Mite,train
train/Rice_Healthy/rice-leaf-disease-riceguard_train_rice-leaf-disease-riceguard_train_healthy_082614.jpg,Rice_Healthy,train
val/Corn_(maize)_Common_rust_/PlantVillage_val_PlantVillage_val_Corn_(maize)___Common_rust__063715.jpg,Corn_(maize)_Common_rust_,val
train/Soybean_healthy/PlantVillage_train_PlantVillage_train_Soybean___healthy_045352.jpg,Soybean_healthy,train
train/Raspberry_leaf/plantDoc_train_plantDoc_train_Raspberry_leaf_020815.jpg,Raspberry_leaf,train
train/Soybean_healthy/PlantVillage_train_PlantVillage_train_Soybean___healthy_042676.jpg,Soybean_healthy,train
train/Apple_Black_Rot/Apple_Disease_Dataset_train_Apple_Disease_Dataset_train_Apple___Black_rot_004521.jpg,Apple_Black_Rot,train
test/Apple_Scab/Apple_Disease_Dataset_test_Apple_Disease_Dataset_test_Apple___Apple_scab_000326.jpg,Apple_Scab,test
train/grape_leaf_black_rot/plantDoc_train_plantDoc_train_grape_leaf_black_rot_020292.jpg,grape_leaf_black_rot,train
train/Apple_Cedar_Apple_Rust/Apple_Disease_Dataset_train_Apple_Disease_Dataset_train_Apple___Cedar_apple_rust_007398.jpg,Apple_Cedar_Apple_Rust,train
train/Rice_Healthy/rice-leaf-disease-riceguard_train_rice-leaf-disease-riceguard_train_healthy_081786.jpeg,Rice_Healthy,train
train/Rice_Healthy/rice-leaf-disease-riceguard_train_rice-leaf-disease-riceguard_train_healthy_081020.jpeg,Rice_Healthy,train
train/Cherry_(including_sour)_healthy/PlantVillage_train_PlantVillage_train_Cherry_(including_sour)___healthy_023751.jpg,Cherry_(including_sour)_healthy,train
train/Rice_Blast/rice-leaf-disease-riceguard_train_rice-leaf-disease-riceguard_train_blast_076342.jpeg,Rice_Blast,train
train/Squash_Powdery_mildew_leaf/plantDoc_train_plantDoc_train_Squash_Powdery_mildew_leaf_021080.jpg,Squash_Powdery_mildew_leaf,train
train/Cherry_(including_sour)_Powdery_mildew/PlantVillage_train_PlantVillage_train_Cherry_(including_sour)___Powdery_mildew_024603.jpg,Cherry_(including_sour)_Powdery_mildew,train
test/Peach_healthy/PlantVillage_test_PlantVillage_train_Peach___healthy_037412.jpg,Peach_healthy,test
val/Rice_Bacterial_Leaf_Stripe/rice-leaf-disease-riceguard_val_rice-leaf-disease-riceguard_val_stripes_091113.jpeg,Rice_Bacterial_Leaf_Stripe,val
train/Squash_Powdery_mildew/PlantVillage_train_PlantVillage_train_Squash___Powdery_mildew_046084.jpg,Squash_Powdery_mildew,train
train/Rice_Leaf_Folder/rice-leaf-disease-riceguard_train_rice-leaf-disease-riceguard_train_leaf_folder_084721.jpeg,Rice_Leaf_Folder,train
train/Cherry_(including_sour)_healthy/PlantVillage_train_PlantVillage_train_Cherry_(including_sour)___healthy_023269.jpg,Cherry_(including_sour)_healthy,train
train/Tomato_Healthy/PlantVillage_train_PlantVillage_train_Tomato___healthy_051423.jpg,Tomato_Healthy,train
train/Tomato_Late_Blight/PlantVillage_train_PlantVillage_train_Tomato___Late_blight_052247.jpg,Tomato_Late_Blight,train
"train/Bell_Pepper_Healthy/PlantVillage_train_PlantVillage_train_Pepper,_bell___healthy_038806.jpg",Bell_Pepper_Healthy,train
val/Tomato_Yellow_Leaf_Curl_Virus/PlantVillage_val_PlantVillage_val_Tomato___Tomato_Yellow_Leaf_Curl_Virus_072846.jpg,Tomato_Yellow_Leaf_Curl_Virus,val
train/Corn_(maize)_healthy/PlantVillage_train_PlantVillage_train_Corn_(maize)___healthy_026603.jpg,Corn_(maize)_healthy,train
train/Apple_Scab/Apple_Disease_Dataset_train_Apple_Disease_Dataset_train_Apple___Apple_scab_003583.jpg,Apple_Scab,train
train/Rice_Healthy/rice-leaf-disease-riceguard_train_rice-leaf-disease-riceguard_train_healthy_079754.jpeg,Rice_Healthy,train
val/Cassava_Green_Mite/Cassava_val_Cassava_train_cgm_015458.jpg,Cassava_Green_Mite,val
test/Potato_Late_Blight/PlantVillage_test_PlantVillage_train_Potato___Late_blight_041092.jpg,Potato_Late_Blight,test
val/Tomato_Bacterial_Spot/PlantVillage_val_PlantVillage_val_Tomato___Bacterial_spot_069817.jpg,Tomato_Bacterial_Spot,val
train/Tomato_Septoria_Leaf_Spot/PlantVillage_train_PlantVillage_train_Tomato___Septoria_leaf_spot_054515.jpg,Tomato_Septoria_Leaf_Spot,train
train/Rice_Bacterial_Leaf_Stripe/rice-leaf-disease-riceguard_train_rice-leaf-disease-riceguard_train_stripes_086938.jpeg,Rice_Bacterial_Leaf_Stripe,train
train/Tomato_Bacterial_Spot/PlantVillage_train_PlantVillage_train_Tomato___Bacterial_spot_049158.jpg,Tomato_Bacterial_Spot,train
train/Blueberry_leaf/plantDoc_train_plantDoc_train_Blueberry_leaf_019740.jpg,Blueberry_leaf,train
train/Cassava_Brown_Streak_Disease/Cassava_train_Cassava_train_cbsd_014479.jpg,Cassava_Brown_Streak_Disease,train
val/Corn_(maize)_healthy/PlantVillage_val_PlantVillage_val_Corn_(maize)___healthy_063955.jpg,Corn_(maize)_healthy,val
train/Tomato_Yellow_Leaf_Curl_Virus/PlantVillage_train_PlantVillage_train_Tomato___Tomato_Yellow_Leaf_Curl_Virus_062702.jpg,Tomato_Yellow_Leaf_Curl_Virus,train
train/Rice_Healthy/rice-leaf-disease-riceguard_train_rice-leaf-disease-riceguard_train_healthy_081351.jpeg,Rice_Healthy,train
test/Apple_Cedar_Apple_Rust/Apple_Disease_Dataset_test_Apple_Disease_Dataset_test_Apple___Cedar_apple_rust_001399.jpg,Apple_Cedar_Apple_Rust,test
train/Soybean_healthy/PlantVillage_train_PlantVillage_train_Soybean___healthy_045426.jpg,Soybean_healthy,train
"val/Bell_Pepper_Healthy/PlantVillage_val_PlantVillage_val_Pepper,_bell___healthy_067184.jpg",Bell_Pepper_Healthy,val
train/Apple_Healthy/Apple_Disease_Dataset_train_Apple_Disease_Dataset_train_Apple___healthy_008548.jpg,Apple_Healthy,train
train/Apple_Scab/Apple_Disease_Dataset_train_Apple_Disease_Dataset_train_Apple___Apple_scab_002741.jpg,Apple_Scab,train
val/Tomato_Leaf_Mold/PlantVillage_val_PlantVillage_val_Tomato___Leaf_Mold_070991.jpg,Tomato_Leaf_Mold,val
train/Tomato_Yellow_Leaf_Curl_Virus/PlantVillage_train_PlantVillage_train_Tomato___Tomato_Yellow_Leaf_Curl_Virus_059150.jpg,Tomato_Yellow_Leaf_Curl_Virus,train
train/Strawberry_Leaf_scorch/PlantVillage_train_PlantVillage_train_Strawberry___Leaf_scorch_047655.jpg,Strawberry_Leaf_scorch,train
train/Grape_Leaf_blight_(Isariopsis_Leaf_Spot)/PlantVillage_train_PlantVillage_train_Grape___Leaf_blight_(Isariopsis_Leaf_Spot)_030563.jpg,Grape_Leaf_blight_(Isariopsis_Leaf_Spot),train
train/Apple_Scab/plantDoc_train_plantDoc_train_Apple_Scab_Leaf_019528.jpg,Apple_Scab,train
val/Blueberry_healthy/PlantVillage_val_PlantVillage_val_Blueberry___healthy_063083.jpg,Blueberry_healthy,val
train/Cassava_Mosaic_Disease/Cassava_train_Cassava_train_cmd_017721.jpg,Cassava_Mosaic_Disease,train
train/Tomato_Bacterial_Spot/PlantVillage_train_PlantVillage_train_Tomato___Bacterial_spot_050026.jpg,Tomato_Bacterial_Spot,train
train/Rice_Tungro/rice-leaf-disease-riceguard_train_rice-leaf-disease-riceguard_train_tungro_087811.jpeg,Rice_Tungro,train
train/Apple_Black_Rot/Apple_Disease_Dataset_train_Apple_Disease_Dataset_train_Apple___Black_rot_005663.jpg,Apple_Black_Rot,train
train/Corn_leaf_blight/plantDoc_train_plantDoc_train_Corn_leaf_blight_019984.jpg,Corn_leaf_blight,train
train/Tomato_Yellow_Leaf_Curl_Virus/PlantVillage_train_PlantVillage_train_Tomato___Tomato_Yellow_Leaf_Curl_Virus_060782.jpg,Tomato_Yellow_Leaf_Curl_Virus,train
train/Soybean_healthy/PlantVillage_train_PlantVillage_train_Soybean___healthy_043528.jpg,Soybean_healthy,train
train/Squash_Powdery_mildew/PlantVillage_train_PlantVillage_train_Squash___Powdery_mildew_045947.jpg,Squash_Powdery_mildew,train
train/Tomato_Yellow_Leaf_Curl_Virus/PlantVillage_train_PlantVillage_train_Tomato___Tomato_Yellow_Leaf_Curl_Virus_060201.jpg,Tomato_Yellow_Leaf_Curl_Virus,train
train/Cherry_(including_sour)_Powdery_mildew/PlantVillage_train_PlantVillage_train_Cherry_(including_sour)___Powdery_mildew_024546.jpg,Cherry_(including_sour)_Powdery_mildew,train
train/Raspberry_healthy/PlantVillage_train_PlantVillage_train_Raspberry___healthy_041423.jpg,Raspberry_healthy,train
train/Soybean_healthy/PlantVillage_train_PlantVillage_train_Soybean___healthy_045660.jpg,Soybean_healthy,train
val/Cherry_(including_sour)_healthy/PlantVillage_val_PlantVillage_val_Cherry_(including_sour)___healthy_063237.jpg,Cherry_(including_sour)_healthy,val
train/Tomato_Early_Blight/PlantVillage_train_PlantVillage_train_Tomato___Early_blight_050167.jpg,Tomato_Early_Blight,train
train/Rice_Healthy/rice-leaf-disease-riceguard_train_rice-leaf-disease-riceguard_train_healthy_080709.jpeg,Rice_Healthy,train
test/Potato_Late_Blight/PlantVillage_test_PlantVillage_train_Potato___Late_blight_040611.jpg,Potato_Late_Blight,test
train/Corn_(maize)_healthy/PlantVillage_train_PlantVillage_train_Corn_(maize)___healthy_026319.jpg,Corn_(maize)_healthy,train
train/Grape_Esca_(Black_Measles)/PlantVillage_train_PlantVillage_train_Grape___Esca_(Black_Measles)_029054.jpg,Grape_Esca_(Black_Measles),train
train/Tomato_Yellow_Leaf_Curl_Virus/PlantVillage_train_PlantVillage_train_Tomato___Tomato_Yellow_Leaf_Curl_Virus_062345.jpg,Tomato_Yellow_Leaf_Curl_Virus,train
train/Tomato_Early_Blight/PlantVillage_train_PlantVillage_train_Tomato___Early_blight_050492.jpg,Tomato_Early_Blight,train
train/Grape_Leaf_blight_(Isariopsis_Leaf_Spot)/PlantVillage_train_PlantVillage_train_Grape___Leaf_blight_(Isariopsis_Leaf_Spot)_030962.jpg,Grape_Leaf_blight_(Isariopsis_Leaf_Spot),train
train/Apple_Healthy/plantDoc_train_plantDoc_train_Apple_leaf_019361.jpg,Apple_Healthy,train
train/Apple_Cedar_Apple_Rust/Apple_Disease_Dataset_train_Apple_Disease_Dataset_train_Apple___Cedar_apple_rust_007080.jpg,Apple_Cedar_Apple_Rust,train
val/Soybean_healthy/PlantVillage_val_PlantVillage_val_Soybean___healthy_068100.jpg,Soybean_healthy,val
train/Corn_(maize)_Common_rust_/PlantVillage_train_PlantVillage_train_Corn_(maize)___Common_rust__026018.jpg,Corn_(maize)_Common_rust_,train
test/Apple_Black_Rot/Apple_Disease_Dataset_test_Apple_Disease_Dataset_test_Apple___Black_rot_000514.jpg,Apple_Black_Rot,test
val/Corn_(maize)_healthy/PlantVillage_val_PlantVillage_val_Corn_(maize)___healthy_064138.jpg,Corn_(maize)_healthy,val
train/Soybean_healthy/PlantVillage_train_PlantVillage_train_Soybean___healthy_044117.jpg,Soybean_healthy,train
test/Tomato_Bacterial_Spot/PlantVillage_test_PlantVillage_train_Tomato___Bacterial_spot_048486.jpg,Tomato_Bacterial_Spot,test
train/Squash_Powdery_mildew_leaf/plantDoc_train_plantDoc_train_Squash_Powdery_mildew_leaf_021010.jpg,Squash_Powdery_mildew_leaf,train
train/Rice_Healthy/rice-leaf-disease-riceguard_train_rice-leaf-disease-riceguard_train_healthy_080524.jpeg,Rice_Healthy,train
val/Rice_Blast/rice-leaf-disease-riceguard_val_rice-leaf-disease-riceguard_val_blast_089106.jpeg,Rice_Blast,val
train/Rice_Insect_Damage/rice-leaf-disease-riceguard_train_rice-leaf-disease-riceguard_train_insect_084269.jpg,Rice_Insect_Damage,train
train/Tomato_Yellow_Leaf_Curl_Virus/PlantVillage_train_PlantVillage_train_Tomato___Tomato_Yellow_Leaf_Curl_Virus_061611.jpg,Tomato_Yellow_Leaf_Curl_Virus,train
train/Potato_Early_Blight/PlantVillage_train_PlantVillage_train_Potato___Early_blight_039844.jpg,Potato_Early_Blight,train
test/Rice_Bacterial_Leaf_Stripe/rice-leaf-disease-riceguard_test_rice-leaf-disease-riceguard_test_stripes_075385.jpeg,Rice_Bacterial_Leaf_Stripe,test
test/Rice_Healthy/rice-leaf-disease-riceguard_test_rice-leaf-disease-riceguard_test_healthy_074154.jpeg,Rice_Healthy,test
train/Apple_Black_Rot/Apple_Disease_Dataset_train_Apple_Disease_Dataset_train_Apple___Black_rot_004318.jpg,Apple_Black_Rot,train
train/Soybean_healthy/PlantVillage_train_PlantVillage_train_Soybean___healthy_044837.jpg,Soybean_healthy,train
train/Corn_(maize)_healthy/PlantVillage_train_PlantVillage_train_Corn_(maize)___healthy_026333.jpg,Corn_(maize)_healthy,train
train/Apple_Cedar_Apple_Rust/Apple_Disease_Dataset_train_Apple_Disease_Dataset_train_Apple___Cedar_apple_rust_007059.jpg,Apple_Cedar_Apple_Rust,train
train/Apple_Black_Rot/Apple_Disease_Dataset_train_Apple_Disease_Dataset_train_Apple___Black_rot_004974.jpg,Apple_Black_Rot,train
train/Tomato_Healthy/PlantVillage_train_PlantVillage_train_Tomato___healthy_051363.jpg,Tomato_Healthy,train
train/Soybean_healthy/PlantVillage_train_PlantVillage_train_Soybean___healthy_042919.jpg,Soybean_healthy,train
train/grape_leaf_black_rot/plantDoc_train_plantDoc_train_grape_leaf_black_rot_020312.jpg,grape_leaf_black_rot,train
train/Tomato_Septoria_Leaf_Spot/PlantVillage_train_PlantVillage_train_Tomato___Septoria_leaf_spot_055673.jpg,Tomato_Septoria_Leaf_Spot,train
train/Apple_Black_Rot/Apple_Disease_Dataset_train_Apple_Disease_Dataset_train_Apple___Black_rot_005189.jpg,Apple_Black_Rot,train
train/Strawberry_healthy/PlantVillage_train_PlantVillage_train_Strawberry___healthy_047261.jpg,Strawberry_healthy,train
train/Tomato_Leaf_Mold/PlantVillage_train_PlantVillage_train_Tomato___Leaf_Mold_054239.jpg,Tomato_Leaf_Mold,train
test/Cassava_Healthy/Cassava_test_Cassava_train_healthy_019070.jpg,Cassava_Healthy,test
train/Apple_Black_Rot/Apple_Disease_Dataset_train_Apple_Disease_Dataset_train_Apple___Black_rot_004570.jpg,Apple_Black_Rot,train
train/Cherry_leaf/plantDoc_train_plantDoc_train_Cherry_leaf_019842.jpg,Cherry_leaf,train
train/Tomato_Target_Spot/PlantVillage_train_PlantVillage_train_Tomato___Target_Spot_057560.jpg,Tomato_Target_Spot,train
train/Cassava_Mosaic_Disease/Cassava_train_Cassava_train_cmd_016640.jpg,Cassava_Mosaic_Disease,train
train/Tomato_Healthy/PlantVillage_train_PlantVillage_train_Tomato___healthy_051361.jpg,Tomato_Healthy,train
train/Rice_Blast/rice-leaf-disease-riceguard_train_rice-leaf-disease-riceguard_train_blast_078244.jpeg,Rice_Blast,train
val/Orange_Haunglongbing_(Citrus_greening)/PlantVillage_val_PlantVillage_val_Orange___Haunglongbing_(Citrus_greening)_065696.jpg,Orange_Haunglongbing_(Citrus_greening),val
test/Corn_Gray_leaf_spot/plantDoc_test_plantDoc_test_Corn_Gray_leaf_spot_019161.jpg,Corn_Gray_leaf_spot,test
train/Soybean_healthy/PlantVillage_train_PlantVillage_train_Soybean___healthy_044932.jpg,Soybean_healthy,train
train/Apple_Cedar_Apple_Rust/Apple_Disease_Dataset_train_Apple_Disease_Dataset_train_Apple___Cedar_apple_rust_006983.jpg,Apple_Cedar_Apple_Rust,train
train/Peach_healthy/PlantVillage_train_PlantVillage_train_Peach___healthy_037340.jpg,Peach_healthy,train
"test/Bell_Pepper_Bacterial_Spot/PlantVillage_test_PlantVillage_train_Pepper,_bell___Bacterial_spot_037746.jpg",Bell_Pepper_Bacterial_Spot,test
train/Tomato_Yellow_Leaf_Curl_Virus/PlantVillage_train_PlantVillage_train_Tomato___Tomato_Yellow_Leaf_Curl_Virus_061297.jpg,Tomato_Yellow_Leaf_Curl_Virus,train
val/Tomato_Late_Blight/PlantVillage_val_PlantVillage_val_Tomato___Late_blight_070476.jpg,Tomato_Late_Blight,val
train/Soybean_healthy/PlantVillage_train_PlantVillage_train_Soybean___healthy_042058.jpg,Soybean_healthy,train
val/Tomato_Early_Blight/PlantVillage_val_PlantVillage_val_Tomato___Early_blight_069930.jpg,Tomato_Early_Blight,val
train/Soybean_healthy/PlantVillage_train_PlantVillage_train_Soybean___healthy_043933.jpg,Soybean_healthy,train
train/Rice_Scald/rice-leaf-disease-riceguard_train_rice-leaf-disease-riceguard_train_scald_085755.jpg,Rice_Scald,train
val/Grape_Esca_(Black_Measles)/PlantVillage_val_PlantVillage_val_Grape___Esca_(Black_Measles)_064626.jpg,Grape_Esca_(Black_Measles),val
train/Soybean_healthy/PlantVillage_train_PlantVillage_train_Soybean___healthy_042646.jpg,Soybean_healthy,train
train/Tomato_Yellow_Leaf_Curl_Virus/PlantVillage_train_PlantVillage_train_Tomato___Tomato_Yellow_Leaf_Curl_Virus_059110.jpg,Tomato_Yellow_Leaf_Curl_Virus,train
val/Blueberry_leaf/plantDoc_val_plantDoc_train_Blueberry_leaf_019718.jpg,Blueberry_leaf,val
train/Soybean_healthy/PlantVillage_train_PlantVillage_train_Soybean___healthy_043191.jpg,Soybean_healthy,train
train/Grape_Leaf_blight_(Isariopsis_Leaf_Spot)/PlantVillage_train_PlantVillage_train_Grape___Leaf_blight_(Isariopsis_Leaf_Spot)_030997.jpg,Grape_Leaf_blight_(Isariopsis_Leaf_Spot),train
train/Tomato_Late_Blight/PlantVillage_train_PlantVillage_train_Tomato___Late_blight_053272.jpg,Tomato_Late_Blight,train
train/Rice_Tungro/rice-leaf-disease-riceguard_train_rice-leaf-disease-riceguard_train_tungro_088184.jpeg,Rice_Tungro,train
test/Tomato_Healthy/PlantVillage_test_PlantVillage_train_Tomato___healthy_051418.jpg,Tomato_Healthy,test
train/Apple_Scab/Apple_Disease_Dataset_train_Apple_Disease_Dataset_train_Apple___Apple_scab_003690.jpg,Apple_Scab,train
train/Cassava_Bacterial_Blight/Cassava_train_Cassava_train_cbb_013713.jpg,Cassava_Bacterial_Blight,train
train/Rice_Blast/rice-leaf-disease-riceguard_train_rice-leaf-disease-riceguard_train_blast_078844.jpeg,Rice_Blast,train
val/Rice_Bacterial_Leaf_Stripe/rice-leaf-disease-riceguard_val_rice-leaf-disease-riceguard_val_stripes_091346.jpg,Rice_Bacterial_Leaf_Stripe,val
train/Tomato_Bacterial_Spot/PlantVillage_train_PlantVillage_train_Tomato___Bacterial_spot_049495.jpg,Tomato_Bacterial_Spot,train
train/Apple_Black_Rot/Apple_Disease_Dataset_train_Apple_Disease_Dataset_train_Apple___Black_rot_004937.jpg,Apple_Black_Rot,train
train/Corn_(maize)_Common_rust_/PlantVillage_train_PlantVillage_train_Corn_(maize)___Common_rust__025972.jpg,Corn_(maize)_Common_rust_,train
train/Tomato_Septoria_Leaf_Spot/plantDoc_train_plantDoc_train_Tomato_Septoria_leaf_spot_021944.jpg,Tomato_Septoria_Leaf_Spot,train
train/Rice_Blast/rice-leaf-disease-riceguard_train_rice-leaf-disease-riceguard_train_blast_078612.jpeg,Rice_Blast,train
train/Rice_Blast/rice-leaf-disease-riceguard_train_rice-leaf-disease-riceguard_train_blast_078841.jpeg,Rice_Blast,train
train/Apple_Cedar_Apple_Rust/Apple_Disease_Dataset_train_Apple_Disease_Dataset_train_Apple___Cedar_apple_rust_005988.jpg,Apple_Cedar_Apple_Rust,train
train/Tomato_Bacterial_Spot/PlantVillage_train_PlantVillage_train_Tomato___Bacterial_spot_049828.jpg,Tomato_Bacterial_Spot,train
train/Rice_Blast/rice-leaf-disease-riceguard_train_rice-leaf-disease-riceguard_train_blast_076077.jpeg,Rice_Blast,train
train/Soybean_healthy/PlantVillage_train_PlantVillage_train_Soybean___healthy_043612.jpg,Soybean_healthy,train
train/Orange_Haunglongbing_(Citrus_greening)/PlantVillage_train_PlantVillage_train_Orange___Haunglongbing_(Citrus_greening)_034682.jpg,Orange_Haunglongbing_(Citrus_greening),train
train/Corn_(maize)_Common_rust_/PlantVillage_train_PlantVillage_train_Corn_(maize)___Common_rust__025940.jpg,Corn_(maize)_Common_rust_,train
train/Apple_Cedar_Apple_Rust/Apple_Disease_Dataset_train_Apple_Disease_Dataset_train_Apple___Cedar_apple_rust_006376.jpg,Apple_Cedar_Apple_Rust,train
train/Apple_Black_Rot/Apple_Disease_Dataset_train_Apple_Disease_Dataset_train_Apple___Black_rot_005833.jpg,Apple_Black_Rot,train
train/Tomato_Leaf_Mold/PlantVillage_train_PlantVillage_train_Tomato___Leaf_Mold_054252.jpg,Tomato_Leaf_Mold,train
train/Tomato_Bacterial_Spot/PlantVillage_train_PlantVillage_train_Tomato___Bacterial_spot_048901.jpg,Tomato_Bacterial_Spot,train
train/Rice_Tungro/rice-leaf-disease-riceguard_train_rice-leaf-disease-riceguard_train_tungro_088004.jpeg,Rice_Tungro,train
train/Blueberry_healthy/PlantVillage_train_PlantVillage_train_Blueberry___healthy_022756.jpg,Blueberry_healthy,train
val/Rice_Blast/rice-leaf-disease-riceguard_val_rice-leaf-disease-riceguard_val_blast_089085.jpeg,Rice_Blast,val
val/Squash_Powdery_mildew/PlantVillage_val_PlantVillage_val_Squash___Powdery_mildew_069162.jpg,Squash_Powdery_mildew,val
val/Corn_(maize)_Common_rust_/PlantVillage_val_PlantVillage_val_Corn_(maize)___Common_rust__063804.jpg,Corn_(maize)_Common_rust_,val
val/Grape_Leaf_blight_(Isariopsis_Leaf_Spot)/PlantVillage_val_PlantVillage_val_Grape___Leaf_blight_(Isariopsis_Leaf_Spot)_064986.jpg,Grape_Leaf_blight_(Isariopsis_Leaf_Spot),val
train/Tomato_Yellow_Leaf_Curl_Virus/PlantVillage_train_PlantVillage_train_Tomato___Tomato_Yellow_Leaf_Curl_Virus_062471.jpg,Tomato_Yellow_Leaf_Curl_Virus,train
test/Apple_Cedar_Apple_Rust/Apple_Disease_Dataset_test_Apple_Disease_Dataset_test_Apple___Cedar_apple_rust_001186.jpg,Apple_Cedar_Apple_Rust,test
train/Corn_rust_leaf/plantDoc_train_plantDoc_train_Corn_rust_leaf_020192.jpg,Corn_rust_leaf,train
train/Soybean_healthy/PlantVillage_train_PlantVillage_train_Soybean___healthy_042269.jpg,Soybean_healthy,train
train/Tomato_Septoria_Leaf_Spot/PlantVillage_train_PlantVillage_train_Tomato___Septoria_leaf_spot_055620.jpg,Tomato_Septoria_Leaf_Spot,train
val/Blueberry_healthy/PlantVillage_val_PlantVillage_val_Blueberry___healthy_063111.jpg,Blueberry_healthy,val
train/Tomato_Bacterial_Spot/PlantVillage_train_PlantVillage_train_Tomato___Bacterial_spot_049932.jpg,Tomato_Bacterial_Spot,train
train/Rice_Healthy/rice-leaf-disease-riceguard_train_rice-leaf-disease-riceguard_train_healthy_079753.jpeg,Rice_Healthy,train
train/Rice_Healthy/rice-leaf-disease-riceguard_train_rice-leaf-disease-riceguard_train_healthy_082244.jpeg,Rice_Healthy,train
train/Tomato_Leaf_Mold/PlantVillage_train_PlantVillage_train_Tomato___Leaf_Mold_054222.jpg,Tomato_Leaf_Mold,train
train/Grape_Esca_(Black_Measles)/PlantVillage_train_PlantVillage_train_Grape___Esca_(Black_Measles)_029581.jpg,Grape_Esca_(Black_Measles),train
train/Rice_Healthy/rice-leaf-disease-riceguard_train_rice-leaf-disease-riceguard_train_healthy_080308.jpeg,Rice_Healthy,train
train/Apple_Scab/Apple_Disease_Dataset_train_Apple_Disease_Dataset_train_Apple___Apple_scab_002067.jpg,Apple_Scab,train
val/Rice_Blast/rice-leaf-disease-riceguard_val_rice-leaf-disease-riceguard_val_blast_089121.jpeg,Rice_Blast,val
train/Orange_Haunglongbing_(Citrus_greening)/PlantVillage_train_PlantVillage_train_Orange___Haunglongbing_(Citrus_greening)_033615.jpg,Orange_Haunglongbing_(Citrus_greening),train
val/Grape_Esca_(Black_Measles)/PlantVillage_val_PlantVillage_val_Grape___Esca_(Black_Measles)_064675.jpg,Grape_Esca_(Black_Measles),val
test/Potato_Early_Blight/PlantVillage_test_PlantVillage_train_Potato___Early_blight_040123.jpg,Potato_Early_Blight,test
"train/Bell_Pepper_Healthy/PlantVillage_train_PlantVillage_train_Pepper,_bell___healthy_039020.jpg",Bell_Pepper_Healthy,train
train/Apple_Cedar_Apple_Rust/Apple_Disease_Dataset_train_Apple_Disease_Dataset_train_Apple___Cedar_apple_rust_006543.jpg,Apple_Cedar_Apple_Rust,train
train/Blueberry_leaf/plantDoc_train_plantDoc_train_Blueberry_leaf_019761.jpg,Blueberry_leaf,train
train/Tomato_Late_Blight/PlantVillage_train_PlantVillage_train_Tomato___Late_blight_053203.jpg,Tomato_Late_Blight,train
train/Rice_Tungro/rice-leaf-disease-riceguard_train_rice-leaf-disease-riceguard_train_tungro_088388.jpeg,Rice_Tungro,train
train/Orange_Haunglongbing_(Citrus_greening)/PlantVillage_train_PlantVillage_train_Orange___Haunglongbing_(Citrus_greening)_033849.jpg,Orange_Haunglongbing_(Citrus_greening),train
val/Tomato_Bacterial_Spot/PlantVillage_val_PlantVillage_val_Tomato___Bacterial_spot_069625.jpg,Tomato_Bacterial_Spot,val
train/Squash_Powdery_mildew/PlantVillage_train_PlantVillage_train_Squash___Powdery_mildew_046141.jpg,Squash_Powdery_mildew,train
train/Corn_rust_leaf/plantDoc_train_plantDoc_train_Corn_rust_leaf_020191.jpg,Corn_rust_leaf,train
"train/Bell_Pepper_Healthy/PlantVillage_train_PlantVillage_train_Pepper,_bell___healthy_038463.jpg",Bell_Pepper_Healthy,train
train/Corn_(maize)_Northern_Leaf_Blight/PlantVillage_train_PlantVillage_train_Corn_(maize)___Northern_Leaf_Blight_027793.jpg,Corn_(maize)_Northern_Leaf_Blight,train
train/Rice_Healthy/rice-leaf-disease-riceguard_train_rice-leaf-disease-riceguard_train_healthy_080704.jpeg,Rice_Healthy,train
train/Rice_Leaf_Folder/rice-leaf-disease-riceguard_train_rice-leaf-disease-riceguard_train_leaf_folder_085687.jpg,Rice_Leaf_Folder,train
test/Grape_Esca_(Black_Measles)/PlantVillage_test_PlantVillage_train_Grape___Esca_(Black_Measles)_028798.jpg,Grape_Esca_(Black_Measles),test
test/Rice_Insect_Damage/rice-leaf-disease-riceguard_test_rice-leaf-disease-riceguard_test_insect_074933.jpg,Rice_Insect_Damage,test
test/Tomato_Mosaic_Virus/PlantVillage_test_PlantVillage_train_Tomato___Tomato_mosaic_virus_058497.jpg,Tomato_Mosaic_Virus,test
train/Rice_Healthy/rice-leaf-disease-riceguard_train_rice-leaf-disease-riceguard_train_healthy_082680.jpg,Rice_Healthy,train
train/Apple_Black_Rot/Apple_Disease_Dataset_train_Apple_Disease_Dataset_train_Apple___Black_rot_004932.jpg,Apple_Black_Rot,train
val/Corn_(maize)_Common_rust_/PlantVillage_val_PlantVillage_val_Corn_(maize)___Common_rust__063777.jpg,Corn_(maize)_Common_rust_,val
val/Orange_Haunglongbing_(Citrus_greening)/PlantVillage_val_PlantVillage_val_Orange___Haunglongbing_(Citrus_greening)_065652.jpg,Orange_Haunglongbing_(Citrus_greening),val
train/Peach_Bacterial_spot/PlantVillage_train_PlantVillage_train_Peach___Bacterial_spot_035503.jpg,Peach_Bacterial_spot,train
train/Rice_Leaf_Folder/rice-leaf-disease-riceguard_train_rice-leaf-disease-riceguard_train_leaf_folder_084978.jpeg,Rice_Leaf_Folder,train
val/Rice_Blast/rice-leaf-disease-riceguard_val_rice-leaf-disease-riceguard_val_blast_089006.jpeg,Rice_Blast,val
train/Apple_Black_Rot/Apple_Disease_Dataset_train_Apple_Disease_Dataset_train_Apple___Black_rot_004501.jpg,Apple_Black_Rot,train
train/grape_leaf/plantDoc_train_plantDoc_train_grape_leaf_020272.jpg,grape_leaf,train
train/Strawberry_healthy/PlantVillage_train_PlantVillage_train_Strawberry___healthy_047405.jpg,Strawberry_healthy,train
val/Rice_Bacterial_Leaf_Stripe/rice-leaf-disease-riceguard_val_rice-leaf-disease-riceguard_val_stripes_091328.jpg,Rice_Bacterial_Leaf_Stripe,val
val/Rice_Insect_Damage/rice-leaf-disease-riceguard_val_rice-leaf-disease-riceguard_val_insect_090558.jpeg,Rice_Insect_Damage,val
val/Orange_Haunglongbing_(Citrus_greening)/PlantVillage_val_PlantVillage_val_Orange___Haunglongbing_(Citrus_greening)_065480.jpg,Orange_Haunglongbing_(Citrus_greening),val
train/Apple_Scab/Apple_Disease_Dataset_train_Apple_Disease_Dataset_train_Apple___Apple_scab_002417.jpg,Apple_Scab,train
test/Tomato_Early_Blight/plantDoc_test_plantDoc_test_Tomato_Early_blight_leaf_019266.jpg,Tomato_Early_Blight,test
train/Orange_Haunglongbing_(Citrus_greening)/PlantVillage_train_PlantVillage_train_Orange___Haunglongbing_(Citrus_greening)_033089.jpg,Orange_Haunglongbing_(Citrus_greening),train
train/Raspberry_leaf/plantDoc_train_plantDoc_train_Raspberry_leaf_020851.jpg,Raspberry_leaf,train
train/Rice_Scald/rice-leaf-disease-riceguard_train_rice-leaf-disease-riceguard_train_scald_085898.jpg,Rice_Scald,train
train/Corn_(maize)_Cercospora_leaf_spot_Gray_leaf_spot/PlantVillage_train_PlantVillage_train_Corn_(maize)___Cercospora_leaf_spot Gray_leaf_spot_025133.jpg,Corn_(maize)_Cercospora_leaf_spot_Gray_leaf_spot,train
test/Grape_Leaf_blight_(Isariopsis_Leaf_Spot)/PlantVillage_test_PlantVillage_train_Grape___Leaf_blight_(Isariopsis_Leaf_Spot)_030387.jpg,Grape_Leaf_blight_(Isariopsis_Leaf_Spot),test
train/Tomato_Yellow_Leaf_Curl_Virus/PlantVillage_train_PlantVillage_train_Tomato___Tomato_Yellow_Leaf_Curl_Virus_060391.jpg,Tomato_Yellow_Leaf_Curl_Virus,train
val/Rice_Tungro/rice-leaf-disease-riceguard_val_rice-leaf-disease-riceguard_val_tungro_091577.jpeg,Rice_Tungro,val
val/Corn_(maize)_Cercospora_leaf_spot_Gray_leaf_spot/PlantVillage_val_PlantVillage_val_Corn_(maize)___Cercospora_leaf_spot Gray_leaf_spot_063655.jpg,Corn_(maize)_Cercospora_leaf_spot_Gray_leaf_spot,val
test/Apple_Healthy/Apple_Disease_Dataset_test_Apple_Disease_Dataset_test_Apple___healthy_001510.jpg,Apple_Healthy,test
train/Rice_Bacterial_Leaf_Stripe/rice-leaf-disease-riceguard_train_rice-leaf-disease-riceguard_train_stripes_087048.jpeg,Rice_Bacterial_Leaf_Stripe,train
"train/Bell_Pepper_Bacterial_Spot/PlantVillage_train_PlantVillage_train_Pepper,_bell___Bacterial_spot_037906.jpg",Bell_Pepper_Bacterial_Spot,train
test/Rice_Bacterial_Leaf_Stripe/rice-leaf-disease-riceguard_test_rice-leaf-disease-riceguard_test_stripes_075536.jpeg,Rice_Bacterial_Leaf_Stripe,test
train/Rice_Leaf_Folder/rice-leaf-disease-riceguard_train_rice-leaf-disease-riceguard_train_leaf_folder_084686.jpeg,Rice_Leaf_Folder,train
val/Rice_Insect_Damage/rice-leaf-disease-riceguard_val_rice-leaf-disease-riceguard_val_insect_090354.jpeg,Rice_Insect_Damage,val
train/Rice_Blast/rice-leaf-disease-riceguard_train_rice-leaf-disease-riceguard_train_blast_075998.jpeg,Rice_Blast,train
train/Blueberry_leaf/plantDoc_train_plantDoc_train_Blueberry_leaf_019726.jpg,Blueberry_leaf,train
test/Tomato_Yellow_Leaf_Curl_Virus/PlantVillage_test_PlantVillage_train_Tomato___Tomato_Yellow_Leaf_Curl_Virus_061811.jpg,Tomato_Yellow_Leaf_Curl_Virus,test
val/Tomato_Yellow_Leaf_Curl_Virus/PlantVillage_val_PlantVillage_val_Tomato___Tomato_Yellow_Leaf_Curl_Virus_072092.jpg,Tomato_Yellow_Leaf_Curl_Virus,val
val/Orange_Haunglongbing_(Citrus_greening)/PlantVillage_val_PlantVillage_val_Orange___Haunglongbing_(Citrus_greening)_065618.jpg,Orange_Haunglongbing_(Citrus_greening),val
test/Rice_Blast/rice-leaf-disease-riceguard_test_rice-leaf-disease-riceguard_test_blast_073866.jpg,Rice_Blast,test
train/Rice_Leaf_Folder/rice-leaf-disease-riceguard_train_rice-leaf-disease-riceguard_train_leaf_folder_084439.jpeg,Rice_Leaf_Folder,train
train/Rice_Blast/rice-leaf-disease-riceguard_train_rice-leaf-disease-riceguard_train_blast_076689.jpeg,Rice_Blast,train
"train/Bell_Pepper_Healthy/PlantVillage_train_PlantVillage_train_Pepper,_bell___healthy_039305.jpg",Bell_Pepper_Healthy,train
val/Corn_(maize)_Cercospora_leaf_spot_Gray_leaf_spot/PlantVillage_val_PlantVillage_val_Corn_(maize)___Cercospora_leaf_spot Gray_leaf_spot_063618.jpg,Corn_(maize)_Cercospora_leaf_spot_Gray_leaf_spot,val
test/Corn_(maize)_Northern_Leaf_Blight/PlantVillage_test_PlantVillage_train_Corn_(maize)___Northern_Leaf_Blight_027367.jpg,Corn_(maize)_Northern_Leaf_Blight,test
val/Tomato_Target_Spot/PlantVillage_val_PlantVillage_val_Tomato___Target_Spot_071849.jpg,Tomato_Target_Spot,val
val/Tomato_Septoria_Leaf_Spot/PlantVillage_val_PlantVillage_val_Tomato___Septoria_leaf_spot_071039.jpg,Tomato_Septoria_Leaf_Spot,val
train/Tomato_Leaf_Mold/PlantVillage_train_PlantVillage_train_Tomato___Leaf_Mold_054031.jpg,Tomato_Leaf_Mold,train
val/Grape_healthy/PlantVillage_val_PlantVillage_val_Grape___healthy_064942.jpg,Grape_healthy,val
train/Rice_Healthy/rice-leaf-disease-riceguard_train_rice-leaf-disease-riceguard_train_healthy_082044.jpeg,Rice_Healthy,train
val/Tomato_Yellow_Leaf_Curl_Virus/PlantVillage_val_PlantVillage_val_Tomato___Tomato_Yellow_Leaf_Curl_Virus_073127.jpg,Tomato_Yellow_Leaf_Curl_Virus,val
test/Rice_Scald/rice-leaf-disease-riceguard_test_rice-leaf-disease-riceguard_test_scald_075301.jpg,Rice_Scald,test
train/Cassava_Green_Mite/Cassava_train_Cassava_train_cgm_015372.jpg,Cassava_Green_Mite,train
val/Tomato_Spider_Mites/PlantVillage_val_PlantVillage_val_Tomato___Spider_mites Two-spotted_spider_mite_071425.jpg,Tomato_Spider_Mites,val
train/Corn_(maize)_Cercospora_leaf_spot_Gray_leaf_spot/PlantVillage_train_PlantVillage_train_Corn_(maize)___Cercospora_leaf_spot Gray_leaf_spot_024778.jpg,Corn_(maize)_Cercospora_leaf_spot_Gray_leaf_spot,train
val/Cassava_Green_Mite/Cassava_val_Cassava_train_cgm_015715.jpg,Cassava_Green_Mite,val
val/Tomato_Yellow_Leaf_Curl_Virus/PlantVillage_val_PlantVillage_val_Tomato___Tomato_Yellow_Leaf_Curl_Virus_072958.jpg,Tomato_Yellow_Leaf_Curl_Virus,val
train/Peach_leaf/plantDoc_train_plantDoc_train_Peach_leaf_020424.jpg,Peach_leaf,train
val/Corn_Gray_leaf_spot/plantDoc_val_plantDoc_train_Corn_Gray_leaf_spot_019922.jpg,Corn_Gray_leaf_spot,val
val/Tomato_Septoria_Leaf_Spot/PlantVillage_val_PlantVillage_val_Tomato___Septoria_leaf_spot_071332.jpg,Tomato_Septoria_Leaf_Spot,val
val/Rice_Insect_Damage/rice-leaf-disease-riceguard_val_rice-leaf-disease-riceguard_val_insect_090433.jpeg,Rice_Insect_Damage,val
test/Tomato_Septoria_Leaf_Spot/PlantVillage_test_PlantVillage_train_Tomato___Septoria_leaf_spot_055123.jpg,Tomato_Septoria_Leaf_Spot,test
val/Blueberry_healthy/PlantVillage_val_PlantVillage_val_Blueberry___healthy_063134.jpg,Blueberry_healthy,val
val/Tomato_Target_Spot/PlantVillage_val_PlantVillage_val_Tomato___Target_Spot_071963.jpg,Tomato_Target_Spot,val
val/Rice_Healthy/rice-leaf-disease-riceguard_val_rice-leaf-disease-riceguard_val_healthy_090330.jpg,Rice_Healthy,val
train/Blueberry_leaf/plantDoc_train_plantDoc_train_Blueberry_leaf_019748.jpg,Blueberry_leaf,train
train/Soybean_healthy/PlantVillage_train_PlantVillage_train_Soybean___healthy_043527.jpg,Soybean_healthy,train
train/Orange_Haunglongbing_(Citrus_greening)/PlantVillage_train_PlantVillage_train_Orange___Haunglongbing_(Citrus_greening)_032843.jpg,Orange_Haunglongbing_(Citrus_greening),train
train/Tomato_Mosaic_Virus/PlantVillage_train_PlantVillage_train_Tomato___Tomato_mosaic_virus_058382.jpg,Tomato_Mosaic_Virus,train
val/Rice_Blast/rice-leaf-disease-riceguard_val_rice-leaf-disease-riceguard_val_blast_089023.jpeg,Rice_Blast,val
train/Tomato_Bacterial_Spot/PlantVillage_train_PlantVillage_train_Tomato___Bacterial_spot_049844.jpg,Tomato_Bacterial_Spot,train
"train/Bell_Pepper_Bacterial_Spot/PlantVillage_train_PlantVillage_train_Pepper,_bell___Bacterial_spot_038200.jpg",Bell_Pepper_Bacterial_Spot,train
train/Apple_Black_Rot/Apple_Disease_Dataset_train_Apple_Disease_Dataset_train_Apple___Black_rot_005856.jpg,Apple_Black_Rot,train
train/grape_leaf_black_rot/plantDoc_train_plantDoc_train_grape_leaf_black_rot_020295.jpg,grape_leaf_black_rot,train
val/Corn_(maize)_Cercospora_leaf_spot_Gray_leaf_spot/PlantVillage_val_PlantVillage_val_Corn_(maize)___Cercospora_leaf_spot Gray_leaf_spot_063628.jpg,Corn_(maize)_Cercospora_leaf_spot_Gray_leaf_spot,val
train/Tomato_Yellow_Leaf_Curl_Virus/PlantVillage_train_PlantVillage_train_Tomato___Tomato_Yellow_Leaf_Curl_Virus_062897.jpg,Tomato_Yellow_Leaf_Curl_Virus,train
train/Cassava_Green_Mite/Cassava_train_Cassava_train_cgm_015737.jpg,Cassava_Green_Mite,train
train/Soyabean_leaf/plantDoc_train_plantDoc_train_Soyabean_leaf_020965.jpg,Soyabean_leaf,train
test/Squash_Powdery_mildew/PlantVillage_test_PlantVillage_train_Squash___Powdery_mildew_045979.jpg,Squash_Powdery_mildew,test
train/Tomato_Yellow_Leaf_Curl_Virus/PlantVillage_train_PlantVillage_train_Tomato___Tomato_Yellow_Leaf_Curl_Virus_059211.jpg,Tomato_Yellow_Leaf_Curl_Virus,train
train/Rice_Insect_Damage/rice-leaf-disease-riceguard_train_rice-leaf-disease-riceguard_train_insect_084124.jpeg,Rice_Insect_Damage,train
train/Peach_Bacterial_spot/PlantVillage_train_PlantVillage_train_Peach___Bacterial_spot_035506.jpg,Peach_Bacterial_spot,train
train/Tomato_Late_Blight/PlantVillage_train_PlantVillage_train_Tomato___Late_blight_052629.jpg,Tomato_Late_Blight,train
train/Cassava_Bacterial_Blight/Cassava_train_Cassava_train_cbb_013815.jpg,Cassava_Bacterial_Blight,train
train/Apple_Healthy/Apple_Disease_Dataset_train_Apple_Disease_Dataset_train_Apple___healthy_008143.jpg,Apple_Healthy,train
train/Orange_Haunglongbing_(Citrus_greening)/PlantVillage_train_PlantVillage_train_Orange___Haunglongbing_(Citrus_greening)_035455.jpg,Orange_Haunglongbing_(Citrus_greening),train
train/Orange_Haunglongbing_(Citrus_greening)/PlantVillage_train_PlantVillage_train_Orange___Haunglongbing_(Citrus_greening)_034203.jpg,Orange_Haunglongbing_(Citrus_greening),train
train/Cassava_Healthy/Cassava_train_Cassava_train_healthy_018787.jpg,Cassava_Healthy,train
train/Cassava_Brown_Streak_Disease/Cassava_train_Cassava_train_cbsd_014775.jpg,Cassava_Brown_Streak_Disease,train
val/Tomato_Septoria_Leaf_Spot/PlantVillage_val_PlantVillage_val_Tomato___Septoria_leaf_spot_071152.jpg,Tomato_Septoria_Leaf_Spot,val
train/Cassava_Green_Mite/Cassava_train_Cassava_train_cgm_015585.jpg,Cassava_Green_Mite,train
train/Raspberry_healthy/PlantVillage_train_PlantVillage_train_Raspberry___healthy_041404.jpg,Raspberry_healthy,train
train/Apple_Cedar_Apple_Rust/Apple_Disease_Dataset_train_Apple_Disease_Dataset_train_Apple___Cedar_apple_rust_006443.jpg,Apple_Cedar_Apple_Rust,train
train/Apple_Cedar_Apple_Rust/Apple_Disease_Dataset_train_Apple_Disease_Dataset_train_Apple___Cedar_apple_rust_005985.jpg,Apple_Cedar_Apple_Rust,train
val/Corn_(maize)_healthy/PlantVillage_val_PlantVillage_val_Corn_(maize)___healthy_063998.jpg,Corn_(maize)_healthy,val
train/Apple_Scab/Apple_Disease_Dataset_train_Apple_Disease_Dataset_train_Apple___Apple_scab_003350.jpg,Apple_Scab,train
train/Raspberry_leaf/plantDoc_train_plantDoc_train_Raspberry_leaf_020879.jpg,Raspberry_leaf,train
train/Tomato_Early_Blight/PlantVillage_train_PlantVillage_train_Tomato___Early_blight_050297.jpg,Tomato_Early_Blight,train
train/Tomato_Yellow_Leaf_Curl_Virus/PlantVillage_train_PlantVillage_train_Tomato___Tomato_Yellow_Leaf_Curl_Virus_062565.jpg,Tomato_Yellow_Leaf_Curl_Virus,train
val/Corn_(maize)_Cercospora_leaf_spot_Gray_leaf_spot/PlantVillage_val_PlantVillage_val_Corn_(maize)___Cercospora_leaf_spot Gray_leaf_spot_063598.jpg,Corn_(maize)_Cercospora_leaf_spot_Gray_leaf_spot,val
train/Rice_Insect_Damage/rice-leaf-disease-riceguard_train_rice-leaf-disease-riceguard_train_insect_084345.jpg,Rice_Insect_Damage,train
train/Cherry_(including_sour)_Powdery_mildew/PlantVillage_train_PlantVillage_train_Cherry_(including_sour)___Powdery_mildew_024624.jpg,Cherry_(including_sour)_Powdery_mildew,train
train/Tomato_Spider_Mites/PlantVillage_train_PlantVillage_train_Tomato___Spider_mites Two-spotted_spider_mite_056117.jpg,Tomato_Spider_Mites,train
train/Strawberry_Leaf_scorch/PlantVillage_train_PlantVillage_train_Strawberry___Leaf_scorch_048163.jpg,Strawberry_Leaf_scorch,train
test/Soybean_healthy/PlantVillage_test_PlantVillage_train_Soybean___healthy_045501.jpg,Soybean_healthy,test
train/Corn_(maize)_Cercospora_leaf_spot_Gray_leaf_spot/PlantVillage_train_PlantVillage_train_Corn_(maize)___Cercospora_leaf_spot Gray_leaf_spot_024848.jpg,Corn_(maize)_Cercospora_leaf_spot_Gray_leaf_spot,train
train/Tomato_Healthy/PlantVillage_train_PlantVillage_train_Tomato___healthy_051828.jpg,Tomato_Healthy,train
train/Tomato_Target_Spot/PlantVillage_train_PlantVillage_train_Tomato___Target_Spot_057900.jpg,Tomato_Target_Spot,train
val/Soybean_healthy/PlantVillage_val_PlantVillage_val_Soybean___healthy_068137.jpg,Soybean_healthy,val
train/Tomato_Leaf_Mold/PlantVillage_train_PlantVillage_train_Tomato___Leaf_Mold_054089.jpg,Tomato_Leaf_Mold,train
train/Tomato_Healthy/PlantVillage_train_PlantVillage_train_Tomato___healthy_051024.jpg,Tomato_Healthy,train
test/Rice_Scald/rice-leaf-disease-riceguard_test_rice-leaf-disease-riceguard_test_scald_075248.jpg,Rice_Scald,test
train/Rice_Scald/rice-leaf-disease-riceguard_train_rice-leaf-disease-riceguard_train_scald_085840.jpg,Rice_Scald,train
train/Tomato_Spider_Mites/PlantVillage_train_PlantVillage_train_Tomato___Spider_mites Two-spotted_spider_mite_055945.jpg,Tomato_Spider_Mites,train
train/Rice_Insect_Damage/rice-leaf-disease-riceguard_train_rice-leaf-disease-riceguard_train_insect_083033.jpeg,Rice_Insect_Damage,train
train/Apple_Healthy/Apple_Disease_Dataset_train_Apple_Disease_Dataset_train_Apple___healthy_008986.jpg,Apple_Healthy,train
train/Grape_Leaf_blight_(Isariopsis_Leaf_Spot)/PlantVillage_train_PlantVillage_train_Grape___Leaf_blight_(Isariopsis_Leaf_Spot)_031024.jpg,Grape_Leaf_blight_(Isariopsis_Leaf_Spot),train
val/Potato_Late_Blight/PlantVillage_val_PlantVillage_val_Potato___Late_blight_067700.jpg,Potato_Late_Blight,val
train/Orange_Haunglongbing_(Citrus_greening)/PlantVillage_train_PlantVillage_train_Orange___Haunglongbing_(Citrus_greening)_033465.jpg,Orange_Haunglongbing_(Citrus_greening),train
train/Orange_Haunglongbing_(Citrus_greening)/PlantVillage_train_PlantVillage_train_Orange___Haunglongbing_(Citrus_greening)_031245.jpg,Orange_Haunglongbing_(Citrus_greening),train
train/Grape_healthy/PlantVillage_train_PlantVillage_train_Grape___healthy_029999.jpg,Grape_healthy,train
train/Tomato_Target_Spot/PlantVillage_train_PlantVillage_train_Tomato___Target_Spot_057970.jpg,Tomato_Target_Spot,train
train/Apple_Healthy/Apple_Disease_Dataset_train_Apple_Disease_Dataset_train_Apple___healthy_009313.jpg,Apple_Healthy,train
train/Cassava_Brown_Streak_Disease/Cassava_train_Cassava_train_cbsd_014503.jpg,Cassava_Brown_Streak_Disease,train
val/Rice_Healthy/rice-leaf-disease-riceguard_val_rice-leaf-disease-riceguard_val_healthy_089976.jpeg,Rice_Healthy,val
train/Tomato_Yellow_Leaf_Curl_Virus/PlantVillage_train_PlantVillage_train_Tomato___Tomato_Yellow_Leaf_Curl_Virus_058652.jpg,Tomato_Yellow_Leaf_Curl_Virus,train
train/Soyabean_leaf/plantDoc_train_plantDoc_train_Soyabean_leaf_020955.jpg,Soyabean_leaf,train
train/Cherry_(including_sour)_healthy/PlantVillage_train_PlantVillage_train_Cherry_(including_sour)___healthy_023794.jpg,Cherry_(including_sour)_healthy,train
test/Tomato_Mosaic_Virus/PlantVillage_test_PlantVillage_train_Tomato___Tomato_mosaic_virus_058558.jpg,Tomato_Mosaic_Virus,test
train/Soybean_healthy/PlantVillage_train_PlantVillage_train_Soybean___healthy_045364.jpg,Soybean_healthy,train
val/Tomato_Healthy/PlantVillage_val_PlantVillage_val_Tomato___healthy_070310.jpg,Tomato_Healthy,val
train/Peach_Bacterial_spot/PlantVillage_train_PlantVillage_train_Peach___Bacterial_spot_036338.jpg,Peach_Bacterial_spot,train
train/Soyabean_leaf/plantDoc_train_plantDoc_train_Soyabean_leaf_020930.jpg,Soyabean_leaf,train
train/Peach_Bacterial_spot/PlantVillage_train_PlantVillage_train_Peach___Bacterial_spot_036181.jpg,Peach_Bacterial_spot,train
test/Orange_Haunglongbing_(Citrus_greening)/PlantVillage_test_PlantVillage_train_Orange___Haunglongbing_(Citrus_greening)_031942.jpg,Orange_Haunglongbing_(Citrus_greening),test
train/Corn_(maize)_healthy/PlantVillage_train_PlantVillage_train_Corn_(maize)___healthy_026561.jpg,Corn_(maize)_healthy,train
train/Cassava_Bacterial_Blight/Cassava_train_Cassava_train_cbb_013490.jpg,Cassava_Bacterial_Blight,train
test/Cassava_Brown_Streak_Disease/Cassava_test_Cassava_train_cbsd_015226.jpg,Cassava_Brown_Streak_Disease,test
train/Squash_Powdery_mildew/PlantVillage_train_PlantVillage_train_Squash___Powdery_mildew_047030.jpg,Squash_Powdery_mildew,train
train/Strawberry_leaf/plantDoc_train_plantDoc_train_Strawberry_leaf_021133.jpg,Strawberry_leaf,train
train/Apple_Black_Rot/Apple_Disease_Dataset_train_Apple_Disease_Dataset_train_Apple___Black_rot_004083.jpg,Apple_Black_Rot,train
train/Rice_Healthy/rice-leaf-disease-riceguard_train_rice-leaf-disease-riceguard_train_healthy_079653.jpeg,Rice_Healthy,train
val/Rice_Scald/rice-leaf-disease-riceguard_val_rice-leaf-disease-riceguard_val_scald_091032.jpg,Rice_Scald,val
train/Orange_Haunglongbing_(Citrus_greening)/PlantVillage_train_PlantVillage_train_Orange___Haunglongbing_(Citrus_greening)_033568.jpg,Orange_Haunglongbing_(Citrus_greening),train
train/Squash_Powdery_mildew/PlantVillage_train_PlantVillage_train_Squash___Powdery_mildew_046144.jpg,Squash_Powdery_mildew,train
train/Tomato_Target_Spot/PlantVillage_train_PlantVillage_train_Tomato___Target_Spot_057744.jpg,Tomato_Target_Spot,train
train/Cassava_Healthy/Cassava_train_Cassava_train_healthy_018922.jpg,Cassava_Healthy,train
test/Grape_Esca_(Black_Measles)/PlantVillage_test_PlantVillage_train_Grape___Esca_(Black_Measles)_029630.jpg,Grape_Esca_(Black_Measles),test
val/Rice_Leaf_Folder/rice-leaf-disease-riceguard_val_rice-leaf-disease-riceguard_val_leaf_folder_090835.jpeg,Rice_Leaf_Folder,val
train/Peach_Bacterial_spot/PlantVillage_train_PlantVillage_train_Peach___Bacterial_spot_036781.jpg,Peach_Bacterial_spot,train
train/Cherry_(including_sour)_Powdery_mildew/PlantVillage_train_PlantVillage_train_Cherry_(including_sour)___Powdery_mildew_024675.jpg,Cherry_(including_sour)_Powdery_mildew,train
test/Cassava_Mosaic_Disease/Cassava_test_Cassava_train_cmd_017995.jpg,Cassava_Mosaic_Disease,test
train/Raspberry_leaf/plantDoc_train_plantDoc_train_Raspberry_leaf_020844.jpg,Raspberry_leaf,train
train/Apple_Cedar_Apple_Rust/Apple_Disease_Dataset_train_Apple_Disease_Dataset_train_Apple___Cedar_apple_rust_006370.jpg,Apple_Cedar_Apple_Rust,train
val/Rice_Healthy/rice-leaf-disease-riceguard_val_rice-leaf-disease-riceguard_val_healthy_089985.jpeg,Rice_Healthy,val
train/Rice_Leaf_Folder/rice-leaf-disease-riceguard_train_rice-leaf-disease-riceguard_train_leaf_folder_084932.jpeg,Rice_Leaf_Folder,train
train/Corn_(maize)_Northern_Leaf_Blight/PlantVillage_train_PlantVillage_train_Corn_(maize)___Northern_Leaf_Blight_027809.jpg,Corn_(maize)_Northern_Leaf_Blight,train
train/Rice_Bacterial_Leaf_Stripe/rice-leaf-disease-riceguard_train_rice-leaf-disease-riceguard_train_stripes_086477.jpeg,Rice_Bacterial_Leaf_Stripe,train
train/Cassava_Bacterial_Blight/Cassava_train_Cassava_train_cbb_013525.jpg,Cassava_Bacterial_Blight,train
val/Tomato_Target_Spot/PlantVillage_val_PlantVillage_val_Tomato___Target_Spot_071981.jpg,Tomato_Target_Spot,val
test/Rice_Insect_Damage/rice-leaf-disease-riceguard_test_rice-leaf-disease-riceguard_test_insect_074655.jpeg,Rice_Insect_Damage,test
train/Soybean_healthy/PlantVillage_train_PlantVillage_train_Soybean___healthy_044728.jpg,Soybean_healthy,train
train/Rice_Leaf_Folder/rice-leaf-disease-riceguard_train_rice-leaf-disease-riceguard_train_leaf_folder_084688.jpeg,Rice_Leaf_Folder,train
train/Apple_Healthy/Apple_Disease_Dataset_train_Apple_Disease_Dataset_train_Apple___healthy_008925.jpg,Apple_Healthy,train
test/grape_leaf/plantDoc_test_plantDoc_test_grape_leaf_019191.jpg,grape_leaf,test
train/Apple_Scab/Apple_Disease_Dataset_train_Apple_Disease_Dataset_train_Apple___Apple_scab_003189.jpg,Apple_Scab,train
train/Tomato_Target_Spot/PlantVillage_train_PlantVillage_train_Tomato___Target_Spot_057441.jpg,Tomato_Target_Spot,train
train/Potato_Early_Blight/PlantVillage_train_PlantVillage_train_Potato___Early_blight_040339.jpg,Potato_Early_Blight,train
train/Rice_Blast/rice-leaf-disease-riceguard_train_rice-leaf-disease-riceguard_train_blast_077347.jpeg,Rice_Blast,train
val/Orange_Haunglongbing_(Citrus_greening)/PlantVillage_val_PlantVillage_val_Orange___Haunglongbing_(Citrus_greening)_065668.jpg,Orange_Haunglongbing_(Citrus_greening),val
train/Rice_Tungro/rice-leaf-disease-riceguard_train_rice-leaf-disease-riceguard_train_tungro_088057.jpeg,Rice_Tungro,train
train/Blueberry_leaf/plantDoc_train_plantDoc_train_Blueberry_leaf_019736.jpg,Blueberry_leaf,train
train/Cassava_Healthy/Cassava_train_Cassava_train_healthy_018815.jpg,Cassava_Healthy,train
val/Tomato_Leaf_Mold/PlantVillage_val_PlantVillage_val_Tomato___Leaf_Mold_070883.jpg,Tomato_Leaf_Mold,val
train/Tomato_Leaf_Mold/PlantVillage_train_PlantVillage_train_Tomato___Leaf_Mold_053845.jpg,Tomato_Leaf_Mold,train
train/Peach_healthy/PlantVillage_train_PlantVillage_train_Peach___healthy_037509.jpg,Peach_healthy,train
test/Cassava_Mosaic_Disease/Cassava_test_Cassava_train_cmd_018728.jpg,Cassava_Mosaic_Disease,test
train/Rice_Leaf_Folder/rice-leaf-disease-riceguard_train_rice-leaf-disease-riceguard_train_leaf_folder_085670.jpg,Rice_Leaf_Folder,train
train/Grape_Esca_(Black_Measles)/PlantVillage_train_PlantVillage_train_Grape___Esca_(Black_Measles)_029121.jpg,Grape_Esca_(Black_Measles),train
val/Tomato_Late_Blight/PlantVillage_val_PlantVillage_val_Tomato___Late_blight_070587.jpg,Tomato_Late_Blight,val
train/Apple_Healthy/Apple_Disease_Dataset_train_Apple_Disease_Dataset_train_Apple___healthy_009631.jpg,Apple_Healthy,train
train/Rice_Bacterial_Leaf_Stripe/rice-leaf-disease-riceguard_train_rice-leaf-disease-riceguard_train_stripes_086207.jpeg,Rice_Bacterial_Leaf_Stripe,train
val/Corn_(maize)_Common_rust_/PlantVillage_val_PlantVillage_val_Corn_(maize)___Common_rust__063896.jpg,Corn_(maize)_Common_rust_,val
train/Grape_Esca_(Black_Measles)/PlantVillage_train_PlantVillage_train_Grape___Esca_(Black_Measles)_029390.jpg,Grape_Esca_(Black_Measles),train
train/Cassava_Mosaic_Disease/Cassava_train_Cassava_train_cmd_016259.jpg,Cassava_Mosaic_Disease,train
train/Raspberry_healthy/PlantVillage_train_PlantVillage_train_Raspberry___healthy_041435.jpg,Raspberry_healthy,train
train/Apple_Healthy/Apple_Disease_Dataset_train_Apple_Disease_Dataset_train_Apple___healthy_008805.jpg,Apple_Healthy,train
train/Squash_Powdery_mildew/PlantVillage_train_PlantVillage_train_Squash___Powdery_mildew_045723.jpg,Squash_Powdery_mildew,train
train/Apple_Cedar_Apple_Rust/Apple_Disease_Dataset_train_Apple_Disease_Dataset_train_Apple___Cedar_apple_rust_007532.jpg,Apple_Cedar_Apple_Rust,train
train/Blueberry_healthy/PlantVillage_train_PlantVillage_train_Blueberry___healthy_022044.jpg,Blueberry_healthy,train
val/Rice_Tungro/rice-leaf-disease-riceguard_val_rice-leaf-disease-riceguard_val_tungro_091595.jpeg,Rice_Tungro,val
test/Cherry_(including_sour)_Powdery_mildew/PlantVillage_test_PlantVillage_train_Cherry_(including_sour)___Powdery_mildew_024009.jpg,Cherry_(including_sour)_Powdery_mildew,test
train/Cassava_Brown_Streak_Disease/Cassava_train_Cassava_train_cbsd_015070.jpg,Cassava_Brown_Streak_Disease,train
train/Cassava_Healthy/Cassava_train_Cassava_train_healthy_018820.jpg,Cassava_Healthy,train
train/Tomato_Yellow_Leaf_Curl_Virus/plantDoc_train_plantDoc_train_Tomato_leaf_yellow_virus_021738.jpg,Tomato_Yellow_Leaf_Curl_Virus,train
train/Corn_(maize)_healthy/PlantVillage_train_PlantVillage_train_Corn_(maize)___healthy_026818.jpg,Corn_(maize)_healthy,train
train/Strawberry_leaf/plantDoc_train_plantDoc_train_Strawberry_leaf_021171.jpg,Strawberry_leaf,train
train/Peach_Bacterial_spot/PlantVillage_train_PlantVillage_train_Peach___Bacterial_spot_036645.jpg,Peach_Bacterial_spot,train
train/Rice_Blast/rice-leaf-disease-riceguard_train_rice-leaf-disease-riceguard_train_blast_077150.jpeg,Rice_Blast,train
train/Blueberry_healthy/PlantVillage_train_PlantVillage_train_Blueberry___healthy_022520.jpg,Blueberry_healthy,train
train/Cassava_Mosaic_Disease/Cassava_train_Cassava_train_cmd_017498.jpg,Cassava_Mosaic_Disease,train
train/Apple_Black_Rot/Apple_Disease_Dataset_train_Apple_Disease_Dataset_train_Apple___Black_rot_005029.jpg,Apple_Black_Rot,train
train/Apple_Healthy/Apple_Disease_Dataset_train_Apple_Disease_Dataset_train_Apple___healthy_009380.jpg,Apple_Healthy,train
val/Peach_Bacterial_spot/PlantVillage_val_PlantVillage_val_Peach___Bacterial_spot_066351.jpg,Peach_Bacterial_spot,val
test/Tomato_Yellow_Leaf_Curl_Virus/PlantVillage_test_PlantVillage_train_Tomato___Tomato_Yellow_Leaf_Curl_Virus_062126.jpg,Tomato_Yellow_Leaf_Curl_Virus,test
train/Grape_healthy/PlantVillage_train_PlantVillage_train_Grape___healthy_029949.jpg,Grape_healthy,train
train/Soybean_healthy/PlantVillage_train_PlantVillage_train_Soybean___healthy_045079.jpg,Soybean_healthy,train
val/Tomato_Yellow_Leaf_Curl_Virus/PlantVillage_val_PlantVillage_val_Tomato___Tomato_Yellow_Leaf_Curl_Virus_072966.jpg,Tomato_Yellow_Leaf_Curl_Virus,val
train/Cherry_(including_sour)_healthy/PlantVillage_train_PlantVillage_train_Cherry_(including_sour)___healthy_023569.jpg,Cherry_(including_sour)_healthy,train
train/Orange_Haunglongbing_(Citrus_greening)/PlantVillage_train_PlantVillage_train_Orange___Haunglongbing_(Citrus_greening)_033285.jpg,Orange_Haunglongbing_(Citrus_greening),train
train/Tomato_Early_Blight/PlantVillage_train_PlantVillage_train_Tomato___Early_blight_050582.jpg,Tomato_Early_Blight,train
train/Tomato_Yellow_Leaf_Curl_Virus/PlantVillage_train_PlantVillage_train_Tomato___Tomato_Yellow_Leaf_Curl_Virus_060884.jpg,Tomato_Yellow_Leaf_Curl_Virus,train
train/Soybean_healthy/PlantVillage_train_PlantVillage_train_Soybean___healthy_044543.jpg,Soybean_healthy,train
train/Tomato_Spider_Mites/PlantVillage_train_PlantVillage_train_Tomato___Spider_mites Two-spotted_spider_mite_056051.jpg,Tomato_Spider_Mites,train
train/grape_leaf_black_rot/plantDoc_train_plantDoc_train_grape_leaf_black_rot_020338.jpg,grape_leaf_black_rot,train
val/Tomato_Early_Blight/PlantVillage_val_PlantVillage_val_Tomato___Early_blight_070087.jpg,Tomato_Early_Blight,val
train/Apple_Scab/Apple_Disease_Dataset_train_Apple_Disease_Dataset_train_Apple___Apple_scab_002600.jpg,Apple_Scab,train
train/Tomato_Leaf_Mold/PlantVillage_train_PlantVillage_train_Tomato___Leaf_Mold_054434.jpg,Tomato_Leaf_Mold,train
train/Tomato_Spider_Mites/PlantVillage_train_PlantVillage_train_Tomato___Spider_mites Two-spotted_spider_mite_056514.jpg,Tomato_Spider_Mites,train
"val/Bell_Pepper_Bacterial_Spot/PlantVillage_val_PlantVillage_val_Pepper,_bell___Bacterial_spot_066812.jpg",Bell_Pepper_Bacterial_Spot,val
train/Tomato_Target_Spot/PlantVillage_train_PlantVillage_train_Tomato___Target_Spot_057969.jpg,Tomato_Target_Spot,train
train/Soybean_healthy/PlantVillage_train_PlantVillage_train_Soybean___healthy_042813.jpg,Soybean_healthy,train
train/Apple_Cedar_Apple_Rust/Apple_Disease_Dataset_train_Apple_Disease_Dataset_train_Apple___Cedar_apple_rust_006739.jpg,Apple_Cedar_Apple_Rust,train
train/Corn_(maize)_Common_rust_/PlantVillage_train_PlantVillage_train_Corn_(maize)___Common_rust__025553.jpg,Corn_(maize)_Common_rust_,train
train/Soybean_healthy/PlantVillage_train_PlantVillage_train_Soybean___healthy_045290.jpg,Soybean_healthy,train
train/Rice_Blast/rice-leaf-disease-riceguard_train_rice-leaf-disease-riceguard_train_blast_076124.jpeg,Rice_Blast,train
train/Tomato_Bacterial_Spot/PlantVillage_train_PlantVillage_train_Tomato___Bacterial_spot_049583.jpg,Tomato_Bacterial_Spot,train
train/Grape_healthy/PlantVillage_train_PlantVillage_train_Grape___healthy_029990.jpg,Grape_healthy,train
train/Tomato_Septoria_Leaf_Spot/PlantVillage_train_PlantVillage_train_Tomato___Septoria_leaf_spot_054828.jpg,Tomato_Septoria_Leaf_Spot,train
val/Rice_Blast/rice-leaf-disease-riceguard_val_rice-leaf-disease-riceguard_val_blast_089427.jpeg,Rice_Blast,val
train/Rice_Healthy/rice-leaf-disease-riceguard_train_rice-leaf-disease-riceguard_train_healthy_082216.jpeg,Rice_Healthy,train
train/Cherry_(including_sour)_healthy/PlantVillage_train_PlantVillage_train_Cherry_(including_sour)___healthy_023373.jpg,Cherry_(including_sour)_healthy,train
train/Grape_Black_rot/PlantVillage_train_PlantVillage_train_Grape___Black_rot_028520.jpg,Grape_Black_rot,train
train/Rice_Tungro/rice-leaf-disease-riceguard_train_rice-leaf-disease-riceguard_train_tungro_087936.jpeg,Rice_Tungro,train
test/Soybean_healthy/PlantVillage_test_PlantVillage_train_Soybean___healthy_042292.jpg,Soybean_healthy,test
val/Rice_Blast/rice-leaf-disease-riceguard_val_rice-leaf-disease-riceguard_val_blast_089641.jpg,Rice_Blast,val
train/Grape_Leaf_blight_(Isariopsis_Leaf_Spot)/PlantVillage_train_PlantVillage_train_Grape___Leaf_blight_(Isariopsis_Leaf_Spot)_030341.jpg,Grape_Leaf_blight_(Isariopsis_Leaf_Spot),train
train/Squash_Powdery_mildew_leaf/plantDoc_train_plantDoc_train_Squash_Powdery_mildew_leaf_021055.jpg,Squash_Powdery_mildew_leaf,train
train/Rice_Tungro/rice-leaf-disease-riceguard_train_rice-leaf-disease-riceguard_train_tungro_088010.jpeg,Rice_Tungro,train
train/Rice_Tungro/rice-leaf-disease-riceguard_train_rice-leaf-disease-riceguard_train_tungro_088032.jpeg,Rice_Tungro,train
train/Soybean_healthy/PlantVillage_train_PlantVillage_train_Soybean___healthy_042872.jpg,Soybean_healthy,train
train/Soyabean_leaf/plantDoc_train_plantDoc_train_Soyabean_leaf_020963.jpg,Soyabean_leaf,train
"train/Bell_Pepper_Healthy/PlantVillage_train_PlantVillage_train_Pepper,_bell___healthy_039442.jpg",Bell_Pepper_Healthy,train
val/Rice_Healthy/rice-leaf-disease-riceguard_val_rice-leaf-disease-riceguard_val_healthy_089906.jpeg,Rice_Healthy,val
train/Tomato_Leaf_Mold/PlantVillage_train_PlantVillage_train_Tomato___Leaf_Mold_054122.jpg,Tomato_Leaf_Mold,train
test/Apple_Cedar_Apple_Rust/Apple_Disease_Dataset_test_Apple_Disease_Dataset_test_Apple___Cedar_apple_rust_001257.jpg,Apple_Cedar_Apple_Rust,test
val/Strawberry_Leaf_scorch/PlantVillage_val_PlantVillage_val_Strawberry___Leaf_scorch_069435.jpg,Strawberry_Leaf_scorch,val
train/Rice_Healthy/rice-leaf-disease-riceguard_train_rice-leaf-disease-riceguard_train_healthy_081790.jpeg,Rice_Healthy,train
train/Soybean_healthy/PlantVillage_train_PlantVillage_train_Soybean___healthy_042709.jpg,Soybean_healthy,train
train/Rice_Blast/rice-leaf-disease-riceguard_train_rice-leaf-disease-riceguard_train_blast_076722.jpeg,Rice_Blast,train
train/Cassava_Brown_Streak_Disease/Cassava_train_Cassava_train_cbsd_014602.jpg,Cassava_Brown_Streak_Disease,train
train/Grape_Black_rot/PlantVillage_train_PlantVillage_train_Grape___Black_rot_028109.jpg,Grape_Black_rot,train
test/Cassava_Mosaic_Disease/Cassava_test_Cassava_train_cmd_017502.jpg,Cassava_Mosaic_Disease,test
val/Rice_Leaf_Folder/rice-leaf-disease-riceguard_val_rice-leaf-disease-riceguard_val_leaf_folder_090701.jpeg,Rice_Leaf_Folder,val
train/grape_leaf_black_rot/plantDoc_train_plantDoc_train_grape_leaf_black_rot_020340.jpg,grape_leaf_black_rot,train
train/Peach_Bacterial_spot/PlantVillage_train_PlantVillage_train_Peach___Bacterial_spot_035674.jpg,Peach_Bacterial_spot,train
val/Tomato_Spider_Mites/PlantVillage_val_PlantVillage_val_Tomato___Spider_mites Two-spotted_spider_mite_071549.jpg,Tomato_Spider_Mites,val
train/Potato_Late_Blight/plantDoc_train_plantDoc_train_Potato_leaf_late_blight_020679.jpg,Potato_Late_Blight,train
test/Apple_Scab/plantDoc_test_plantDoc_test_Apple_Scab_Leaf_019116.jpg,Apple_Scab,test
train/Potato_Early_Blight/PlantVillage_train_PlantVillage_train_Potato___Early_blight_040007.jpg,Potato_Early_Blight,train
val/Apple_Healthy/Apple_Disease_Dataset_val_Apple_Disease_Dataset_train_Apple___healthy_007922.jpg,Apple_Healthy,val
train/Cassava_Brown_Streak_Disease/Cassava_train_Cassava_train_cbsd_014067.jpg,Cassava_Brown_Streak_Disease,train
test/Rice_Leaf_Folder/rice-leaf-disease-riceguard_test_rice-leaf-disease-riceguard_test_leaf_folder_075032.jpeg,Rice_Leaf_Folder,test
train/Tomato_Healthy/PlantVillage_train_PlantVillage_train_Tomato___healthy_052088.jpg,Tomato_Healthy,train
train/Tomato_Yellow_Leaf_Curl_Virus/plantDoc_train_plantDoc_train_Tomato_leaf_yellow_virus_021720.jpg,Tomato_Yellow_Leaf_Curl_Virus,train
train/Rice_Scald/rice-leaf-disease-riceguard_train_rice-leaf-disease-riceguard_train_scald_086001.jpg,Rice_Scald,train
train/Tomato_Early_Blight/PlantVillage_train_PlantVillage_train_Tomato___Early_blight_050469.jpg,Tomato_Early_Blight,train
val/Orange_Haunglongbing_(Citrus_greening)/PlantVillage_val_PlantVillage_val_Orange___Haunglongbing_(Citrus_greening)_065935.jpg,Orange_Haunglongbing_(Citrus_greening),val
val/Grape_Leaf_blight_(Isariopsis_Leaf_Spot)/PlantVillage_val_PlantVillage_val_Grape___Leaf_blight_(Isariopsis_Leaf_Spot)_065156.jpg,Grape_Leaf_blight_(Isariopsis_Leaf_Spot),val
train/Cassava_Bacterial_Blight/Cassava_train_Cassava_train_cbb_013554.jpg,Cassava_Bacterial_Blight,train
train/grape_leaf/plantDoc_train_plantDoc_train_grape_leaf_020245.jpg,grape_leaf,train
test/Rice_Blast/rice-leaf-disease-riceguard_test_rice-leaf-disease-riceguard_test_blast_073841.jpg,Rice_Blast,test
train/Apple_Black_Rot/Apple_Disease_Dataset_train_Apple_Disease_Dataset_train_Apple___Black_rot_004377.jpg,Apple_Black_Rot,train
train/Squash_Powdery_mildew/PlantVillage_train_PlantVillage_train_Squash___Powdery_mildew_045931.jpg,Squash_Powdery_mildew,train
test/Rice_Healthy/rice-leaf-disease-riceguard_test_rice-leaf-disease-riceguard_test_healthy_074223.jpeg,Rice_Healthy,test
val/Potato_Early_Blight/PlantVillage_val_PlantVillage_val_Potato___Early_blight_067484.jpg,Potato_Early_Blight,val
train/Tomato_Healthy/PlantVillage_train_PlantVillage_train_Tomato___healthy_051212.jpg,Tomato_Healthy,train
val/Tomato_Mosaic_Virus/PlantVillage_val_PlantVillage_val_Tomato___Tomato_mosaic_virus_072057.jpg,Tomato_Mosaic_Virus,val
train/Rice_Leaf_Folder/rice-leaf-disease-riceguard_train_rice-leaf-disease-riceguard_train_leaf_folder_084600.jpeg,Rice_Leaf_Folder,train
train/Rice_Blast/rice-leaf-disease-riceguard_train_rice-leaf-disease-riceguard_train_blast_079284.jpg,Rice_Blast,train
test/Rice_Healthy/rice-leaf-disease-riceguard_test_rice-leaf-disease-riceguard_test_healthy_074233.jpeg,Rice_Healthy,test
train/Grape_healthy/PlantVillage_train_PlantVillage_train_Grape___healthy_030063.jpg,Grape_healthy,train
train/Grape_healthy/PlantVillage_train_PlantVillage_train_Grape___healthy_029878.jpg,Grape_healthy,train
train/Rice_Bacterial_Leaf_Stripe/rice-leaf-disease-riceguard_train_rice-leaf-disease-riceguard_train_stripes_087400.jpg,Rice_Bacterial_Leaf_Stripe,train
train/Peach_healthy/PlantVillage_train_PlantVillage_train_Peach___healthy_037597.jpg,Peach_healthy,train
train/Potato_Early_Blight/PlantVillage_train_PlantVillage_train_Potato___Early_blight_039768.jpg,Potato_Early_Blight,train
train/Cassava_Healthy/Cassava_train_Cassava_train_healthy_018790.jpg,Cassava_Healthy,train
val/Rice_Healthy/rice-leaf-disease-riceguard_val_rice-leaf-disease-riceguard_val_healthy_090325.jpg,Rice_Healthy,val
train/Cherry_(including_sour)_Powdery_mildew/PlantVillage_train_PlantVillage_train_Cherry_(including_sour)___Powdery_mildew_024494.jpg,Cherry_(including_sour)_Powdery_mildew,train
train/Rice_Bacterial_Leaf_Stripe/rice-leaf-disease-riceguard_train_rice-leaf-disease-riceguard_train_stripes_086581.jpeg,Rice_Bacterial_Leaf_Stripe,train
train/Peach_Bacterial_spot/PlantVillage_train_PlantVillage_train_Peach___Bacterial_spot_035662.jpg,Peach_Bacterial_spot,train
train/Apple_Scab/Apple_Disease_Dataset_train_Apple_Disease_Dataset_train_Apple___Apple_scab_003267.jpg,Apple_Scab,train
train/Cassava_Green_Mite/Cassava_train_Cassava_train_cgm_016103.jpg,Cassava_Green_Mite,train
train/Cherry_leaf/plantDoc_train_plantDoc_train_Cherry_leaf_019860.jpg,Cherry_leaf,train
val/Apple_Scab/Apple_Disease_Dataset_val_Apple_Disease_Dataset_train_Apple___Apple_scab_002029.jpg,Apple_Scab,val
train/Orange_Haunglongbing_(Citrus_greening)/PlantVillage_train_PlantVillage_train_Orange___Haunglongbing_(Citrus_greening)_035278.jpg,Orange_Haunglongbing_(Citrus_greening),train
train/Cherry_(including_sour)_healthy/PlantVillage_train_PlantVillage_train_Cherry_(including_sour)___healthy_023261.jpg,Cherry_(including_sour)_healthy,train
train/Rice_Bacterial_Leaf_Stripe/rice-leaf-disease-riceguard_train_rice-leaf-disease-riceguard_train_stripes_087292.jpg,Rice_Bacterial_Leaf_Stripe,train
train/Tomato_Yellow_Leaf_Curl_Virus/PlantVillage_train_PlantVillage_train_Tomato___Tomato_Yellow_Leaf_Curl_Virus_062455.jpg,Tomato_Yellow_Leaf_Curl_Virus,train
train/Orange_Haunglongbing_(Citrus_greening)/PlantVillage_train_PlantVillage_train_Orange___Haunglongbing_(Citrus_greening)_033789.jpg,Orange_Haunglongbing_(Citrus_greening),train
train/Rice_Insect_Damage/rice-leaf-disease-riceguard_train_rice-leaf-disease-riceguard_train_insect_084256.jpg,Rice_Insect_Damage,train
train/Tomato_Bacterial_Spot/PlantVillage_train_PlantVillage_train_Tomato___Bacterial_spot_049621.jpg,Tomato_Bacterial_Spot,train
train/Peach_Bacterial_spot/PlantVillage_train_PlantVillage_train_Peach___Bacterial_spot_036379.jpg,Peach_Bacterial_spot,train
val/Soybean_healthy/PlantVillage_val_PlantVillage_val_Soybean___healthy_068035.jpg,Soybean_healthy,val
train/Orange_Haunglongbing_(Citrus_greening)/PlantVillage_train_PlantVillage_train_Orange___Haunglongbing_(Citrus_greening)_032050.jpg,Orange_Haunglongbing_(Citrus_greening),train
train/Tomato_Bacterial_Spot/PlantVillage_train_PlantVillage_train_Tomato___Bacterial_spot_049740.jpg,Tomato_Bacterial_Spot,train
val/Rice_Healthy/rice-leaf-disease-riceguard_val_rice-leaf-disease-riceguard_val_healthy_089935.jpeg,Rice_Healthy,val
train/Cherry_leaf/plantDoc_train_plantDoc_train_Cherry_leaf_019822.jpg,Cherry_leaf,train
train/Peach_Bacterial_spot/PlantVillage_train_PlantVillage_train_Peach___Bacterial_spot_036926.jpg,Peach_Bacterial_spot,train
train/Rice_Blast/rice-leaf-disease-riceguard_train_rice-leaf-disease-riceguard_train_blast_075961.jpeg,Rice_Blast,train
train/Cassava_Mosaic_Disease/Cassava_train_Cassava_train_cmd_016620.jpg,Cassava_Mosaic_Disease,train
train/Peach_Bacterial_spot/PlantVillage_train_PlantVillage_train_Peach___Bacterial_spot_036935.jpg,Peach_Bacterial_spot,train
train/Squash_Powdery_mildew/PlantVillage_train_PlantVillage_train_Squash___Powdery_mildew_045965.jpg,Squash_Powdery_mildew,train
train/Soybean_healthy/PlantVillage_train_PlantVillage_train_Soybean___healthy_041716.jpg,Soybean_healthy,train
test/Corn_(maize)_Common_rust_/PlantVillage_test_PlantVillage_train_Corn_(maize)___Common_rust__025411.jpg,Corn_(maize)_Common_rust_,test
train/Grape_healthy/PlantVillage_train_PlantVillage_train_Grape___healthy_029980.jpg,Grape_healthy,train
train/Potato_Early_Blight/plantDoc_train_plantDoc_train_Potato_leaf_early_blight_020600.jpg,Potato_Early_Blight,train
train/Potato_Late_Blight/PlantVillage_train_PlantVillage_train_Potato___Late_blight_040692.jpg,Potato_Late_Blight,train
train/Peach_Bacterial_spot/PlantVillage_train_PlantVillage_train_Peach___Bacterial_spot_035981.jpg,Peach_Bacterial_spot,train
train/Cassava_Mosaic_Disease/Cassava_train_Cassava_train_cmd_016875.jpg,Cassava_Mosaic_Disease,train
train/grape_leaf/plantDoc_train_plantDoc_train_grape_leaf_020264.jpg,grape_leaf,train
train/Rice_Bacterial_Leaf_Stripe/rice-leaf-disease-riceguard_train_rice-leaf-disease-riceguard_train_stripes_086821.jpeg,Rice_Bacterial_Leaf_Stripe,train
train/Apple_Black_Rot/Apple_Disease_Dataset_train_Apple_Disease_Dataset_train_Apple___Black_rot_005491.jpg,Apple_Black_Rot,train
test/Rice_Healthy/rice-leaf-disease-riceguard_test_rice-leaf-disease-riceguard_test_healthy_074069.jpeg,Rice_Healthy,test
test/Corn_(maize)_Common_rust_/PlantVillage_test_PlantVillage_train_Corn_(maize)___Common_rust__025370.jpg,Corn_(maize)_Common_rust_,test
train/Tomato_Yellow_Leaf_Curl_Virus/PlantVillage_train_PlantVillage_train_Tomato___Tomato_Yellow_Leaf_Curl_Virus_061598.jpg,Tomato_Yellow_Leaf_Curl_Virus,train
val/Cassava_Brown_Streak_Disease/Cassava_val_Cassava_train_cbsd_015232.jpg,Cassava_Brown_Streak_Disease,val
train/Strawberry_Leaf_scorch/PlantVillage_train_PlantVillage_train_Strawberry___Leaf_scorch_047895.jpg,Strawberry_Leaf_scorch,train
train/Tomato_Yellow_Leaf_Curl_Virus/PlantVillage_train_PlantVillage_train_Tomato___Tomato_Yellow_Leaf_Curl_Virus_058953.jpg,Tomato_Yellow_Leaf_Curl_Virus,train
train/Rice_Healthy/rice-leaf-disease-riceguard_train_rice-leaf-disease-riceguard_train_healthy_079828.jpeg,Rice_Healthy,train
train/Rice_Tungro/rice-leaf-disease-riceguard_train_rice-leaf-disease-riceguard_train_tungro_087550.jpeg,Rice_Tungro,train
train/Raspberry_leaf/plantDoc_train_plantDoc_train_Raspberry_leaf_020884.jpg,Raspberry_leaf,train
val/Tomato_Yellow_Leaf_Curl_Virus/PlantVillage_val_PlantVillage_val_Tomato___Tomato_Yellow_Leaf_Curl_Virus_072476.jpg,Tomato_Yellow_Leaf_Curl_Virus,val
train/Rice_Bacterial_Leaf_Stripe/rice-leaf-disease-riceguard_train_rice-leaf-disease-riceguard_train_stripes_087218.jpeg,Rice_Bacterial_Leaf_Stripe,train
train/Soybean_healthy/PlantVillage_train_PlantVillage_train_Soybean___healthy_042325.jpg,Soybean_healthy,train
test/Apple_Scab/Apple_Disease_Dataset_test_Apple_Disease_Dataset_test_Apple___Apple_scab_000223.jpg,Apple_Scab,test
test/Orange_Haunglongbing_(Citrus_greening)/PlantVillage_test_PlantVillage_train_Orange___Haunglongbing_(Citrus_greening)_034711.jpg,Orange_Haunglongbing_(Citrus_greening),test
train/Tomato_Leaf_Mold/PlantVillage_train_PlantVillage_train_Tomato___Leaf_Mold_054042.jpg,Tomato_Leaf_Mold,train
val/Tomato_Leaf_Mold/PlantVillage_val_PlantVillage_val_Tomato___Leaf_Mold_070926.jpg,Tomato_Leaf_Mold,val
train/Tomato_Bacterial_Spot/plantDoc_train_plantDoc_train_Tomato_leaf_bacterial_spot_021333.jpg,Tomato_Bacterial_Spot,train
train/Corn_rust_leaf/plantDoc_train_plantDoc_train_Corn_rust_leaf_020105.jpg,Corn_rust_leaf,train
train/Cherry_(including_sour)_Powdery_mildew/PlantVillage_train_PlantVillage_train_Cherry_(including_sour)___Powdery_mildew_023939.jpg,Cherry_(including_sour)_Powdery_mildew,train
val/Soybean_healthy/PlantVillage_val_PlantVillage_val_Soybean___healthy_068285.jpg,Soybean_healthy,val
test/Soybean_healthy/PlantVillage_test_PlantVillage_train_Soybean___healthy_043171.jpg,Soybean_healthy,test
train/Tomato_Yellow_Leaf_Curl_Virus/PlantVillage_train_PlantVillage_train_Tomato___Tomato_Yellow_Leaf_Curl_Virus_061156.jpg,Tomato_Yellow_Leaf_Curl_Virus,train
train/Rice_Healthy/rice-leaf-disease-riceguard_train_rice-leaf-disease-riceguard_train_healthy_081166.jpeg,Rice_Healthy,train
train/Orange_Haunglongbing_(Citrus_greening)/PlantVillage_train_PlantVillage_train_Orange___Haunglongbing_(Citrus_greening)_033258.jpg,Orange_Haunglongbing_(Citrus_greening),train
train/grape_leaf/plantDoc_train_plantDoc_train_grape_leaf_020218.jpg,grape_leaf,train
train/Tomato_Leaf_Mold/PlantVillage_train_PlantVillage_train_Tomato___Leaf_Mold_054086.jpg,Tomato_Leaf_Mold,train
val/Potato_Early_Blight/PlantVillage_val_PlantVillage_val_Potato___Early_blight_067395.jpg,Potato_Early_Blight,val
train/Corn_(maize)_Common_rust_/PlantVillage_train_PlantVillage_train_Corn_(maize)___Common_rust__025843.jpg,Corn_(maize)_Common_rust_,train
train/Apple_Healthy/Apple_Disease_Dataset_train_Apple_Disease_Dataset_train_Apple___healthy_007967.jpg,Apple_Healthy,train
train/Corn_rust_leaf/plantDoc_train_plantDoc_train_Corn_rust_leaf_020146.jpg,Corn_rust_leaf,train
train/Squash_Powdery_mildew/PlantVillage_train_PlantVillage_train_Squash___Powdery_mildew_046019.jpg,Squash_Powdery_mildew,train
train/Orange_Haunglongbing_(Citrus_greening)/PlantVillage_train_PlantVillage_train_Orange___Haunglongbing_(Citrus_greening)_033286.jpg,Orange_Haunglongbing_(Citrus_greening),train
val/Peach_Bacterial_spot/PlantVillage_val_PlantVillage_val_Peach___Bacterial_spot_066569.jpg,Peach_Bacterial_spot,val
train/Grape_Black_rot/PlantVillage_train_PlantVillage_train_Grape___Black_rot_027903.jpg,Grape_Black_rot,train
train/Apple_Healthy/Apple_Disease_Dataset_train_Apple_Disease_Dataset_train_Apple___healthy_008162.jpg,Apple_Healthy,train
train/Tomato_Mosaic_Virus/PlantVillage_train_PlantVillage_train_Tomato___Tomato_mosaic_virus_058514.jpg,Tomato_Mosaic_Virus,train
train/Orange_Haunglongbing_(Citrus_greening)/PlantVillage_train_PlantVillage_train_Orange___Haunglongbing_(Citrus_greening)_032197.jpg,Orange_Haunglongbing_(Citrus_greening),train
train/Cassava_Green_Mite/Cassava_train_Cassava_train_cgm_015764.jpg,Cassava_Green_Mite,train
train/Squash_Powdery_mildew/PlantVillage_train_PlantVillage_train_Squash___Powdery_mildew_046026.jpg,Squash_Powdery_mildew,train
train/Orange_Haunglongbing_(Citrus_greening)/PlantVillage_train_PlantVillage_train_Orange___Haunglongbing_(Citrus_greening)_032135.jpg,Orange_Haunglongbing_(Citrus_greening),train
val/Tomato_Healthy/PlantVillage_val_PlantVillage_val_Tomato___healthy_070296.jpg,Tomato_Healthy,val
train/Orange_Haunglongbing_(Citrus_greening)/PlantVillage_train_PlantVillage_train_Orange___Haunglongbing_(Citrus_greening)_033682.jpg,Orange_Haunglongbing_(Citrus_greening),train
train/Grape_Leaf_blight_(Isariopsis_Leaf_Spot)/PlantVillage_train_PlantVillage_train_Grape___Leaf_blight_(Isariopsis_Leaf_Spot)_030855.jpg,Grape_Leaf_blight_(Isariopsis_Leaf_Spot),train
train/Corn_leaf_blight/plantDoc_train_plantDoc_train_Corn_leaf_blight_019957.jpg,Corn_leaf_blight,train
train/Tomato_Mosaic_Virus/PlantVillage_train_PlantVillage_train_Tomato___Tomato_mosaic_virus_058599.jpg,Tomato_Mosaic_Virus,train
train/Tomato_Healthy/PlantVillage_train_PlantVillage_train_Tomato___healthy_051122.jpg,Tomato_Healthy,train
val/Apple_Cedar_Apple_Rust/Apple_Disease_Dataset_val_Apple_Disease_Dataset_train_Apple___Cedar_apple_rust_006334.jpg,Apple_Cedar_Apple_Rust,val
train/Blueberry_leaf/plantDoc_train_plantDoc_train_Blueberry_leaf_019791.jpg,Blueberry_leaf,train
train/Tomato_Septoria_Leaf_Spot/PlantVillage_train_PlantVillage_train_Tomato___Septoria_leaf_spot_055603.jpg,Tomato_Septoria_Leaf_Spot,train
train/Cherry_(including_sour)_Powdery_mildew/PlantVillage_train_PlantVillage_train_Cherry_(including_sour)___Powdery_mildew_024029.jpg,Cherry_(including_sour)_Powdery_mildew,train
train/Rice_Blast/rice-leaf-disease-riceguard_train_rice-leaf-disease-riceguard_train_blast_079173.jpg,Rice_Blast,train
train/Cassava_Brown_Streak_Disease/Cassava_train_Cassava_train_cbsd_013999.jpg,Cassava_Brown_Streak_Disease,train
train/Raspberry_leaf/plantDoc_train_plantDoc_train_Raspberry_leaf_020809.jpg,Raspberry_leaf,train
train/Rice_Healthy/rice-leaf-disease-riceguard_train_rice-leaf-disease-riceguard_train_healthy_080385.jpeg,Rice_Healthy,train
val/Apple_Black_Rot/Apple_Disease_Dataset_val_Apple_Disease_Dataset_train_Apple___Black_rot_005684.jpg,Apple_Black_Rot,val
train/Blueberry_healthy/PlantVillage_train_PlantVillage_train_Blueberry___healthy_023038.jpg,Blueberry_healthy,train
test/Apple_Black_Rot/Apple_Disease_Dataset_test_Apple_Disease_Dataset_test_Apple___Black_rot_000577.jpg,Apple_Black_Rot,test
train/Tomato_Healthy/PlantVillage_train_PlantVillage_train_Tomato___healthy_051105.jpg,Tomato_Healthy,train
train/Apple_Scab/Apple_Disease_Dataset_train_Apple_Disease_Dataset_train_Apple___Apple_scab_003573.jpg,Apple_Scab,train
test/Apple_Black_Rot/Apple_Disease_Dataset_test_Apple_Disease_Dataset_test_Apple___Black_rot_000581.jpg,Apple_Black_Rot,test
train/Cassava_Green_Mite/Cassava_train_Cassava_train_cgm_015830.jpg,Cassava_Green_Mite,train
train/Rice_Bacterial_Leaf_Stripe/rice-leaf-disease-riceguard_train_rice-leaf-disease-riceguard_train_stripes_086622.jpeg,Rice_Bacterial_Leaf_Stripe,train
train/Cassava_Mosaic_Disease/Cassava_train_Cassava_train_cmd_016585.jpg,Cassava_Mosaic_Disease,train
train/Rice_Bacterial_Leaf_Stripe/rice-leaf-disease-riceguard_train_rice-leaf-disease-riceguard_train_stripes_086233.jpeg,Rice_Bacterial_Leaf_Stripe,train
test/Apple_Healthy/Apple_Disease_Dataset_test_Apple_Disease_Dataset_test_Apple___healthy_001590.jpg,Apple_Healthy,test
val/Cherry_(including_sour)_Powdery_mildew/PlantVillage_val_PlantVillage_val_Cherry_(including_sour)___Powdery_mildew_063577.jpg,Cherry_(including_sour)_Powdery_mildew,val
val/Rice_Blast/rice-leaf-disease-riceguard_val_rice-leaf-disease-riceguard_val_blast_088952.jpeg,Rice_Blast,val
train/Squash_Powdery_mildew/PlantVillage_train_PlantVillage_train_Squash___Powdery_mildew_045922.jpg,Squash_Powdery_mildew,train
train/Potato_Healthy/PlantVillage_train_PlantVillage_train_Potato___healthy_040467.jpg,Potato_Healthy,train
train/Soybean_healthy/PlantVillage_train_PlantVillage_train_Soybean___healthy_045092.jpg,Soybean_healthy,train
train/Rice_Tungro/rice-leaf-disease-riceguard_train_rice-leaf-disease-riceguard_train_tungro_088295.jpeg,Rice_Tungro,train
train/Raspberry_leaf/plantDoc_train_plantDoc_train_Raspberry_leaf_020887.jpg,Raspberry_leaf,train
train/Corn_rust_leaf/plantDoc_train_plantDoc_train_Corn_rust_leaf_020138.jpg,Corn_rust_leaf,train
train/Tomato_Yellow_Leaf_Curl_Virus/PlantVillage_train_PlantVillage_train_Tomato___Tomato_Yellow_Leaf_Curl_Virus_059533.jpg,Tomato_Yellow_Leaf_Curl_Virus,train
train/Potato_Early_Blight/PlantVillage_train_PlantVillage_train_Potato___Early_blight_040068.jpg,Potato_Early_Blight,train
train/Rice_Blast/rice-leaf-disease-riceguard_train_rice-leaf-disease-riceguard_train_blast_078780.jpeg,Rice_Blast,train
train/Tomato_Mosaic_Virus/plantDoc_train_plantDoc_train_Tomato_leaf_mosaic_virus_021537.jpg,Tomato_Mosaic_Virus,train
val/Corn_(maize)_Cercospora_leaf_spot_Gray_leaf_spot/PlantVillage_val_PlantVillage_val_Corn_(maize)___Cercospora_leaf_spot Gray_leaf_spot_063588.jpg,Corn_(maize)_Cercospora_leaf_spot_Gray_leaf_spot,val
train/Soyabean_leaf/plantDoc_train_plantDoc_train_Soyabean_leaf_020939.jpg,Soyabean_leaf,train
train/Squash_Powdery_mildew_leaf/plantDoc_train_plantDoc_train_Squash_Powdery_mildew_leaf_021043.jpg,Squash_Powdery_mildew_leaf,train
train/Tomato_Target_Spot/PlantVillage_train_PlantVillage_train_Tomato___Target_Spot_058088.jpg,Tomato_Target_Spot,train
train/Potato_Early_Blight/PlantVillage_train_PlantVillage_train_Potato___Early_blight_039717.jpg,Potato_Early_Blight,train
train/Orange_Haunglongbing_(Citrus_greening)/PlantVillage_train_PlantVillage_train_Orange___Haunglongbing_(Citrus_greening)_033393.jpg,Orange_Haunglongbing_(Citrus_greening),train
train/Soybean_healthy/PlantVillage_train_PlantVillage_train_Soybean___healthy_044988.jpg,Soybean_healthy,train
train/Grape_Esca_(Black_Measles)/PlantVillage_train_PlantVillage_train_Grape___Esca_(Black_Measles)_029358.jpg,Grape_Esca_(Black_Measles),train
train/Rice_Blast/rice-leaf-disease-riceguard_train_rice-leaf-disease-riceguard_train_blast_076385.jpeg,Rice_Blast,train
train/Tomato_Target_Spot/PlantVillage_train_PlantVillage_train_Tomato___Target_Spot_057714.jpg,Tomato_Target_Spot,train
train/Potato_Late_Blight/PlantVillage_train_PlantVillage_train_Potato___Late_blight_040855.jpg,Potato_Late_Blight,train
train/Tomato_Bacterial_Spot/plantDoc_train_plantDoc_train_Tomato_leaf_bacterial_spot_021386.jpg,Tomato_Bacterial_Spot,train
train/Corn_(maize)_healthy/PlantVillage_train_PlantVillage_train_Corn_(maize)___healthy_026848.jpg,Corn_(maize)_healthy,train
train/Tomato_Healthy/PlantVillage_train_PlantVillage_train_Tomato___healthy_050983.jpg,Tomato_Healthy,train
train/Peach_Bacterial_spot/PlantVillage_train_PlantVillage_train_Peach___Bacterial_spot_036981.jpg,Peach_Bacterial_spot,train
val/Cherry_(including_sour)_Powdery_mildew/PlantVillage_val_PlantVillage_val_Cherry_(including_sour)___Powdery_mildew_063585.jpg,Cherry_(including_sour)_Powdery_mildew,val
val/Tomato_Septoria_Leaf_Spot/PlantVillage_val_PlantVillage_val_Tomato___Septoria_leaf_spot_071033.jpg,Tomato_Septoria_Leaf_Spot,val
test/Apple_Healthy/Apple_Disease_Dataset_test_Apple_Disease_Dataset_test_Apple___healthy_001566.jpg,Apple_Healthy,test
train/Apple_Black_Rot/Apple_Disease_Dataset_train_Apple_Disease_Dataset_train_Apple___Black_rot_004612.jpg,Apple_Black_Rot,train
train/Corn_rust_leaf/plantDoc_train_plantDoc_train_Corn_rust_leaf_020115.jpg,Corn_rust_leaf,train
val/Rice_Leaf_Folder/rice-leaf-disease-riceguard_val_rice-leaf-disease-riceguard_val_leaf_folder_090849.jpeg,Rice_Leaf_Folder,val
train/Soybean_healthy/PlantVillage_train_PlantVillage_train_Soybean___healthy_042869.jpg,Soybean_healthy,train
test/Apple_Cedar_Apple_Rust/Apple_Disease_Dataset_test_Apple_Disease_Dataset_test_Apple___Cedar_apple_rust_001349.jpg,Apple_Cedar_Apple_Rust,test
train/Corn_(maize)_Cercospora_leaf_spot_Gray_leaf_spot/PlantVillage_train_PlantVillage_train_Corn_(maize)___Cercospora_leaf_spot Gray_leaf_spot_024957.jpg,Corn_(maize)_Cercospora_leaf_spot_Gray_leaf_spot,train
train/Orange_Haunglongbing_(Citrus_greening)/PlantVillage_train_PlantVillage_train_Orange___Haunglongbing_(Citrus_greening)_032679.jpg,Orange_Haunglongbing_(Citrus_greening),train
val/Tomato_Septoria_Leaf_Spot/PlantVillage_val_PlantVillage_val_Tomato___Septoria_leaf_spot_071015.jpg,Tomato_Septoria_Leaf_Spot,val
train/Tomato_Septoria_Leaf_Spot/PlantVillage_train_PlantVillage_train_Tomato___Septoria_leaf_spot_054900.jpg,Tomato_Septoria_Leaf_Spot,train
train/Orange_Haunglongbing_(Citrus_greening)/PlantVillage_train_PlantVillage_train_Orange___Haunglongbing_(Citrus_greening)_032362.jpg,Orange_Haunglongbing_(Citrus_greening),train
test/Rice_Insect_Damage/rice-leaf-disease-riceguard_test_rice-leaf-disease-riceguard_test_insect_074898.jpeg,Rice_Insect_Damage,test
train/Tomato_Leaf_Mold/PlantVillage_train_PlantVillage_train_Tomato___Leaf_Mold_054062.jpg,Tomato_Leaf_Mold,train
test/Rice_Tungro/rice-leaf-disease-riceguard_test_rice-leaf-disease-riceguard_test_tungro_075682.jpeg,Rice_Tungro,test
train/Tomato_Septoria_Leaf_Spot/PlantVillage_train_PlantVillage_train_Tomato___Septoria_leaf_spot_055564.jpg,Tomato_Septoria_Leaf_Spot,train
train/Rice_Blast/rice-leaf-disease-riceguard_train_rice-leaf-disease-riceguard_train_blast_078934.jpeg,Rice_Blast,train
train/Cassava_Green_Mite/Cassava_train_Cassava_train_cgm_015459.jpg,Cassava_Green_Mite,train
train/Grape_Black_rot/PlantVillage_train_PlantVillage_train_Grape___Black_rot_028052.jpg,Grape_Black_rot,train
test/Apple_Scab/Apple_Disease_Dataset_test_Apple_Disease_Dataset_test_Apple___Apple_scab_000248.jpg,Apple_Scab,test
val/Rice_Leaf_Folder/rice-leaf-disease-riceguard_val_rice-leaf-disease-riceguard_val_leaf_folder_090955.jpg,Rice_Leaf_Folder,val
test/Peach_Bacterial_spot/PlantVillage_test_PlantVillage_train_Peach___Bacterial_spot_036524.jpg,Peach_Bacterial_spot,test
train/Tomato_Early_Blight/PlantVillage_train_PlantVillage_train_Tomato___Early_blight_050699.jpg,Tomato_Early_Blight,train
"train/Bell_Pepper_Bacterial_Spot/PlantVillage_train_PlantVillage_train_Pepper,_bell___Bacterial_spot_038229.jpg",Bell_Pepper_Bacterial_Spot,train
train/Apple_Black_Rot/Apple_Disease_Dataset_train_Apple_Disease_Dataset_train_Apple___Black_rot_004085.jpg,Apple_Black_Rot,train
test/Blueberry_healthy/PlantVillage_test_PlantVillage_train_Blueberry___healthy_022682.jpg,Blueberry_healthy,test
train/Apple_Healthy/Apple_Disease_Dataset_train_Apple_Disease_Dataset_train_Apple___healthy_008773.jpg,Apple_Healthy,train
train/Rice_Blast/rice-leaf-disease-riceguard_train_rice-leaf-disease-riceguard_train_blast_076107.jpeg,Rice_Blast,train
train/Corn_(maize)_Cercospora_leaf_spot_Gray_leaf_spot/PlantVillage_train_PlantVillage_train_Corn_(maize)___Cercospora_leaf_spot Gray_leaf_spot_025076.jpg,Corn_(maize)_Cercospora_leaf_spot_Gray_leaf_spot,train
train/Orange_Haunglongbing_(Citrus_greening)/PlantVillage_train_PlantVillage_train_Orange___Haunglongbing_(Citrus_greening)_033053.jpg,Orange_Haunglongbing_(Citrus_greening),train
train/Soybean_healthy/PlantVillage_train_PlantVillage_train_Soybean___healthy_043309.jpg,Soybean_healthy,train
val/Tomato_Early_Blight/PlantVillage_val_PlantVillage_val_Tomato___Early_blight_070056.jpg,Tomato_Early_Blight,val
val/Rice_Blast/rice-leaf-disease-riceguard_val_rice-leaf-disease-riceguard_val_blast_089543.jpeg,Rice_Blast,val
train/Tomato_Healthy/PlantVillage_train_PlantVillage_train_Tomato___healthy_051162.jpg,Tomato_Healthy,train
train/Peach_leaf/plantDoc_train_plantDoc_train_Peach_leaf_020375.jpg,Peach_leaf,train
train/Peach_healthy/PlantVillage_train_PlantVillage_train_Peach___healthy_037533.jpg,Peach_healthy,train
train/Peach_leaf/plantDoc_train_plantDoc_train_Peach_leaf_020351.jpg,Peach_leaf,train
train/Grape_Esca_(Black_Measles)/PlantVillage_train_PlantVillage_train_Grape___Esca_(Black_Measles)_029724.jpg,Grape_Esca_(Black_Measles),train
train/Orange_Haunglongbing_(Citrus_greening)/PlantVillage_train_PlantVillage_train_Orange___Haunglongbing_(Citrus_greening)_035305.jpg,Orange_Haunglongbing_(Citrus_greening),train
train/Tomato_Leaf_Mold/PlantVillage_train_PlantVillage_train_Tomato___Leaf_Mold_054090.jpg,Tomato_Leaf_Mold,train
train/Rice_Insect_Damage/rice-leaf-disease-riceguard_train_rice-leaf-disease-riceguard_train_insect_083089.jpeg,Rice_Insect_Damage,train
train/Potato_Healthy/PlantVillage_train_PlantVillage_train_Potato___healthy_040416.jpg,Potato_Healthy,train
"train/Bell_Pepper_Bacterial_Spot/PlantVillage_train_PlantVillage_train_Pepper,_bell___Bacterial_spot_038293.jpg",Bell_Pepper_Bacterial_Spot,train
train/Strawberry_healthy/PlantVillage_train_PlantVillage_train_Strawberry___healthy_047479.jpg,Strawberry_healthy,train
train/Rice_Insect_Damage/rice-leaf-disease-riceguard_train_rice-leaf-disease-riceguard_train_insect_083200.jpeg,Rice_Insect_Damage,train
train/Tomato_Healthy/PlantVillage_train_PlantVillage_train_Tomato___healthy_051741.jpg,Tomato_Healthy,train
train/Orange_Haunglongbing_(Citrus_greening)/PlantVillage_train_PlantVillage_train_Orange___Haunglongbing_(Citrus_greening)_033665.jpg,Orange_Haunglongbing_(Citrus_greening),train
train/Blueberry_healthy/PlantVillage_train_PlantVillage_train_Blueberry___healthy_022760.jpg,Blueberry_healthy,train
train/Tomato_Healthy/PlantVillage_train_PlantVillage_train_Tomato___healthy_051710.jpg,Tomato_Healthy,train
train/Blueberry_healthy/PlantVillage_train_PlantVillage_train_Blueberry___healthy_022814.jpg,Blueberry_healthy,train
train/Tomato_Leaf_Mold/PlantVillage_train_PlantVillage_train_Tomato___Leaf_Mold_054151.jpg,Tomato_Leaf_Mold,train
val/Grape_healthy/PlantVillage_val_PlantVillage_val_Grape___healthy_064930.jpg,Grape_healthy,val
train/Rice_Leaf_Folder/rice-leaf-disease-riceguard_train_rice-leaf-disease-riceguard_train_leaf_folder_085419.jpeg,Rice_Leaf_Folder,train
train/Apple_Healthy/Apple_Disease_Dataset_train_Apple_Disease_Dataset_train_Apple___healthy_008281.jpg,Apple_Healthy,train
train/Grape_Esca_(Black_Measles)/PlantVillage_train_PlantVillage_train_Grape___Esca_(Black_Measles)_028839.jpg,Grape_Esca_(Black_Measles),train
train/Rice_Healthy/rice-leaf-disease-riceguard_train_rice-leaf-disease-riceguard_train_healthy_079868.jpeg,Rice_Healthy,train
train/Cassava_Green_Mite/Cassava_train_Cassava_train_cgm_015851.jpg,Cassava_Green_Mite,train
train/Tomato_Yellow_Leaf_Curl_Virus/PlantVillage_train_PlantVillage_train_Tomato___Tomato_Yellow_Leaf_Curl_Virus_061514.jpg,Tomato_Yellow_Leaf_Curl_Virus,train
train/Cassava_Bacterial_Blight/Cassava_train_Cassava_train_cbb_013857.jpg,Cassava_Bacterial_Blight,train
test/Orange_Haunglongbing_(Citrus_greening)/PlantVillage_test_PlantVillage_train_Orange___Haunglongbing_(Citrus_greening)_033479.jpg,Orange_Haunglongbing_(Citrus_greening),test
train/Tomato_Bacterial_Spot/PlantVillage_train_PlantVillage_train_Tomato___Bacterial_spot_049651.jpg,Tomato_Bacterial_Spot,train
test/Strawberry_Leaf_scorch/PlantVillage_test_PlantVillage_train_Strawberry___Leaf_scorch_047801.jpg,Strawberry_Leaf_scorch,test
val/Tomato_Early_Blight/PlantVillage_val_PlantVillage_val_Tomato___Early_blight_069994.jpg,Tomato_Early_Blight,val
val/Squash_Powdery_mildew_leaf/plantDoc_val_plantDoc_train_Squash_Powdery_mildew_leaf_021083.jpg,Squash_Powdery_mildew_leaf,val
train/Tomato_Late_Blight/PlantVillage_train_PlantVillage_train_Tomato___Late_blight_052212.jpg,Tomato_Late_Blight,train
train/Rice_Bacterial_Leaf_Stripe/rice-leaf-disease-riceguard_train_rice-leaf-disease-riceguard_train_stripes_086900.jpeg,Rice_Bacterial_Leaf_Stripe,train
train/Tomato_Healthy/PlantVillage_train_PlantVillage_train_Tomato___healthy_051394.jpg,Tomato_Healthy,train
train/Rice_Healthy/rice-leaf-disease-riceguard_train_rice-leaf-disease-riceguard_train_healthy_081658.jpeg,Rice_Healthy,train
train/Soybean_healthy/PlantVillage_train_PlantVillage_train_Soybean___healthy_042989.jpg,Soybean_healthy,train
train/Rice_Blast/rice-leaf-disease-riceguard_train_rice-leaf-disease-riceguard_train_blast_079117.jpg,Rice_Blast,train
train/Soyabean_leaf/plantDoc_train_plantDoc_train_Soyabean_leaf_020951.jpg,Soyabean_leaf,train
test/Apple_Cedar_Apple_Rust/Apple_Disease_Dataset_test_Apple_Disease_Dataset_test_Apple___Cedar_apple_rust_001344.jpg,Apple_Cedar_Apple_Rust,test
train/Peach_Bacterial_spot/PlantVillage_train_PlantVillage_train_Peach___Bacterial_spot_037263.jpg,Peach_Bacterial_spot,train
test/Peach_Bacterial_spot/PlantVillage_test_PlantVillage_train_Peach___Bacterial_spot_035633.jpg,Peach_Bacterial_spot,test
train/Rice_Insect_Damage/rice-leaf-disease-riceguard_train_rice-leaf-disease-riceguard_train_insect_083508.jpeg,Rice_Insect_Damage,train
train/Tomato_Leaf_Mold/PlantVillage_train_PlantVillage_train_Tomato___Leaf_Mold_053974.jpg,Tomato_Leaf_Mold,train
train/Tomato_Late_Blight/PlantVillage_train_PlantVillage_train_Tomato___Late_blight_052240.jpg,Tomato_Late_Blight,train
train/Tomato_Leaf_Mold/PlantVillage_train_PlantVillage_train_Tomato___Leaf_Mold_053809.jpg,Tomato_Leaf_Mold,train
train/Corn_(maize)_Common_rust_/PlantVillage_train_PlantVillage_train_Corn_(maize)___Common_rust__025837.jpg,Corn_(maize)_Common_rust_,train
train/Orange_Haunglongbing_(Citrus_greening)/PlantVillage_train_PlantVillage_train_Orange___Haunglongbing_(Citrus_greening)_031608.jpg,Orange_Haunglongbing_(Citrus_greening),train
val/Potato_Late_Blight/plantDoc_val_plantDoc_train_Potato_leaf_late_blight_020774.jpg,Potato_Late_Blight,val
train/Corn_(maize)_Common_rust_/PlantVillage_train_PlantVillage_train_Corn_(maize)___Common_rust__025915.jpg,Corn_(maize)_Common_rust_,train
train/Corn_(maize)_Common_rust_/PlantVillage_train_PlantVillage_train_Corn_(maize)___Common_rust__025793.jpg,Corn_(maize)_Common_rust_,train
train/Peach_Bacterial_spot/PlantVillage_train_PlantVillage_train_Peach___Bacterial_spot_035899.jpg,Peach_Bacterial_spot,train
test/Peach_Bacterial_spot/PlantVillage_test_PlantVillage_train_Peach___Bacterial_spot_035594.jpg,Peach_Bacterial_spot,test
train/Tomato_Bacterial_Spot/PlantVillage_train_PlantVillage_train_Tomato___Bacterial_spot_049221.jpg,Tomato_Bacterial_Spot,train
train/Cherry_leaf/plantDoc_train_plantDoc_train_Cherry_leaf_019833.jpg,Cherry_leaf,train
train/Rice_Leaf_Folder/rice-leaf-disease-riceguard_train_rice-leaf-disease-riceguard_train_leaf_folder_084434.jpeg,Rice_Leaf_Folder,train
train/Rice_Tungro/rice-leaf-disease-riceguard_train_rice-leaf-disease-riceguard_train_tungro_088676.jpeg,Rice_Tungro,train
train/Rice_Blast/rice-leaf-disease-riceguard_train_rice-leaf-disease-riceguard_train_blast_076067.jpeg,Rice_Blast,train
test/Grape_healthy/PlantVillage_test_PlantVillage_train_Grape___healthy_030187.jpg,Grape_healthy,test
train/Rice_Healthy/rice-leaf-disease-riceguard_train_rice-leaf-disease-riceguard_train_healthy_081060.jpeg,Rice_Healthy,train
train/Apple_Scab/Apple_Disease_Dataset_train_Apple_Disease_Dataset_train_Apple___Apple_scab_002178.jpg,Apple_Scab,train
test/Apple_Healthy/Apple_Disease_Dataset_test_Apple_Disease_Dataset_test_Apple___healthy_001697.jpg,Apple_Healthy,test
train/Cassava_Mosaic_Disease/Cassava_train_Cassava_train_cmd_017462.jpg,Cassava_Mosaic_Disease,train
train/Orange_Haunglongbing_(Citrus_greening)/PlantVillage_train_PlantVillage_train_Orange___Haunglongbing_(Citrus_greening)_034745.jpg,Orange_Haunglongbing_(Citrus_greening),train
train/Tomato_Leaf_Mold/PlantVillage_train_PlantVillage_train_Tomato___Leaf_Mold_054237.jpg,Tomato_Leaf_Mold,train
train/Strawberry_leaf/plantDoc_train_plantDoc_train_Strawberry_leaf_021150.jpg,Strawberry_leaf,train
train/Cassava_Bacterial_Blight/Cassava_train_Cassava_train_cbb_013545.jpg,Cassava_Bacterial_Blight,train
train/Peach_Bacterial_spot/PlantVillage_train_PlantVillage_train_Peach___Bacterial_spot_036772.jpg,Peach_Bacterial_spot,train
train/Blueberry_healthy/PlantVillage_train_PlantVillage_train_Blueberry___healthy_022312.jpg,Blueberry_healthy,train
test/Apple_Healthy/Apple_Disease_Dataset_test_Apple_Disease_Dataset_test_Apple___healthy_001497.jpg,Apple_Healthy,test
train/Corn_leaf_blight/plantDoc_train_plantDoc_train_Corn_leaf_blight_020070.jpg,Corn_leaf_blight,train
train/Rice_Tungro/rice-leaf-disease-riceguard_train_rice-leaf-disease-riceguard_train_tungro_088578.jpeg,Rice_Tungro,train
val/Orange_Haunglongbing_(Citrus_greening)/PlantVillage_val_PlantVillage_val_Orange___Haunglongbing_(Citrus_greening)_066145.jpg,Orange_Haunglongbing_(Citrus_greening),val
train/Grape_Leaf_blight_(Isariopsis_Leaf_Spot)/PlantVillage_train_PlantVillage_train_Grape___Leaf_blight_(Isariopsis_Leaf_Spot)_031041.jpg,Grape_Leaf_blight_(Isariopsis_Leaf_Spot),train
val/Blueberry_healthy/PlantVillage_val_PlantVillage_val_Blueberry___healthy_063129.jpg,Blueberry_healthy,val
train/Tomato_Target_Spot/PlantVillage_train_PlantVillage_train_Tomato___Target_Spot_057376.jpg,Tomato_Target_Spot,train
train/Orange_Haunglongbing_(Citrus_greening)/PlantVillage_train_PlantVillage_train_Orange___Haunglongbing_(Citrus_greening)_032469.jpg,Orange_Haunglongbing_(Citrus_greening),train
train/Tomato_Healthy/PlantVillage_train_PlantVillage_train_Tomato___healthy_051661.jpg,Tomato_Healthy,train
train/Rice_Blast/rice-leaf-disease-riceguard_train_rice-leaf-disease-riceguard_train_blast_078616.jpeg,Rice_Blast,train
val/Tomato_Septoria_Leaf_Spot/PlantVillage_val_PlantVillage_val_Tomato___Septoria_leaf_spot_071076.jpg,Tomato_Septoria_Leaf_Spot,val
train/Corn_(maize)_healthy/PlantVillage_train_PlantVillage_train_Corn_(maize)___healthy_026185.jpg,Corn_(maize)_healthy,train
train/Grape_Black_rot/PlantVillage_train_PlantVillage_train_Grape___Black_rot_028345.jpg,Grape_Black_rot,train
train/Rice_Blast/rice-leaf-disease-riceguard_train_rice-leaf-disease-riceguard_train_blast_078024.jpeg,Rice_Blast,train
train/Orange_Haunglongbing_(Citrus_greening)/PlantVillage_train_PlantVillage_train_Orange___Haunglongbing_(Citrus_greening)_034019.jpg,Orange_Haunglongbing_(Citrus_greening),train
train/Apple_Scab/Apple_Disease_Dataset_train_Apple_Disease_Dataset_train_Apple___Apple_scab_002021.jpg,Apple_Scab,train
train/Apple_Scab/Apple_Disease_Dataset_train_Apple_Disease_Dataset_train_Apple___Apple_scab_003866.jpg,Apple_Scab,train
train/Tomato_Septoria_Leaf_Spot/PlantVillage_train_PlantVillage_train_Tomato___Septoria_leaf_spot_054564.jpg,Tomato_Septoria_Leaf_Spot,train
train/Peach_Bacterial_spot/PlantVillage_train_PlantVillage_train_Peach___Bacterial_spot_036771.jpg,Peach_Bacterial_spot,train
train/Grape_Black_rot/PlantVillage_train_PlantVillage_train_Grape___Black_rot_028212.jpg,Grape_Black_rot,train
train/Tomato_Spider_Mites/PlantVillage_train_PlantVillage_train_Tomato___Spider_mites Two-spotted_spider_mite_055943.jpg,Tomato_Spider_Mites,train
train/Strawberry_healthy/PlantVillage_train_PlantVillage_train_Strawberry___healthy_047367.jpg,Strawberry_healthy,train
train/Tomato_Healthy/PlantVillage_train_PlantVillage_train_Tomato___healthy_052008.jpg,Tomato_Healthy,train
val/Apple_Cedar_Apple_Rust/Apple_Disease_Dataset_val_Apple_Disease_Dataset_train_Apple___Cedar_apple_rust_006066.jpg,Apple_Cedar_Apple_Rust,val
train/Peach_Bacterial_spot/PlantVillage_train_PlantVillage_train_Peach___Bacterial_spot_037098.jpg,Peach_Bacterial_spot,train
train/Rice_Insect_Damage/rice-leaf-disease-riceguard_train_rice-leaf-disease-riceguard_train_insect_084199.jpg,Rice_Insect_Damage,train
train/Grape_Leaf_blight_(Isariopsis_Leaf_Spot)/PlantVillage_train_PlantVillage_train_Grape___Leaf_blight_(Isariopsis_Leaf_Spot)_030870.jpg,Grape_Leaf_blight_(Isariopsis_Leaf_Spot),train
train/Tomato_Spider_Mites/PlantVillage_train_PlantVillage_train_Tomato___Spider_mites Two-spotted_spider_mite_055908.jpg,Tomato_Spider_Mites,train
val/Cassava_Bacterial_Blight/Cassava_val_Cassava_train_cbb_013913.jpg,Cassava_Bacterial_Blight,val
val/Rice_Blast/rice-leaf-disease-riceguard_val_rice-leaf-disease-riceguard_val_blast_089213.jpeg,Rice_Blast,val
test/Apple_Black_Rot/plantDoc_test_plantDoc_test_Apple_rust_leaf_019106.jpg,Apple_Black_Rot,test
train/Orange_Haunglongbing_(Citrus_greening)/PlantVillage_train_PlantVillage_train_Orange___Haunglongbing_(Citrus_greening)_032879.jpg,Orange_Haunglongbing_(Citrus_greening),train
val/Grape_Leaf_blight_(Isariopsis_Leaf_Spot)/PlantVillage_val_PlantVillage_val_Grape___Leaf_blight_(Isariopsis_Leaf_Spot)_064971.jpg,Grape_Leaf_blight_(Isariopsis_Leaf_Spot),val
test/Apple_Healthy/Apple_Disease_Dataset_test_Apple_Disease_Dataset_test_Apple___healthy_001865.jpg,Apple_Healthy,test
train/Tomato_Septoria_Leaf_Spot/PlantVillage_train_PlantVillage_train_Tomato___Septoria_leaf_spot_055358.jpg,Tomato_Septoria_Leaf_Spot,train
train/Corn_leaf_blight/plantDoc_train_plantDoc_train_Corn_leaf_blight_019933.jpg,Corn_leaf_blight,train
train/Rice_Healthy/rice-leaf-disease-riceguard_train_rice-leaf-disease-riceguard_train_healthy_080021.jpeg,Rice_Healthy,train
train/Cassava_Green_Mite/Cassava_train_Cassava_train_cgm_015813.jpg,Cassava_Green_Mite,train
val/Tomato_Mosaic_Virus/PlantVillage_val_PlantVillage_val_Tomato___Tomato_mosaic_virus_072014.jpg,Tomato_Mosaic_Virus,val
train/Raspberry_healthy/PlantVillage_train_PlantVillage_train_Raspberry___healthy_041327.jpg,Raspberry_healthy,train
val/Squash_Powdery_mildew/PlantVillage_val_PlantVillage_val_Squash___Powdery_mildew_068948.jpg,Squash_Powdery_mildew,val
val/Tomato_Early_Blight/PlantVillage_val_PlantVillage_val_Tomato___Early_blight_070082.jpg,Tomato_Early_Blight,val
train/Rice_Blast/rice-leaf-disease-riceguard_train_rice-leaf-disease-riceguard_train_blast_079376.jpg,Rice_Blast,train
"val/Bell_Pepper_Bacterial_Spot/PlantVillage_val_PlantVillage_val_Pepper,_bell___Bacterial_spot_066963.jpg",Bell_Pepper_Bacterial_Spot,val
train/Rice_Blast/rice-leaf-disease-riceguard_train_rice-leaf-disease-riceguard_train_blast_076062.jpeg,Rice_Blast,train
train/Tomato_Septoria_Leaf_Spot/PlantVillage_train_PlantVillage_train_Tomato___Septoria_leaf_spot_055819.jpg,Tomato_Septoria_Leaf_Spot,train
train/Tomato_Spider_Mites/PlantVillage_train_PlantVillage_train_Tomato___Spider_mites Two-spotted_spider_mite_056616.jpg,Tomato_Spider_Mites,train
train/Cherry_(including_sour)_Powdery_mildew/PlantVillage_train_PlantVillage_train_Cherry_(including_sour)___Powdery_mildew_024690.jpg,Cherry_(including_sour)_Powdery_mildew,train
train/Blueberry_healthy/PlantVillage_train_PlantVillage_train_Blueberry___healthy_022930.jpg,Blueberry_healthy,train
train/Rice_Healthy/rice-leaf-disease-riceguard_train_rice-leaf-disease-riceguard_train_healthy_082470.jpg,Rice_Healthy,train
test/Apple_Scab/Apple_Disease_Dataset_test_Apple_Disease_Dataset_test_Apple___Apple_scab_000441.jpg,Apple_Scab,test
train/Rice_Blast/rice-leaf-disease-riceguard_train_rice-leaf-disease-riceguard_train_blast_078027.jpeg,Rice_Blast,train
train/Rice_Blast/rice-leaf-disease-riceguard_train_rice-leaf-disease-riceguard_train_blast_077331.jpeg,Rice_Blast,train
train/Corn_(maize)_Common_rust_/PlantVillage_train_PlantVillage_train_Corn_(maize)___Common_rust__025296.jpg,Corn_(maize)_Common_rust_,train
val/Apple_Scab/Apple_Disease_Dataset_val_Apple_Disease_Dataset_train_Apple___Apple_scab_003603.jpg,Apple_Scab,val
test/Rice_Blast/rice-leaf-disease-riceguard_test_rice-leaf-disease-riceguard_test_blast_073549.jpeg,Rice_Blast,test
train/Rice_Scald/rice-leaf-disease-riceguard_train_rice-leaf-disease-riceguard_train_scald_085831.jpg,Rice_Scald,train
train/Soybean_healthy/PlantVillage_train_PlantVillage_train_Soybean___healthy_043575.jpg,Soybean_healthy,train
train/Corn_(maize)_Northern_Leaf_Blight/PlantVillage_train_PlantVillage_train_Corn_(maize)___Northern_Leaf_Blight_027304.jpg,Corn_(maize)_Northern_Leaf_Blight,train
train/Soybean_healthy/PlantVillage_train_PlantVillage_train_Soybean___healthy_041653.jpg,Soybean_healthy,train
train/Tomato_Septoria_Leaf_Spot/PlantVillage_train_PlantVillage_train_Tomato___Septoria_leaf_spot_054486.jpg,Tomato_Septoria_Leaf_Spot,train
train/Rice_Tungro/rice-leaf-disease-riceguard_train_rice-leaf-disease-riceguard_train_tungro_088828.jpg,Rice_Tungro,train
train/Cherry_leaf/plantDoc_train_plantDoc_train_Cherry_leaf_019825.jpg,Cherry_leaf,train
train/Soybean_healthy/PlantVillage_train_PlantVillage_train_Soybean___healthy_045639.jpg,Soybean_healthy,train
train/Cherry_leaf/plantDoc_train_plantDoc_train_Cherry_leaf_019849.jpg,Cherry_leaf,train
train/Tomato_Yellow_Leaf_Curl_Virus/PlantVillage_train_PlantVillage_train_Tomato___Tomato_Yellow_Leaf_Curl_Virus_062857.jpg,Tomato_Yellow_Leaf_Curl_Virus,train
train/Tomato_Late_Blight/PlantVillage_train_PlantVillage_train_Tomato___Late_blight_053186.jpg,Tomato_Late_Blight,train
val/Rice_Leaf_Folder/rice-leaf-disease-riceguard_val_rice-leaf-disease-riceguard_val_leaf_folder_090901.jpeg,Rice_Leaf_Folder,val
train/Rice_Healthy/rice-leaf-disease-riceguard_train_rice-leaf-disease-riceguard_train_healthy_079698.jpeg,Rice_Healthy,train
train/Tomato_Healthy/PlantVillage_train_PlantVillage_train_Tomato___healthy_052141.jpg,Tomato_Healthy,train
train/Grape_healthy/PlantVillage_train_PlantVillage_train_Grape___healthy_030069.jpg,Grape_healthy,train
val/Tomato_Yellow_Leaf_Curl_Virus/PlantVillage_val_PlantVillage_val_Tomato___Tomato_Yellow_Leaf_Curl_Virus_072283.jpg,Tomato_Yellow_Leaf_Curl_Virus,val
val/Orange_Haunglongbing_(Citrus_greening)/PlantVillage_val_PlantVillage_val_Orange___Haunglongbing_(Citrus_greening)_065569.jpg,Orange_Haunglongbing_(Citrus_greening),val
test/Apple_Cedar_Apple_Rust/Apple_Disease_Dataset_test_Apple_Disease_Dataset_test_Apple___Cedar_apple_rust_001229.jpg,Apple_Cedar_Apple_Rust,test
train/Cassava_Green_Mite/Cassava_train_Cassava_train_cgm_015834.jpg,Cassava_Green_Mite,train
train/Cassava_Brown_Streak_Disease/Cassava_train_Cassava_train_cbsd_014044.jpg,Cassava_Brown_Streak_Disease,train
train/Tomato_Spider_Mites/PlantVillage_train_PlantVillage_train_Tomato___Spider_mites Two-spotted_spider_mite_056206.jpg,Tomato_Spider_Mites,train
train/Corn_Gray_leaf_spot/plantDoc_train_plantDoc_train_Corn_Gray_leaf_spot_019917.jpg,Corn_Gray_leaf_spot,train
train/Cherry_(including_sour)_healthy/PlantVillage_train_PlantVillage_train_Cherry_(including_sour)___healthy_023292.jpg,Cherry_(including_sour)_healthy,train
"train/Bell_Pepper_Bacterial_Spot/PlantVillage_train_PlantVillage_train_Pepper,_bell___Bacterial_spot_038392.jpg",Bell_Pepper_Bacterial_Spot,train
train/Tomato_Late_Blight/plantDoc_train_plantDoc_train_Tomato_leaf_late_blight_021467.jpg,Tomato_Late_Blight,train
train/Orange_Haunglongbing_(Citrus_greening)/PlantVillage_train_PlantVillage_train_Orange___Haunglongbing_(Citrus_greening)_032087.jpg,Orange_Haunglongbing_(Citrus_greening),train
val/Rice_Healthy/rice-leaf-disease-riceguard_val_rice-leaf-disease-riceguard_val_healthy_090294.jpg,Rice_Healthy,val
train/Orange_Haunglongbing_(Citrus_greening)/PlantVillage_train_PlantVillage_train_Orange___Haunglongbing_(Citrus_greening)_031889.jpg,Orange_Haunglongbing_(Citrus_greening),train
val/Corn_(maize)_Common_rust_/PlantVillage_val_PlantVillage_val_Corn_(maize)___Common_rust__063805.jpg,Corn_(maize)_Common_rust_,val
train/Cassava_Green_Mite/Cassava_train_Cassava_train_cgm_016088.jpg,Cassava_Green_Mite,train
train/Apple_Scab/Apple_Disease_Dataset_train_Apple_Disease_Dataset_train_Apple___Apple_scab_003909.jpg,Apple_Scab,train
train/Tomato_Target_Spot/PlantVillage_train_PlantVillage_train_Tomato___Target_Spot_057784.jpg,Tomato_Target_Spot,train
train/Squash_Powdery_mildew/PlantVillage_train_PlantVillage_train_Squash___Powdery_mildew_046650.jpg,Squash_Powdery_mildew,train
train/Tomato_Yellow_Leaf_Curl_Virus/PlantVillage_train_PlantVillage_train_Tomato___Tomato_Yellow_Leaf_Curl_Virus_059303.jpg,Tomato_Yellow_Leaf_Curl_Virus,train
train/Tomato_Late_Blight/PlantVillage_train_PlantVillage_train_Tomato___Late_blight_053264.jpg,Tomato_Late_Blight,train
train/Soybean_healthy/PlantVillage_train_PlantVillage_train_Soybean___healthy_041853.jpg,Soybean_healthy,train
train/Tomato_Early_Blight/PlantVillage_train_PlantVillage_train_Tomato___Early_blight_050813.jpg,Tomato_Early_Blight,train
train/Soybean_healthy/PlantVillage_train_PlantVillage_train_Soybean___healthy_042103.jpg,Soybean_healthy,train
val/Blueberry_healthy/PlantVillage_val_PlantVillage_val_Blueberry___healthy_063126.jpg,Blueberry_healthy,val
train/Tomato_Healthy/PlantVillage_train_PlantVillage_train_Tomato___healthy_051510.jpg,Tomato_Healthy,train
val/Peach_Bacterial_spot/PlantVillage_val_PlantVillage_val_Peach___Bacterial_spot_066472.jpg,Peach_Bacterial_spot,val
train/Rice_Healthy/rice-leaf-disease-riceguard_train_rice-leaf-disease-riceguard_train_healthy_080078.jpeg,Rice_Healthy,train
train/Grape_Leaf_blight_(Isariopsis_Leaf_Spot)/PlantVillage_train_PlantVillage_train_Grape___Leaf_blight_(Isariopsis_Leaf_Spot)_030293.jpg,Grape_Leaf_blight_(Isariopsis_Leaf_Spot),train
test/Soybean_healthy/PlantVillage_test_PlantVillage_train_Soybean___healthy_045348.jpg,Soybean_healthy,test
train/Rice_Insect_Damage/rice-leaf-disease-riceguard_train_rice-leaf-disease-riceguard_train_insect_083492.jpeg,Rice_Insect_Damage,train
train/Grape_Leaf_blight_(Isariopsis_Leaf_Spot)/PlantVillage_train_PlantVillage_train_Grape___Leaf_blight_(Isariopsis_Leaf_Spot)_030655.jpg,Grape_Leaf_blight_(Isariopsis_Leaf_Spot),train
train/Cherry_(including_sour)_Powdery_mildew/PlantVillage_train_PlantVillage_train_Cherry_(including_sour)___Powdery_mildew_024116.jpg,Cherry_(including_sour)_Powdery_mildew,train
train/Corn_(maize)_Common_rust_/PlantVillage_train_PlantVillage_train_Corn_(maize)___Common_rust__026048.jpg,Corn_(maize)_Common_rust_,train
train/Tomato_Late_Blight/PlantVillage_train_PlantVillage_train_Tomato___Late_blight_052736.jpg,Tomato_Late_Blight,train
"train/Bell_Pepper_Bacterial_Spot/PlantVillage_train_PlantVillage_train_Pepper,_bell___Bacterial_spot_037798.jpg",Bell_Pepper_Bacterial_Spot,train
train/Grape_Black_rot/PlantVillage_train_PlantVillage_train_Grape___Black_rot_028665.jpg,Grape_Black_rot,train
"train/Bell_Pepper_Bacterial_Spot/PlantVillage_train_PlantVillage_train_Pepper,_bell___Bacterial_spot_037710.jpg",Bell_Pepper_Bacterial_Spot,train
test/Tomato_Spider_Mites/PlantVillage_test_PlantVillage_train_Tomato___Spider_mites Two-spotted_spider_mite_056847.jpg,Tomato_Spider_Mites,test
train/Grape_healthy/PlantVillage_train_PlantVillage_train_Grape___healthy_029936.jpg,Grape_healthy,train
test/Corn_(maize)_Northern_Leaf_Blight/PlantVillage_test_PlantVillage_train_Corn_(maize)___Northern_Leaf_Blight_027043.jpg,Corn_(maize)_Northern_Leaf_Blight,test
train/Squash_Powdery_mildew/PlantVillage_train_PlantVillage_train_Squash___Powdery_mildew_046453.jpg,Squash_Powdery_mildew,train
test/Potato_Healthy/PlantVillage_test_PlantVillage_train_Potato___healthy_040385.jpg,Potato_Healthy,test
train/Rice_Leaf_Folder/rice-leaf-disease-riceguard_train_rice-leaf-disease-riceguard_train_leaf_folder_085705.jpg,Rice_Leaf_Folder,train
train/Corn_Gray_leaf_spot/plantDoc_train_plantDoc_train_Corn_Gray_leaf_spot_019871.jpg,Corn_Gray_leaf_spot,train
train/Cherry_(including_sour)_healthy/PlantVillage_train_PlantVillage_train_Cherry_(including_sour)___healthy_023557.jpg,Cherry_(including_sour)_healthy,train
test/Rice_Blast/rice-leaf-disease-riceguard_test_rice-leaf-disease-riceguard_test_blast_073249.jpeg,Rice_Blast,test
train/Rice_Healthy/rice-leaf-disease-riceguard_train_rice-leaf-disease-riceguard_train_healthy_081008.jpeg,Rice_Healthy,train
train/Cherry_(including_sour)_healthy/PlantVillage_train_PlantVillage_train_Cherry_(including_sour)___healthy_023407.jpg,Cherry_(including_sour)_healthy,train
train/Corn_Gray_leaf_spot/plantDoc_train_plantDoc_train_Corn_Gray_leaf_spot_019869.jpg,Corn_Gray_leaf_spot,train
test/Rice_Scald/rice-leaf-disease-riceguard_test_rice-leaf-disease-riceguard_test_scald_075279.jpg,Rice_Scald,test
train/Rice_Scald/rice-leaf-disease-riceguard_train_rice-leaf-disease-riceguard_train_scald_085960.jpg,Rice_Scald,train
train/Raspberry_leaf/plantDoc_train_plantDoc_train_Raspberry_leaf_020881.jpg,Raspberry_leaf,train
train/Cassava_Healthy/Cassava_train_Cassava_train_healthy_019048.jpg,Cassava_Healthy,train
val/Tomato_Late_Blight/PlantVillage_val_PlantVillage_val_Tomato___Late_blight_070718.jpg,Tomato_Late_Blight,val
train/Blueberry_leaf/plantDoc_train_plantDoc_train_Blueberry_leaf_019771.jpg,Blueberry_leaf,train
train/Cherry_(including_sour)_Powdery_mildew/PlantVillage_train_PlantVillage_train_Cherry_(including_sour)___Powdery_mildew_024571.jpg,Cherry_(including_sour)_Powdery_mildew,train
val/Rice_Leaf_Folder/rice-leaf-disease-riceguard_val_rice-leaf-disease-riceguard_val_leaf_folder_090860.jpeg,Rice_Leaf_Folder,val
train/Rice_Healthy/rice-leaf-disease-riceguard_train_rice-leaf-disease-riceguard_train_healthy_080866.jpeg,Rice_Healthy,train
train/Peach_Bacterial_spot/PlantVillage_train_PlantVillage_train_Peach___Bacterial_spot_035814.jpg,Peach_Bacterial_spot,train
train/Cassava_Mosaic_Disease/Cassava_train_Cassava_train_cmd_016488.jpg,Cassava_Mosaic_Disease,train
train/Rice_Bacterial_Leaf_Stripe/rice-leaf-disease-riceguard_train_rice-leaf-disease-riceguard_train_stripes_086925.jpeg,Rice_Bacterial_Leaf_Stripe,train
val/Cherry_(including_sour)_Powdery_mildew/PlantVillage_val_PlantVillage_val_Cherry_(including_sour)___Powdery_mildew_063514.jpg,Cherry_(including_sour)_Powdery_mildew,val
train/Rice_Leaf_Folder/rice-leaf-disease-riceguard_train_rice-leaf-disease-riceguard_train_leaf_folder_084760.jpeg,Rice_Leaf_Folder,train
train/Soybean_healthy/PlantVillage_train_PlantVillage_train_Soybean___healthy_043816.jpg,Soybean_healthy,train
train/Rice_Healthy/rice-leaf-disease-riceguard_train_rice-leaf-disease-riceguard_train_healthy_080834.jpeg,Rice_Healthy,train
train/Tomato_Septoria_Leaf_Spot/plantDoc_train_plantDoc_train_Tomato_Septoria_leaf_spot_021950.jpg,Tomato_Septoria_Leaf_Spot,train
train/Rice_Insect_Damage/rice-leaf-disease-riceguard_train_rice-leaf-disease-riceguard_train_insect_083961.jpeg,Rice_Insect_Damage,train
test/Apple_Cedar_Apple_Rust/Apple_Disease_Dataset_test_Apple_Disease_Dataset_test_Apple___Cedar_apple_rust_001011.jpg,Apple_Cedar_Apple_Rust,test
train/Soybean_healthy/PlantVillage_train_PlantVillage_train_Soybean___healthy_042394.jpg,Soybean_healthy,train
train/Rice_Blast/rice-leaf-disease-riceguard_train_rice-leaf-disease-riceguard_train_blast_077044.jpeg,Rice_Blast,train
val/Blueberry_healthy/PlantVillage_val_PlantVillage_val_Blueberry___healthy_063197.jpg,Blueberry_healthy,val
train/Grape_Leaf_blight_(Isariopsis_Leaf_Spot)/PlantVillage_train_PlantVillage_train_Grape___Leaf_blight_(Isariopsis_Leaf_Spot)_030652.jpg,Grape_Leaf_blight_(Isariopsis_Leaf_Spot),train
train/Raspberry_healthy/PlantVillage_train_PlantVillage_train_Raspberry___healthy_041333.jpg,Raspberry_healthy,train
train/Tomato_Leaf_Mold/PlantVillage_train_PlantVillage_train_Tomato___Leaf_Mold_053886.jpg,Tomato_Leaf_Mold,train
train/Tomato_Healthy/PlantVillage_train_PlantVillage_train_Tomato___healthy_051026.jpg,Tomato_Healthy,train
train/Apple_Scab/Apple_Disease_Dataset_train_Apple_Disease_Dataset_train_Apple___Apple_scab_003014.jpg,Apple_Scab,train
train/Tomato_Yellow_Leaf_Curl_Virus/PlantVillage_train_PlantVillage_train_Tomato___Tomato_Yellow_Leaf_Curl_Virus_059562.jpg,Tomato_Yellow_Leaf_Curl_Virus,train
train/Tomato_Septoria_Leaf_Spot/plantDoc_train_plantDoc_train_Tomato_Septoria_leaf_spot_021921.jpg,Tomato_Septoria_Leaf_Spot,train
train/Corn_(maize)_Common_rust_/PlantVillage_train_PlantVillage_train_Corn_(maize)___Common_rust__025547.jpg,Corn_(maize)_Common_rust_,train
train/Tomato_Spider_Mites/PlantVillage_train_PlantVillage_train_Tomato___Spider_mites Two-spotted_spider_mite_056088.jpg,Tomato_Spider_Mites,train
"train/Bell_Pepper_Healthy/PlantVillage_train_PlantVillage_train_Pepper,_bell___healthy_039288.jpg",Bell_Pepper_Healthy,train
train/Strawberry_leaf/plantDoc_train_plantDoc_train_Strawberry_leaf_021137.jpg,Strawberry_leaf,train
test/Rice_Healthy/rice-leaf-disease-riceguard_test_rice-leaf-disease-riceguard_test_healthy_073958.jpeg,Rice_Healthy,test
train/Potato_Early_Blight/PlantVillage_train_PlantVillage_train_Potato___Early_blight_040047.jpg,Potato_Early_Blight,train
val/Squash_Powdery_mildew/PlantVillage_val_PlantVillage_val_Squash___Powdery_mildew_069015.jpg,Squash_Powdery_mildew,val
val/Rice_Tungro/rice-leaf-disease-riceguard_val_rice-leaf-disease-riceguard_val_tungro_091450.jpeg,Rice_Tungro,val
train/Strawberry_Leaf_scorch/PlantVillage_train_PlantVillage_train_Strawberry___Leaf_scorch_047535.jpg,Strawberry_Leaf_scorch,train
train/Tomato_Early_Blight/PlantVillage_train_PlantVillage_train_Tomato___Early_blight_050235.jpg,Tomato_Early_Blight,train
train/Tomato_Spider_Mites/PlantVillage_train_PlantVillage_train_Tomato___Spider_mites Two-spotted_spider_mite_056044.jpg,Tomato_Spider_Mites,train
train/Peach_Bacterial_spot/PlantVillage_train_PlantVillage_train_Peach___Bacterial_spot_036287.jpg,Peach_Bacterial_spot,train
train/Corn_leaf_blight/plantDoc_train_plantDoc_train_Corn_leaf_blight_019995.jpg,Corn_leaf_blight,train
val/Tomato_Bacterial_Spot/plantDoc_val_plantDoc_train_Tomato_leaf_bacterial_spot_021407.jpg,Tomato_Bacterial_Spot,val
train/Cherry_(including_sour)_Powdery_mildew/PlantVillage_train_PlantVillage_train_Cherry_(including_sour)___Powdery_mildew_024561.jpg,Cherry_(including_sour)_Powdery_mildew,train
train/Rice_Blast/rice-leaf-disease-riceguard_train_rice-leaf-disease-riceguard_train_blast_078688.jpeg,Rice_Blast,train
train/Rice_Healthy/rice-leaf-disease-riceguard_train_rice-leaf-disease-riceguard_train_healthy_079947.jpeg,Rice_Healthy,train
train/Raspberry_healthy/PlantVillage_train_PlantVillage_train_Raspberry___healthy_041437.jpg,Raspberry_healthy,train
train/Soyabean_leaf/plantDoc_train_plantDoc_train_Soyabean_leaf_020945.jpg,Soyabean_leaf,train
train/Blueberry_healthy/PlantVillage_train_PlantVillage_train_Blueberry___healthy_022180.jpg,Blueberry_healthy,train
train/Rice_Blast/rice-leaf-disease-riceguard_train_rice-leaf-disease-riceguard_train_blast_076981.jpeg,Rice_Blast,train
test/Rice_Tungro/rice-leaf-disease-riceguard_test_rice-leaf-disease-riceguard_test_tungro_075779.jpeg,Rice_Tungro,test
train/Blueberry_leaf/plantDoc_train_plantDoc_train_Blueberry_leaf_019758.jpg,Blueberry_leaf,train
train/Apple_Scab/Apple_Disease_Dataset_train_Apple_Disease_Dataset_train_Apple___Apple_scab_002515.jpg,Apple_Scab,train
train/Rice_Insect_Damage/rice-leaf-disease-riceguard_train_rice-leaf-disease-riceguard_train_insect_083447.jpeg,Rice_Insect_Damage,train
val/Corn_(maize)_healthy/PlantVillage_val_PlantVillage_val_Corn_(maize)___healthy_063985.jpg,Corn_(maize)_healthy,val
train/Cassava_Brown_Streak_Disease/Cassava_train_Cassava_train_cbsd_014200.jpg,Cassava_Brown_Streak_Disease,train
train/Rice_Leaf_Folder/rice-leaf-disease-riceguard_train_rice-leaf-disease-riceguard_train_leaf_folder_084574.jpeg,Rice_Leaf_Folder,train
test/Tomato_Bacterial_Spot/PlantVillage_test_PlantVillage_train_Tomato___Bacterial_spot_049024.jpg,Tomato_Bacterial_Spot,test
"val/Bell_Pepper_Healthy/PlantVillage_val_PlantVillage_val_Pepper,_bell___healthy_067160.jpg",Bell_Pepper_Healthy,val
val/Apple_Black_Rot/Apple_Disease_Dataset_val_Apple_Disease_Dataset_train_Apple___Black_rot_004097.jpg,Apple_Black_Rot,val
train/Apple_Scab/Apple_Disease_Dataset_train_Apple_Disease_Dataset_train_Apple___Apple_scab_002349.jpg,Apple_Scab,train
val/Rice_Healthy/rice-leaf-disease-riceguard_val_rice-leaf-disease-riceguard_val_healthy_090146.jpeg,Rice_Healthy,val
val/Corn_rust_leaf/plantDoc_val_plantDoc_train_Corn_rust_leaf_020167.jpg,Corn_rust_leaf,val
train/grape_leaf/plantDoc_train_plantDoc_train_grape_leaf_020215.jpg,grape_leaf,train
train/Tomato_Healthy/PlantVillage_train_PlantVillage_train_Tomato___healthy_052142.jpg,Tomato_Healthy,train
test/Rice_Healthy/rice-leaf-disease-riceguard_test_rice-leaf-disease-riceguard_test_healthy_074160.jpeg,Rice_Healthy,test
train/Tomato_Target_Spot/PlantVillage_train_PlantVillage_train_Tomato___Target_Spot_057570.jpg,Tomato_Target_Spot,train
val/Orange_Haunglongbing_(Citrus_greening)/PlantVillage_val_PlantVillage_val_Orange___Haunglongbing_(Citrus_greening)_065267.jpg,Orange_Haunglongbing_(Citrus_greening),val
test/Cassava_Bacterial_Blight/Cassava_test_Cassava_train_cbb_013742.jpg,Cassava_Bacterial_Blight,test
train/Raspberry_leaf/plantDoc_train_plantDoc_train_Raspberry_leaf_020826.jpg,Raspberry_leaf,train
val/Strawberry_leaf/plantDoc_val_plantDoc_train_Strawberry_leaf_021100.jpg,Strawberry_leaf,val
train/Rice_Tungro/rice-leaf-disease-riceguard_train_rice-leaf-disease-riceguard_train_tungro_088291.jpeg,Rice_Tungro,train
train/Tomato_Early_Blight/PlantVillage_train_PlantVillage_train_Tomato___Early_blight_050232.jpg,Tomato_Early_Blight,train
train/Potato_Late_Blight/PlantVillage_train_PlantVillage_train_Potato___Late_blight_040537.jpg,Potato_Late_Blight,train
train/Tomato_Leaf_Mold/PlantVillage_train_PlantVillage_train_Tomato___Leaf_Mold_053919.jpg,Tomato_Leaf_Mold,train
train/Cassava_Mosaic_Disease/Cassava_train_Cassava_train_cmd_018045.jpg,Cassava_Mosaic_Disease,train
train/Strawberry_healthy/PlantVillage_train_PlantVillage_train_Strawberry___healthy_047142.jpg,Strawberry_healthy,train
train/Soybean_healthy/PlantVillage_train_PlantVillage_train_Soybean___healthy_041959.jpg,Soybean_healthy,train
train/Rice_Blast/rice-leaf-disease-riceguard_train_rice-leaf-disease-riceguard_train_blast_076962.jpeg,Rice_Blast,train
train/Tomato_Bacterial_Spot/PlantVillage_train_PlantVillage_train_Tomato___Bacterial_spot_048559.jpg,Tomato_Bacterial_Spot,train
train/Corn_leaf_blight/plantDoc_train_plantDoc_train_Corn_leaf_blight_019944.jpg,Corn_leaf_blight,train
train/Potato_Late_Blight/PlantVillage_train_PlantVillage_train_Potato___Late_blight_040958.jpg,Potato_Late_Blight,train
train/Squash_Powdery_mildew/PlantVillage_train_PlantVillage_train_Squash___Powdery_mildew_046388.jpg,Squash_Powdery_mildew,train
train/Tomato_Target_Spot/PlantVillage_train_PlantVillage_train_Tomato___Target_Spot_057518.jpg,Tomato_Target_Spot,train
val/Grape_Black_rot/PlantVillage_val_PlantVillage_val_Grape___Black_rot_064369.jpg,Grape_Black_rot,val
train/Cassava_Brown_Streak_Disease/Cassava_train_Cassava_train_cbsd_013991.jpg,Cassava_Brown_Streak_Disease,train
train/Soybean_healthy/PlantVillage_train_PlantVillage_train_Soybean___healthy_044737.jpg,Soybean_healthy,train
train/Cassava_Green_Mite/Cassava_train_Cassava_train_cgm_015728.jpg,Cassava_Green_Mite,train
train/Tomato_Spider_Mites/PlantVillage_train_PlantVillage_train_Tomato___Spider_mites Two-spotted_spider_mite_056320.jpg,Tomato_Spider_Mites,train
train/Apple_Healthy/plantDoc_train_plantDoc_train_Apple_leaf_019358.jpg,Apple_Healthy,train
train/Rice_Blast/rice-leaf-disease-riceguard_train_rice-leaf-disease-riceguard_train_blast_079171.jpg,Rice_Blast,train
test/Rice_Insect_Damage/rice-leaf-disease-riceguard_test_rice-leaf-disease-riceguard_test_insect_074654.jpeg,Rice_Insect_Damage,test
train/Tomato_Spider_Mites/PlantVillage_train_PlantVillage_train_Tomato___Spider_mites Two-spotted_spider_mite_056864.jpg,Tomato_Spider_Mites,train
train/Corn_(maize)_Common_rust_/PlantVillage_train_PlantVillage_train_Corn_(maize)___Common_rust__025631.jpg,Corn_(maize)_Common_rust_,train
train/Cassava_Mosaic_Disease/Cassava_train_Cassava_train_cmd_017897.jpg,Cassava_Mosaic_Disease,train
train/Rice_Blast/rice-leaf-disease-riceguard_train_rice-leaf-disease-riceguard_train_blast_076367.jpeg,Rice_Blast,train
test/Grape_Black_rot/PlantVillage_test_PlantVillage_train_Grape___Black_rot_028055.jpg,Grape_Black_rot,test
val/Potato_Late_Blight/PlantVillage_val_PlantVillage_val_Potato___Late_blight_067540.jpg,Potato_Late_Blight,val
train/Squash_Powdery_mildew/PlantVillage_train_PlantVillage_train_Squash___Powdery_mildew_046081.jpg,Squash_Powdery_mildew,train
train/Rice_Leaf_Folder/rice-leaf-disease-riceguard_train_rice-leaf-disease-riceguard_train_leaf_folder_085430.jpeg,Rice_Leaf_Folder,train
train/Tomato_Target_Spot/PlantVillage_train_PlantVillage_train_Tomato___Target_Spot_057950.jpg,Tomato_Target_Spot,train
train/Orange_Haunglongbing_(Citrus_greening)/PlantVillage_train_PlantVillage_train_Orange___Haunglongbing_(Citrus_greening)_035422.jpg,Orange_Haunglongbing_(Citrus_greening),train
test/Tomato_Septoria_Leaf_Spot/PlantVillage_test_PlantVillage_train_Tomato___Septoria_leaf_spot_055170.jpg,Tomato_Septoria_Leaf_Spot,test
train/Tomato_Yellow_Leaf_Curl_Virus/PlantVillage_train_PlantVillage_train_Tomato___Tomato_Yellow_Leaf_Curl_Virus_059727.jpg,Tomato_Yellow_Leaf_Curl_Virus,train
train/Grape_Black_rot/PlantVillage_train_PlantVillage_train_Grape___Black_rot_028575.jpg,Grape_Black_rot,train
val/Potato_Late_Blight/PlantVillage_val_PlantVillage_val_Potato___Late_blight_067658.jpg,Potato_Late_Blight,val
train/Peach_healthy/PlantVillage_train_PlantVillage_train_Peach___healthy_037364.jpg,Peach_healthy,train
train/Rice_Healthy/rice-leaf-disease-riceguard_train_rice-leaf-disease-riceguard_train_healthy_080778.jpeg,Rice_Healthy,train
train/Tomato_Yellow_Leaf_Curl_Virus/PlantVillage_train_PlantVillage_train_Tomato___Tomato_Yellow_Leaf_Curl_Virus_059512.jpg,Tomato_Yellow_Leaf_Curl_Virus,train
val/Rice_Healthy/rice-leaf-disease-riceguard_val_rice-leaf-disease-riceguard_val_healthy_089860.jpeg,Rice_Healthy,val
train/Peach_Bacterial_spot/PlantVillage_train_PlantVillage_train_Peach___Bacterial_spot_036347.jpg,Peach_Bacterial_spot,train
train/Rice_Insect_Damage/rice-leaf-disease-riceguard_train_rice-leaf-disease-riceguard_train_insect_084031.jpeg,Rice_Insect_Damage,train
train/Tomato_Yellow_Leaf_Curl_Virus/PlantVillage_train_PlantVillage_train_Tomato___Tomato_Yellow_Leaf_Curl_Virus_060599.jpg,Tomato_Yellow_Leaf_Curl_Virus,train
train/Tomato_Bacterial_Spot/PlantVillage_train_PlantVillage_train_Tomato___Bacterial_spot_049522.jpg,Tomato_Bacterial_Spot,train
test/Rice_Tungro/rice-leaf-disease-riceguard_test_rice-leaf-disease-riceguard_test_tungro_075668.jpeg,Rice_Tungro,test
train/Rice_Blast/rice-leaf-disease-riceguard_train_rice-leaf-disease-riceguard_train_blast_077708.jpeg,Rice_Blast,train
train/Soybean_healthy/PlantVillage_train_PlantVillage_train_Soybean___healthy_042558.jpg,Soybean_healthy,train
train/Grape_Black_rot/PlantVillage_train_PlantVillage_train_Grape___Black_rot_028511.jpg,Grape_Black_rot,train
train/Tomato_Late_Blight/PlantVillage_train_PlantVillage_train_Tomato___Late_blight_053199.jpg,Tomato_Late_Blight,train
train/Rice_Insect_Damage/rice-leaf-disease-riceguard_train_rice-leaf-disease-riceguard_train_insect_083742.jpeg,Rice_Insect_Damage,train
train/Peach_leaf/plantDoc_train_plantDoc_train_Peach_leaf_020416.jpg,Peach_leaf,train
"train/Bell_Pepper_Healthy/PlantVillage_train_PlantVillage_train_Pepper,_bell___healthy_038595.jpg",Bell_Pepper_Healthy,train
train/Corn_(maize)_healthy/PlantVillage_train_PlantVillage_train_Corn_(maize)___healthy_026713.jpg,Corn_(maize)_healthy,train
val/Tomato_Bacterial_Spot/PlantVillage_val_PlantVillage_val_Tomato___Bacterial_spot_069568.jpg,Tomato_Bacterial_Spot,val
test/Rice_Tungro/rice-leaf-disease-riceguard_test_rice-leaf-disease-riceguard_test_tungro_075733.jpeg,Rice_Tungro,test
train/Tomato_Spider_Mites/PlantVillage_train_PlantVillage_train_Tomato___Spider_mites Two-spotted_spider_mite_056758.jpg,Tomato_Spider_Mites,train
val/Soybean_healthy/PlantVillage_val_PlantVillage_val_Soybean___healthy_068547.jpg,Soybean_healthy,val
"train/Bell_Pepper_Healthy/PlantVillage_train_PlantVillage_train_Pepper,_bell___healthy_038905.jpg",Bell_Pepper_Healthy,train
train/Rice_Blast/rice-leaf-disease-riceguard_train_rice-leaf-disease-riceguard_train_blast_079029.jpeg,Rice_Blast,train
"train/Bell_Pepper_Bacterial_Spot/PlantVillage_train_PlantVillage_train_Pepper,_bell___Bacterial_spot_037938.jpg",Bell_Pepper_Bacterial_Spot,train
train/Cassava_Mosaic_Disease/Cassava_train_Cassava_train_cmd_017659.jpg,Cassava_Mosaic_Disease,train
train/Grape_Black_rot/PlantVillage_train_PlantVillage_train_Grape___Black_rot_028745.jpg,Grape_Black_rot,train
train/Cassava_Mosaic_Disease/Cassava_train_Cassava_train_cmd_016378.jpg,Cassava_Mosaic_Disease,train
train/Orange_Haunglongbing_(Citrus_greening)/PlantVillage_train_PlantVillage_train_Orange___Haunglongbing_(Citrus_greening)_031995.jpg,Orange_Haunglongbing_(Citrus_greening),train
train/Cherry_(including_sour)_Powdery_mildew/PlantVillage_train_PlantVillage_train_Cherry_(including_sour)___Powdery_mildew_023968.jpg,Cherry_(including_sour)_Powdery_mildew,train
train/Rice_Blast/rice-leaf-disease-riceguard_train_rice-leaf-disease-riceguard_train_blast_078893.jpeg,Rice_Blast,train
val/Apple_Black_Rot/Apple_Disease_Dataset_val_Apple_Disease_Dataset_train_Apple___Black_rot_004987.jpg,Apple_Black_Rot,val
train/Blueberry_leaf/plantDoc_train_plantDoc_train_Blueberry_leaf_019784.jpg,Blueberry_leaf,train
train/Tomato_Yellow_Leaf_Curl_Virus/PlantVillage_train_PlantVillage_train_Tomato___Tomato_Yellow_Leaf_Curl_Virus_062489.jpg,Tomato_Yellow_Leaf_Curl_Virus,train
val/Soybean_healthy/PlantVillage_val_PlantVillage_val_Soybean___healthy_068048.jpg,Soybean_healthy,val
train/Cassava_Brown_Streak_Disease/Cassava_train_Cassava_train_cbsd_014541.jpg,Cassava_Brown_Streak_Disease,train
val/Apple_Black_Rot/Apple_Disease_Dataset_val_Apple_Disease_Dataset_train_Apple___Black_rot_005017.jpg,Apple_Black_Rot,val
train/Tomato_Yellow_Leaf_Curl_Virus/PlantVillage_train_PlantVillage_train_Tomato___Tomato_Yellow_Leaf_Curl_Virus_059318.jpg,Tomato_Yellow_Leaf_Curl_Virus,train
train/Tomato_Yellow_Leaf_Curl_Virus/PlantVillage_train_PlantVillage_train_Tomato___Tomato_Yellow_Leaf_Curl_Virus_062019.jpg,Tomato_Yellow_Leaf_Curl_Virus,train
test/Blueberry_healthy/PlantVillage_test_PlantVillage_train_Blueberry___healthy_022046.jpg,Blueberry_healthy,test
train/Tomato_Septoria_Leaf_Spot/PlantVillage_train_PlantVillage_train_Tomato___Septoria_leaf_spot_054675.jpg,Tomato_Septoria_Leaf_Spot,train
train/Tomato_Leaf_Mold/PlantVillage_train_PlantVillage_train_Tomato___Leaf_Mold_053990.jpg,Tomato_Leaf_Mold,train
val/Tomato_Early_Blight/PlantVillage_val_PlantVillage_val_Tomato___Early_blight_070021.jpg,Tomato_Early_Blight,val
train/Cassava_Mosaic_Disease/Cassava_train_Cassava_train_cmd_018002.jpg,Cassava_Mosaic_Disease,train
val/Cassava_Brown_Streak_Disease/Cassava_val_Cassava_train_cbsd_014452.jpg,Cassava_Brown_Streak_Disease,val
test/Apple_Black_Rot/Apple_Disease_Dataset_test_Apple_Disease_Dataset_test_Apple___Black_rot_000958.jpg,Apple_Black_Rot,test
train/Rice_Healthy/rice-leaf-disease-riceguard_train_rice-leaf-disease-riceguard_train_healthy_081846.jpeg,Rice_Healthy,train
train/Rice_Insect_Damage/rice-leaf-disease-riceguard_train_rice-leaf-disease-riceguard_train_insect_083186.jpeg,Rice_Insect_Damage,train
val/Rice_Bacterial_Leaf_Stripe/rice-leaf-disease-riceguard_val_rice-leaf-disease-riceguard_val_stripes_091098.jpeg,Rice_Bacterial_Leaf_Stripe,val
test/Raspberry_healthy/PlantVillage_test_PlantVillage_train_Raspberry___healthy_041569.jpg,Raspberry_healthy,test
train/Strawberry_Leaf_scorch/PlantVillage_train_PlantVillage_train_Strawberry___Leaf_scorch_048327.jpg,Strawberry_Leaf_scorch,train
train/Grape_Esca_(Black_Measles)/PlantVillage_train_PlantVillage_train_Grape___Esca_(Black_Measles)_029467.jpg,Grape_Esca_(Black_Measles),train
train/Cherry_(including_sour)_Powdery_mildew/PlantVillage_train_PlantVillage_train_Cherry_(including_sour)___Powdery_mildew_024361.jpg,Cherry_(including_sour)_Powdery_mildew,train
train/Rice_Leaf_Folder/rice-leaf-disease-riceguard_train_rice-leaf-disease-riceguard_train_leaf_folder_085528.jpeg,Rice_Leaf_Folder,train
"train/Bell_Pepper_Healthy/PlantVillage_train_PlantVillage_train_Pepper,_bell___healthy_039159.jpg",Bell_Pepper_Healthy,train
val/Squash_Powdery_mildew/PlantVillage_val_PlantVillage_val_Squash___Powdery_mildew_069133.jpg,Squash_Powdery_mildew,val
train/Squash_Powdery_mildew/PlantVillage_train_PlantVillage_train_Squash___Powdery_mildew_046224.jpg,Squash_Powdery_mildew,train
val/Tomato_Early_Blight/PlantVillage_val_PlantVillage_val_Tomato___Early_blight_070092.jpg,Tomato_Early_Blight,val
train/Cassava_Brown_Streak_Disease/Cassava_train_Cassava_train_cbsd_015100.jpg,Cassava_Brown_Streak_Disease,train
train/Orange_Haunglongbing_(Citrus_greening)/PlantVillage_train_PlantVillage_train_Orange___Haunglongbing_(Citrus_greening)_035145.jpg,Orange_Haunglongbing_(Citrus_greening),train
train/Rice_Blast/rice-leaf-disease-riceguard_train_rice-leaf-disease-riceguard_train_blast_076730.jpeg,Rice_Blast,train
val/Cherry_(including_sour)_Powdery_mildew/PlantVillage_val_PlantVillage_val_Cherry_(including_sour)___Powdery_mildew_063574.jpg,Cherry_(including_sour)_Powdery_mildew,val
train/Cassava_Healthy/Cassava_train_Cassava_train_healthy_018983.jpg,Cassava_Healthy,train
test/Rice_Blast/rice-leaf-disease-riceguard_test_rice-leaf-disease-riceguard_test_blast_073563.jpeg,Rice_Blast,test
train/Tomato_Septoria_Leaf_Spot/PlantVillage_train_PlantVillage_train_Tomato___Septoria_leaf_spot_055489.jpg,Tomato_Septoria_Leaf_Spot,train
train/Strawberry_Leaf_scorch/PlantVillage_train_PlantVillage_train_Strawberry___Leaf_scorch_048082.jpg,Strawberry_Leaf_scorch,train
train/Potato_Early_Blight/PlantVillage_train_PlantVillage_train_Potato___Early_blight_040139.jpg,Potato_Early_Blight,train
train/Tomato_Early_Blight/PlantVillage_train_PlantVillage_train_Tomato___Early_blight_050831.jpg,Tomato_Early_Blight,train
train/Tomato_Early_Blight/PlantVillage_train_PlantVillage_train_Tomato___Early_blight_050590.jpg,Tomato_Early_Blight,train
train/Rice_Healthy/rice-leaf-disease-riceguard_train_rice-leaf-disease-riceguard_train_healthy_081017.jpeg,Rice_Healthy,train
"train/Bell_Pepper_Bacterial_Spot/PlantVillage_train_PlantVillage_train_Pepper,_bell___Bacterial_spot_038389.jpg",Bell_Pepper_Bacterial_Spot,train
train/Potato_Late_Blight/PlantVillage_train_PlantVillage_train_Potato___Late_blight_041151.jpg,Potato_Late_Blight,train
val/Grape_Leaf_blight_(Isariopsis_Leaf_Spot)/PlantVillage_val_PlantVillage_val_Grape___Leaf_blight_(Isariopsis_Leaf_Spot)_065029.jpg,Grape_Leaf_blight_(Isariopsis_Leaf_Spot),val
"val/Bell_Pepper_Bacterial_Spot/PlantVillage_val_PlantVillage_val_Pepper,_bell___Bacterial_spot_066870.jpg",Bell_Pepper_Bacterial_Spot,val
train/Rice_Blast/rice-leaf-disease-riceguard_train_rice-leaf-disease-riceguard_train_blast_076795.jpeg,Rice_Blast,train
test/Tomato_Leaf_Mold/PlantVillage_test_PlantVillage_train_Tomato___Leaf_Mold_053869.jpg,Tomato_Leaf_Mold,test
train/Rice_Insect_Damage/rice-leaf-disease-riceguard_train_rice-leaf-disease-riceguard_train_insect_083321.jpeg,Rice_Insect_Damage,train
train/Cassava_Bacterial_Blight/Cassava_train_Cassava_train_cbb_013835.jpg,Cassava_Bacterial_Blight,train
train/Tomato_Bacterial_Spot/PlantVillage_train_PlantVillage_train_Tomato___Bacterial_spot_049116.jpg,Tomato_Bacterial_Spot,train
train/Corn_(maize)_Northern_Leaf_Blight/PlantVillage_train_PlantVillage_train_Corn_(maize)___Northern_Leaf_Blight_027178.jpg,Corn_(maize)_Northern_Leaf_Blight,train
train/Raspberry_leaf/plantDoc_train_plantDoc_train_Raspberry_leaf_020868.jpg,Raspberry_leaf,train
train/Apple_Cedar_Apple_Rust/Apple_Disease_Dataset_train_Apple_Disease_Dataset_train_Apple___Cedar_apple_rust_006293.jpg,Apple_Cedar_Apple_Rust,train
train/Rice_Healthy/rice-leaf-disease-riceguard_train_rice-leaf-disease-riceguard_train_healthy_082054.jpeg,Rice_Healthy,train
val/Grape_Black_rot/PlantVillage_val_PlantVillage_val_Grape___Black_rot_064541.jpg,Grape_Black_rot,val
test/Rice_Healthy/rice-leaf-disease-riceguard_test_rice-leaf-disease-riceguard_test_healthy_074279.jpeg,Rice_Healthy,test
train/grape_leaf/plantDoc_train_plantDoc_train_grape_leaf_020263.jpg,grape_leaf,train
train/Strawberry_Leaf_scorch/PlantVillage_train_PlantVillage_train_Strawberry___Leaf_scorch_047936.jpg,Strawberry_Leaf_scorch,train
train/Rice_Blast/rice-leaf-disease-riceguard_train_rice-leaf-disease-riceguard_train_blast_076570.jpeg,Rice_Blast,train
test/Orange_Haunglongbing_(Citrus_greening)/PlantVillage_test_PlantVillage_train_Orange___Haunglongbing_(Citrus_greening)_031926.jpg,Orange_Haunglongbing_(Citrus_greening),test
"train/Bell_Pepper_Healthy/PlantVillage_train_PlantVillage_train_Pepper,_bell___healthy_039493.jpg",Bell_Pepper_Healthy,train
train/Grape_Leaf_blight_(Isariopsis_Leaf_Spot)/PlantVillage_train_PlantVillage_train_Grape___Leaf_blight_(Isariopsis_Leaf_Spot)_030541.jpg,Grape_Leaf_blight_(Isariopsis_Leaf_Spot),train
train/Orange_Haunglongbing_(Citrus_greening)/PlantVillage_train_PlantVillage_train_Orange___Haunglongbing_(Citrus_greening)_031673.jpg,Orange_Haunglongbing_(Citrus_greening),train
test/Apple_Cedar_Apple_Rust/Apple_Disease_Dataset_test_Apple_Disease_Dataset_test_Apple___Cedar_apple_rust_001329.jpg,Apple_Cedar_Apple_Rust,test
train/Rice_Tungro/rice-leaf-disease-riceguard_train_rice-leaf-disease-riceguard_train_tungro_087761.jpeg,Rice_Tungro,train
train/Rice_Scald/rice-leaf-disease-riceguard_train_rice-leaf-disease-riceguard_train_scald_085797.jpg,Rice_Scald,train
train/grape_leaf_black_rot/plantDoc_train_plantDoc_train_grape_leaf_black_rot_020280.jpg,grape_leaf_black_rot,train
train/Rice_Healthy/rice-leaf-disease-riceguard_train_rice-leaf-disease-riceguard_train_healthy_080859.jpeg,Rice_Healthy,train
test/Cassava_Mosaic_Disease/Cassava_test_Cassava_train_cmd_017283.jpg,Cassava_Mosaic_Disease,test
train/Peach_leaf/plantDoc_train_plantDoc_train_Peach_leaf_020419.jpg,Peach_leaf,train
train/Apple_Cedar_Apple_Rust/Apple_Disease_Dataset_train_Apple_Disease_Dataset_train_Apple___Cedar_apple_rust_007379.jpg,Apple_Cedar_Apple_Rust,train
train/Cherry_(including_sour)_Powdery_mildew/PlantVillage_train_PlantVillage_train_Cherry_(including_sour)___Powdery_mildew_024540.jpg,Cherry_(including_sour)_Powdery_mildew,train
train/Blueberry_healthy/PlantVillage_train_PlantVillage_train_Blueberry___healthy_022162.jpg,Blueberry_healthy,train
test/grape_leaf/plantDoc_test_plantDoc_test_grape_leaf_019194.jpg,grape_leaf,test
"train/Bell_Pepper_Healthy/PlantVillage_train_PlantVillage_train_Pepper,_bell___healthy_039404.jpg",Bell_Pepper_Healthy,train
train/Tomato_Late_Blight/PlantVillage_train_PlantVillage_train_Tomato___Late_blight_052663.jpg,Tomato_Late_Blight,train
train/Apple_Healthy/Apple_Disease_Dataset_train_Apple_Disease_Dataset_train_Apple___healthy_008033.jpg,Apple_Healthy,train
train/Rice_Tungro/rice-leaf-disease-riceguard_train_rice-leaf-disease-riceguard_train_tungro_088023.jpeg,Rice_Tungro,train
train/Tomato_Yellow_Leaf_Curl_Virus/PlantVillage_train_PlantVillage_train_Tomato___Tomato_Yellow_Leaf_Curl_Virus_061213.jpg,Tomato_Yellow_Leaf_Curl_Virus,train
train/Cassava_Mosaic_Disease/Cassava_train_Cassava_train_cmd_016771.jpg,Cassava_Mosaic_Disease,train
val/Raspberry_leaf/plantDoc_val_plantDoc_train_Raspberry_leaf_020839.jpg,Raspberry_leaf,val
train/grape_leaf_black_rot/plantDoc_train_plantDoc_train_grape_leaf_black_rot_020298.jpg,grape_leaf_black_rot,train
train/Cassava_Mosaic_Disease/Cassava_train_Cassava_train_cmd_016411.jpg,Cassava_Mosaic_Disease,train
train/Raspberry_healthy/PlantVillage_train_PlantVillage_train_Raspberry___healthy_041350.jpg,Raspberry_healthy,train
train/Peach_Bacterial_spot/PlantVillage_train_PlantVillage_train_Peach___Bacterial_spot_036201.jpg,Peach_Bacterial_spot,train
train/Cherry_leaf/plantDoc_train_plantDoc_train_Cherry_leaf_019859.jpg,Cherry_leaf,train
test/Apple_Black_Rot/Apple_Disease_Dataset_test_Apple_Disease_Dataset_test_Apple___Black_rot_000629.jpg,Apple_Black_Rot,test
train/Rice_Insect_Damage/rice-leaf-disease-riceguard_train_rice-leaf-disease-riceguard_train_insect_083546.jpeg,Rice_Insect_Damage,train
test/Tomato_Target_Spot/PlantVillage_test_PlantVillage_train_Tomato___Target_Spot_057982.jpg,Tomato_Target_Spot,test
train/Cassava_Brown_Streak_Disease/Cassava_train_Cassava_train_cbsd_014857.jpg,Cassava_Brown_Streak_Disease,train
val/Rice_Healthy/rice-leaf-disease-riceguard_val_rice-leaf-disease-riceguard_val_healthy_089727.jpeg,Rice_Healthy,val
train/Tomato_Yellow_Leaf_Curl_Virus/PlantVillage_train_PlantVillage_train_Tomato___Tomato_Yellow_Leaf_Curl_Virus_062680.jpg,Tomato_Yellow_Leaf_Curl_Virus,train
train/Cassava_Healthy/Cassava_train_Cassava_train_healthy_018797.jpg,Cassava_Healthy,train
val/Apple_Cedar_Apple_Rust/Apple_Disease_Dataset_val_Apple_Disease_Dataset_train_Apple___Cedar_apple_rust_007434.jpg,Apple_Cedar_Apple_Rust,val
test/Rice_Tungro/rice-leaf-disease-riceguard_test_rice-leaf-disease-riceguard_test_tungro_075799.jpeg,Rice_Tungro,test
val/Potato_Late_Blight/PlantVillage_val_PlantVillage_val_Potato___Late_blight_067719.jpg,Potato_Late_Blight,val
"train/Bell_Pepper_Healthy/PlantVillage_train_PlantVillage_train_Pepper,_bell___healthy_038422.jpg",Bell_Pepper_Healthy,train
val/Rice_Tungro/rice-leaf-disease-riceguard_val_rice-leaf-disease-riceguard_val_tungro_091572.jpeg,Rice_Tungro,val
val/Grape_Black_rot/PlantVillage_val_PlantVillage_val_Grape___Black_rot_064375.jpg,Grape_Black_rot,val
train/Cassava_Mosaic_Disease/Cassava_train_Cassava_train_cmd_016709.jpg,Cassava_Mosaic_Disease,train
test/Soyabean_leaf/plantDoc_test_plantDoc_test_Soyabean_leaf_019244.jpg,Soyabean_leaf,test
train/Tomato_Spider_Mites/PlantVillage_train_PlantVillage_train_Tomato___Spider_mites Two-spotted_spider_mite_055914.jpg,Tomato_Spider_Mites,train
train/Cassava_Healthy/Cassava_train_Cassava_train_healthy_019060.jpg,Cassava_Healthy,train
train/grape_leaf_black_rot/plantDoc_train_plantDoc_train_grape_leaf_black_rot_020331.jpg,grape_leaf_black_rot,train
train/Rice_Blast/rice-leaf-disease-riceguard_train_rice-leaf-disease-riceguard_train_blast_077705.jpeg,Rice_Blast,train
val/Tomato_Yellow_Leaf_Curl_Virus/PlantVillage_val_PlantVillage_val_Tomato___Tomato_Yellow_Leaf_Curl_Virus_072602.jpg,Tomato_Yellow_Leaf_Curl_Virus,val
test/Tomato_Yellow_Leaf_Curl_Virus/PlantVillage_test_PlantVillage_train_Tomato___Tomato_Yellow_Leaf_Curl_Virus_062833.jpg,Tomato_Yellow_Leaf_Curl_Virus,test
train/Tomato_Yellow_Leaf_Curl_Virus/plantDoc_train_plantDoc_train_Tomato_leaf_yellow_virus_021564.jpg,Tomato_Yellow_Leaf_Curl_Virus,train
train/Cherry_(including_sour)_healthy/PlantVillage_train_PlantVillage_train_Cherry_(including_sour)___healthy_023376.jpg,Cherry_(including_sour)_healthy,train
train/Corn_Gray_leaf_spot/plantDoc_train_plantDoc_train_Corn_Gray_leaf_spot_019868.jpg,Corn_Gray_leaf_spot,train
train/Tomato_Bacterial_Spot/PlantVillage_train_PlantVillage_train_Tomato___Bacterial_spot_049322.jpg,Tomato_Bacterial_Spot,train
train/Corn_(maize)_Cercospora_leaf_spot_Gray_leaf_spot/PlantVillage_train_PlantVillage_train_Corn_(maize)___Cercospora_leaf_spot Gray_leaf_spot_024782.jpg,Corn_(maize)_Cercospora_leaf_spot_Gray_leaf_spot,train
val/Tomato_Yellow_Leaf_Curl_Virus/PlantVillage_val_PlantVillage_val_Tomato___Tomato_Yellow_Leaf_Curl_Virus_072124.jpg,Tomato_Yellow_Leaf_Curl_Virus,val
train/Apple_Cedar_Apple_Rust/Apple_Disease_Dataset_train_Apple_Disease_Dataset_train_Apple___Cedar_apple_rust_006349.jpg,Apple_Cedar_Apple_Rust,train
val/Tomato_Bacterial_Spot/PlantVillage_val_PlantVillage_val_Tomato___Bacterial_spot_069858.jpg,Tomato_Bacterial_Spot,val
train/Cassava_Healthy/Cassava_train_Cassava_train_healthy_018946.jpg,Cassava_Healthy,train
train/Squash_Powdery_mildew_leaf/plantDoc_train_plantDoc_train_Squash_Powdery_mildew_leaf_021023.jpg,Squash_Powdery_mildew_leaf,train
train/Rice_Leaf_Folder/rice-leaf-disease-riceguard_train_rice-leaf-disease-riceguard_train_leaf_folder_085568.jpg,Rice_Leaf_Folder,train
val/Rice_Blast/rice-leaf-disease-riceguard_val_rice-leaf-disease-riceguard_val_blast_089282.jpeg,Rice_Blast,val
val/Squash_Powdery_mildew/PlantVillage_val_PlantVillage_val_Squash___Powdery_mildew_068861.jpg,Squash_Powdery_mildew,val
train/Tomato_Mosaic_Virus/PlantVillage_train_PlantVillage_train_Tomato___Tomato_mosaic_virus_058431.jpg,Tomato_Mosaic_Virus,train
train/Rice_Healthy/rice-leaf-disease-riceguard_train_rice-leaf-disease-riceguard_train_healthy_082725.jpg,Rice_Healthy,train
train/Peach_Bacterial_spot/PlantVillage_train_PlantVillage_train_Peach___Bacterial_spot_036233.jpg,Peach_Bacterial_spot,train
train/Apple_Black_Rot/Apple_Disease_Dataset_train_Apple_Disease_Dataset_train_Apple___Black_rot_004316.jpg,Apple_Black_Rot,train
train/Raspberry_leaf/plantDoc_train_plantDoc_train_Raspberry_leaf_020904.jpg,Raspberry_leaf,train
val/Rice_Insect_Damage/rice-leaf-disease-riceguard_val_rice-leaf-disease-riceguard_val_insect_090532.jpeg,Rice_Insect_Damage,val
test/Apple_Healthy/Apple_Disease_Dataset_test_Apple_Disease_Dataset_test_Apple___healthy_001856.jpg,Apple_Healthy,test
train/Strawberry_healthy/PlantVillage_train_PlantVillage_train_Strawberry___healthy_047480.jpg,Strawberry_healthy,train
train/Tomato_Healthy/PlantVillage_train_PlantVillage_train_Tomato___healthy_051435.jpg,Tomato_Healthy,train
val/Corn_(maize)_Northern_Leaf_Blight/PlantVillage_val_PlantVillage_val_Corn_(maize)___Northern_Leaf_Blight_064232.jpg,Corn_(maize)_Northern_Leaf_Blight,val
train/Grape_Black_rot/PlantVillage_train_PlantVillage_train_Grape___Black_rot_028143.jpg,Grape_Black_rot,train
train/Tomato_Target_Spot/PlantVillage_train_PlantVillage_train_Tomato___Target_Spot_057286.jpg,Tomato_Target_Spot,train
test/Tomato_Yellow_Leaf_Curl_Virus/PlantVillage_test_PlantVillage_train_Tomato___Tomato_Yellow_Leaf_Curl_Virus_059199.jpg,Tomato_Yellow_Leaf_Curl_Virus,test
train/Tomato_Bacterial_Spot/PlantVillage_train_PlantVillage_train_Tomato___Bacterial_spot_049180.jpg,Tomato_Bacterial_Spot,train
val/Grape_Black_rot/PlantVillage_val_PlantVillage_val_Grape___Black_rot_064552.jpg,Grape_Black_rot,val
val/Rice_Insect_Damage/rice-leaf-disease-riceguard_val_rice-leaf-disease-riceguard_val_insect_090429.jpeg,Rice_Insect_Damage,val
train/Tomato_Septoria_Leaf_Spot/PlantVillage_train_PlantVillage_train_Tomato___Septoria_leaf_spot_055483.jpg,Tomato_Septoria_Leaf_Spot,train
train/Cherry_(including_sour)_Powdery_mildew/PlantVillage_train_PlantVillage_train_Cherry_(including_sour)___Powdery_mildew_024700.jpg,Cherry_(including_sour)_Powdery_mildew,train
train/Peach_healthy/PlantVillage_train_PlantVillage_train_Peach___healthy_037317.jpg,Peach_healthy,train
train/Grape_Black_rot/PlantVillage_train_PlantVillage_train_Grape___Black_rot_027843.jpg,Grape_Black_rot,train
train/Rice_Insect_Damage/rice-leaf-disease-riceguard_train_rice-leaf-disease-riceguard_train_insect_084313.jpg,Rice_Insect_Damage,train
train/Orange_Haunglongbing_(Citrus_greening)/PlantVillage_train_PlantVillage_train_Orange___Haunglongbing_(Citrus_greening)_032623.jpg,Orange_Haunglongbing_(Citrus_greening),train
train/Tomato_Early_Blight/PlantVillage_train_PlantVillage_train_Tomato___Early_blight_050147.jpg,Tomato_Early_Blight,train
train/Rice_Insect_Damage/rice-leaf-disease-riceguard_train_rice-leaf-disease-riceguard_train_insect_084017.jpeg,Rice_Insect_Damage,train
val/Tomato_Septoria_Leaf_Spot/plantDoc_val_plantDoc_train_Tomato_Septoria_leaf_spot_021868.jpg,Tomato_Septoria_Leaf_Spot,val
train/Squash_Powdery_mildew/PlantVillage_train_PlantVillage_train_Squash___Powdery_mildew_045737.jpg,Squash_Powdery_mildew,train
train/Orange_Haunglongbing_(Citrus_greening)/PlantVillage_train_PlantVillage_train_Orange___Haunglongbing_(Citrus_greening)_033879.jpg,Orange_Haunglongbing_(Citrus_greening),train
train/Soybean_healthy/PlantVillage_train_PlantVillage_train_Soybean___healthy_044071.jpg,Soybean_healthy,train
val/Tomato_Yellow_Leaf_Curl_Virus/PlantVillage_val_PlantVillage_val_Tomato___Tomato_Yellow_Leaf_Curl_Virus_072326.jpg,Tomato_Yellow_Leaf_Curl_Virus,val
"val/Bell_Pepper_Healthy/PlantVillage_val_PlantVillage_val_Pepper,_bell___healthy_067110.jpg",Bell_Pepper_Healthy,val
train/Apple_Healthy/Apple_Disease_Dataset_train_Apple_Disease_Dataset_train_Apple___healthy_007977.jpg,Apple_Healthy,train
train/Rice_Tungro/rice-leaf-disease-riceguard_train_rice-leaf-disease-riceguard_train_tungro_088264.jpeg,Rice_Tungro,train
val/Tomato_Bacterial_Spot/PlantVillage_val_PlantVillage_val_Tomato___Bacterial_spot_069606.jpg,Tomato_Bacterial_Spot,val
train/Grape_Leaf_blight_(Isariopsis_Leaf_Spot)/PlantVillage_train_PlantVillage_train_Grape___Leaf_blight_(Isariopsis_Leaf_Spot)_030601.jpg,Grape_Leaf_blight_(Isariopsis_Leaf_Spot),train
test/Tomato_Yellow_Leaf_Curl_Virus/PlantVillage_test_PlantVillage_train_Tomato___Tomato_Yellow_Leaf_Curl_Virus_062661.jpg,Tomato_Yellow_Leaf_Curl_Virus,test
train/grape_leaf_black_rot/plantDoc_train_plantDoc_train_grape_leaf_black_rot_020282.jpg,grape_leaf_black_rot,train
test/Potato_Healthy/PlantVillage_test_PlantVillage_train_Potato___healthy_040473.jpg,Potato_Healthy,test
train/Orange_Haunglongbing_(Citrus_greening)/PlantVillage_train_PlantVillage_train_Orange___Haunglongbing_(Citrus_greening)_031142.jpg,Orange_Haunglongbing_(Citrus_greening),train
train/Rice_Healthy/rice-leaf-disease-riceguard_train_rice-leaf-disease-riceguard_train_healthy_080108.jpeg,Rice_Healthy,train
"train/Bell_Pepper_Bacterial_Spot/PlantVillage_train_PlantVillage_train_Pepper,_bell___Bacterial_spot_037749.jpg",Bell_Pepper_Bacterial_Spot,train
val/Grape_Leaf_blight_(Isariopsis_Leaf_Spot)/PlantVillage_val_PlantVillage_val_Grape___Leaf_blight_(Isariopsis_Leaf_Spot)_065095.jpg,Grape_Leaf_blight_(Isariopsis_Leaf_Spot),val
train/Grape_Esca_(Black_Measles)/PlantVillage_train_PlantVillage_train_Grape___Esca_(Black_Measles)_029421.jpg,Grape_Esca_(Black_Measles),train
test/Rice_Healthy/rice-leaf-disease-riceguard_test_rice-leaf-disease-riceguard_test_healthy_074532.jpg,Rice_Healthy,test
train/Rice_Leaf_Folder/rice-leaf-disease-riceguard_train_rice-leaf-disease-riceguard_train_leaf_folder_084667.jpeg,Rice_Leaf_Folder,train
train/Apple_Cedar_Apple_Rust/Apple_Disease_Dataset_train_Apple_Disease_Dataset_train_Apple___Cedar_apple_rust_006324.jpg,Apple_Cedar_Apple_Rust,train
train/Orange_Haunglongbing_(Citrus_greening)/PlantVillage_train_PlantVillage_train_Orange___Haunglongbing_(Citrus_greening)_034528.jpg,Orange_Haunglongbing_(Citrus_greening),train
train/Corn_(maize)_Common_rust_/PlantVillage_train_PlantVillage_train_Corn_(maize)___Common_rust__025855.jpg,Corn_(maize)_Common_rust_,train
train/Rice_Blast/rice-leaf-disease-riceguard_train_rice-leaf-disease-riceguard_train_blast_079315.jpg,Rice_Blast,train
train/Blueberry_healthy/PlantVillage_train_PlantVillage_train_Blueberry___healthy_022290.jpg,Blueberry_healthy,train
train/Grape_Leaf_blight_(Isariopsis_Leaf_Spot)/PlantVillage_train_PlantVillage_train_Grape___Leaf_blight_(Isariopsis_Leaf_Spot)_031064.jpg,Grape_Leaf_blight_(Isariopsis_Leaf_Spot),train
train/Raspberry_healthy/PlantVillage_train_PlantVillage_train_Raspberry___healthy_041497.jpg,Raspberry_healthy,train
train/Rice_Tungro/rice-leaf-disease-riceguard_train_rice-leaf-disease-riceguard_train_tungro_088242.jpeg,Rice_Tungro,train
train/Tomato_Late_Blight/PlantVillage_train_PlantVillage_train_Tomato___Late_blight_052465.jpg,Tomato_Late_Blight,train
train/Cherry_(including_sour)_Powdery_mildew/PlantVillage_train_PlantVillage_train_Cherry_(including_sour)___Powdery_mildew_024656.jpg,Cherry_(including_sour)_Powdery_mildew,train
train/Rice_Leaf_Folder/rice-leaf-disease-riceguard_train_rice-leaf-disease-riceguard_train_leaf_folder_084734.jpeg,Rice_Leaf_Folder,train
"train/Bell_Pepper_Healthy/PlantVillage_train_PlantVillage_train_Pepper,_bell___healthy_038982.jpg",Bell_Pepper_Healthy,train
train/Soybean_healthy/PlantVillage_train_PlantVillage_train_Soybean___healthy_041761.jpg,Soybean_healthy,train
train/Orange_Haunglongbing_(Citrus_greening)/PlantVillage_train_PlantVillage_train_Orange___Haunglongbing_(Citrus_greening)_033710.jpg,Orange_Haunglongbing_(Citrus_greening),train
train/Apple_Cedar_Apple_Rust/Apple_Disease_Dataset_train_Apple_Disease_Dataset_train_Apple___Cedar_apple_rust_007631.jpg,Apple_Cedar_Apple_Rust,train
train/Rice_Healthy/rice-leaf-disease-riceguard_train_rice-leaf-disease-riceguard_train_healthy_080630.jpeg,Rice_Healthy,train
train/Potato_Early_Blight/PlantVillage_train_PlantVillage_train_Potato___Early_blight_040336.jpg,Potato_Early_Blight,train
train/Tomato_Leaf_Mold/PlantVillage_train_PlantVillage_train_Tomato___Leaf_Mold_053682.jpg,Tomato_Leaf_Mold,train
train/Cassava_Bacterial_Blight/Cassava_train_Cassava_train_cbb_013634.jpg,Cassava_Bacterial_Blight,train
train/Tomato_Septoria_Leaf_Spot/PlantVillage_train_PlantVillage_train_Tomato___Septoria_leaf_spot_055405.jpg,Tomato_Septoria_Leaf_Spot,train
train/Tomato_Healthy/PlantVillage_train_PlantVillage_train_Tomato___healthy_051534.jpg,Tomato_Healthy,train
train/Rice_Leaf_Folder/rice-leaf-disease-riceguard_train_rice-leaf-disease-riceguard_train_leaf_folder_085136.jpeg,Rice_Leaf_Folder,train
train/Apple_Cedar_Apple_Rust/Apple_Disease_Dataset_train_Apple_Disease_Dataset_train_Apple___Cedar_apple_rust_006357.jpg,Apple_Cedar_Apple_Rust,train
train/Soybean_healthy/PlantVillage_train_PlantVillage_train_Soybean___healthy_043626.jpg,Soybean_healthy,train
train/Grape_Esca_(Black_Measles)/PlantVillage_train_PlantVillage_train_Grape___Esca_(Black_Measles)_029141.jpg,Grape_Esca_(Black_Measles),train
train/Rice_Blast/rice-leaf-disease-riceguard_train_rice-leaf-disease-riceguard_train_blast_079194.jpg,Rice_Blast,train
train/Grape_Esca_(Black_Measles)/PlantVillage_train_PlantVillage_train_Grape___Esca_(Black_Measles)_029101.jpg,Grape_Esca_(Black_Measles),train
val/Soyabean_leaf/plantDoc_val_plantDoc_train_Soyabean_leaf_020931.jpg,Soyabean_leaf,val
train/Cassava_Brown_Streak_Disease/Cassava_train_Cassava_train_cbsd_015266.jpg,Cassava_Brown_Streak_Disease,train
test/Tomato_Yellow_Leaf_Curl_Virus/PlantVillage_test_PlantVillage_train_Tomato___Tomato_Yellow_Leaf_Curl_Virus_062042.jpg,Tomato_Yellow_Leaf_Curl_Virus,test
train/Tomato_Early_Blight/PlantVillage_train_PlantVillage_train_Tomato___Early_blight_050259.jpg,Tomato_Early_Blight,train
train/Peach_Bacterial_spot/PlantVillage_train_PlantVillage_train_Peach___Bacterial_spot_035669.jpg,Peach_Bacterial_spot,train
train/Blueberry_healthy/PlantVillage_train_PlantVillage_train_Blueberry___healthy_022835.jpg,Blueberry_healthy,train
train/grape_leaf/plantDoc_train_plantDoc_train_grape_leaf_020260.jpg,grape_leaf,train
train/Rice_Healthy/rice-leaf-disease-riceguard_train_rice-leaf-disease-riceguard_train_healthy_082358.jpg,Rice_Healthy,train
test/Squash_Powdery_mildew/PlantVillage_test_PlantVillage_train_Squash___Powdery_mildew_046523.jpg,Squash_Powdery_mildew,test
train/Grape_Black_rot/PlantVillage_train_PlantVillage_train_Grape___Black_rot_027860.jpg,Grape_Black_rot,train
train/Soyabean_leaf/plantDoc_train_plantDoc_train_Soyabean_leaf_020953.jpg,Soyabean_leaf,train
train/Soybean_healthy/PlantVillage_train_PlantVillage_train_Soybean___healthy_044140.jpg,Soybean_healthy,train
train/Corn_(maize)_Cercospora_leaf_spot_Gray_leaf_spot/PlantVillage_train_PlantVillage_train_Corn_(maize)___Cercospora_leaf_spot Gray_leaf_spot_025005.jpg,Corn_(maize)_Cercospora_leaf_spot_Gray_leaf_spot,train
train/Tomato_Target_Spot/PlantVillage_train_PlantVillage_train_Tomato___Target_Spot_058097.jpg,Tomato_Target_Spot,train
train/Grape_healthy/PlantVillage_train_PlantVillage_train_Grape___healthy_030036.jpg,Grape_healthy,train
train/Squash_Powdery_mildew/PlantVillage_train_PlantVillage_train_Squash___Powdery_mildew_046930.jpg,Squash_Powdery_mildew,train
train/Rice_Scald/rice-leaf-disease-riceguard_train_rice-leaf-disease-riceguard_train_scald_085982.jpg,Rice_Scald,train
val/Tomato_Yellow_Leaf_Curl_Virus/PlantVillage_val_PlantVillage_val_Tomato___Tomato_Yellow_Leaf_Curl_Virus_072106.jpg,Tomato_Yellow_Leaf_Curl_Virus,val
train/Squash_Powdery_mildew/PlantVillage_train_PlantVillage_train_Squash___Powdery_mildew_046999.jpg,Squash_Powdery_mildew,train
test/Soyabean_leaf/plantDoc_test_plantDoc_test_Soyabean_leaf_019249.jpg,Soyabean_leaf,test
train/Orange_Haunglongbing_(Citrus_greening)/PlantVillage_train_PlantVillage_train_Orange___Haunglongbing_(Citrus_greening)_031900.jpg,Orange_Haunglongbing_(Citrus_greening),train
train/Blueberry_healthy/PlantVillage_train_PlantVillage_train_Blueberry___healthy_022246.jpg,Blueberry_healthy,train
train/Tomato_Yellow_Leaf_Curl_Virus/PlantVillage_train_PlantVillage_train_Tomato___Tomato_Yellow_Leaf_Curl_Virus_058900.jpg,Tomato_Yellow_Leaf_Curl_Virus,train
train/Squash_Powdery_mildew/PlantVillage_train_PlantVillage_train_Squash___Powdery_mildew_046186.jpg,Squash_Powdery_mildew,train
train/Tomato_Mosaic_Virus/PlantVillage_train_PlantVillage_train_Tomato___Tomato_mosaic_virus_058343.jpg,Tomato_Mosaic_Virus,train
train/Tomato_Yellow_Leaf_Curl_Virus/PlantVillage_train_PlantVillage_train_Tomato___Tomato_Yellow_Leaf_Curl_Virus_058981.jpg,Tomato_Yellow_Leaf_Curl_Virus,train
val/Blueberry_healthy/PlantVillage_val_PlantVillage_val_Blueberry___healthy_062913.jpg,Blueberry_healthy,val
train/Corn_(maize)_Cercospora_leaf_spot_Gray_leaf_spot/PlantVillage_train_PlantVillage_train_Corn_(maize)___Cercospora_leaf_spot Gray_leaf_spot_024910.jpg,Corn_(maize)_Cercospora_leaf_spot_Gray_leaf_spot,train
test/Rice_Blast/rice-leaf-disease-riceguard_test_rice-leaf-disease-riceguard_test_blast_073455.jpeg,Rice_Blast,test
train/Tomato_Bacterial_Spot/plantDoc_train_plantDoc_train_Tomato_leaf_bacterial_spot_021343.jpg,Tomato_Bacterial_Spot,train
val/Corn_(maize)_Cercospora_leaf_spot_Gray_leaf_spot/PlantVillage_val_PlantVillage_val_Corn_(maize)___Cercospora_leaf_spot Gray_leaf_spot_063635.jpg,Corn_(maize)_Cercospora_leaf_spot_Gray_leaf_spot,val
test/Peach_healthy/PlantVillage_test_PlantVillage_train_Peach___healthy_037380.jpg,Peach_healthy,test
test/Rice_Scald/rice-leaf-disease-riceguard_test_rice-leaf-disease-riceguard_test_scald_075259.jpg,Rice_Scald,test
train/Orange_Haunglongbing_(Citrus_greening)/PlantVillage_train_PlantVillage_train_Orange___Haunglongbing_(Citrus_greening)_034124.jpg,Orange_Haunglongbing_(Citrus_greening),train
train/Corn_Gray_leaf_spot/plantDoc_train_plantDoc_train_Corn_Gray_leaf_spot_019876.jpg,Corn_Gray_leaf_spot,train
train/Grape_Black_rot/PlantVillage_train_PlantVillage_train_Grape___Black_rot_028166.jpg,Grape_Black_rot,train
test/grape_leaf/plantDoc_test_plantDoc_test_grape_leaf_019196.jpg,grape_leaf,test
train/grape_leaf/plantDoc_train_plantDoc_train_grape_leaf_020221.jpg,grape_leaf,train
train/Soybean_healthy/PlantVillage_train_PlantVillage_train_Soybean___healthy_044368.jpg,Soybean_healthy,train
test/Rice_Blast/rice-leaf-disease-riceguard_test_rice-leaf-disease-riceguard_test_blast_073215.jpeg,Rice_Blast,test
val/Rice_Healthy/rice-leaf-disease-riceguard_val_rice-leaf-disease-riceguard_val_healthy_090273.jpg,Rice_Healthy,val
train/Corn_rust_leaf/plantDoc_train_plantDoc_train_Corn_rust_leaf_020207.jpg,Corn_rust_leaf,train
train/Rice_Blast/rice-leaf-disease-riceguard_train_rice-leaf-disease-riceguard_train_blast_076414.jpeg,Rice_Blast,train
train/Rice_Bacterial_Leaf_Stripe/rice-leaf-disease-riceguard_train_rice-leaf-disease-riceguard_train_stripes_086259.jpeg,Rice_Bacterial_Leaf_Stripe,train
train/Rice_Insect_Damage/rice-leaf-disease-riceguard_train_rice-leaf-disease-riceguard_train_insect_082909.jpeg,Rice_Insect_Damage,train
train/Rice_Scald/rice-leaf-disease-riceguard_train_rice-leaf-disease-riceguard_train_scald_085997.jpg,Rice_Scald,train
train/Grape_Esca_(Black_Measles)/PlantVillage_train_PlantVillage_train_Grape___Esca_(Black_Measles)_029180.jpg,Grape_Esca_(Black_Measles),train
train/Cassava_Mosaic_Disease/Cassava_train_Cassava_train_cmd_017045.jpg,Cassava_Mosaic_Disease,train
val/Tomato_Spider_Mites/PlantVillage_val_PlantVillage_val_Tomato___Spider_mites Two-spotted_spider_mite_071684.jpg,Tomato_Spider_Mites,val
train/Rice_Leaf_Folder/rice-leaf-disease-riceguard_train_rice-leaf-disease-riceguard_train_leaf_folder_084942.jpeg,Rice_Leaf_Folder,train
train/Grape_Black_rot/PlantVillage_train_PlantVillage_train_Grape___Black_rot_028476.jpg,Grape_Black_rot,train
train/Grape_Esca_(Black_Measles)/PlantVillage_train_PlantVillage_train_Grape___Esca_(Black_Measles)_028788.jpg,Grape_Esca_(Black_Measles),train
train/Tomato_Healthy/plantDoc_train_plantDoc_train_Tomato_leaf_021289.jpg,Tomato_Healthy,train
"train/Bell_Pepper_Healthy/PlantVillage_train_PlantVillage_train_Pepper,_bell___healthy_038483.jpg",Bell_Pepper_Healthy,train
train/Rice_Blast/rice-leaf-disease-riceguard_train_rice-leaf-disease-riceguard_train_blast_076835.jpeg,Rice_Blast,train
train/Cassava_Brown_Streak_Disease/Cassava_train_Cassava_train_cbsd_014925.jpg,Cassava_Brown_Streak_Disease,train
train/Corn_(maize)_healthy/PlantVillage_train_PlantVillage_train_Corn_(maize)___healthy_026388.jpg,Corn_(maize)_healthy,train
train/Apple_Cedar_Apple_Rust/Apple_Disease_Dataset_train_Apple_Disease_Dataset_train_Apple___Cedar_apple_rust_006247.jpg,Apple_Cedar_Apple_Rust,train
train/Tomato_Septoria_Leaf_Spot/PlantVillage_train_PlantVillage_train_Tomato___Septoria_leaf_spot_054557.jpg,Tomato_Septoria_Leaf_Spot,train
train/Cassava_Brown_Streak_Disease/Cassava_train_Cassava_train_cbsd_014604.jpg,Cassava_Brown_Streak_Disease,train
train/Tomato_Septoria_Leaf_Spot/PlantVillage_train_PlantVillage_train_Tomato___Septoria_leaf_spot_055488.jpg,Tomato_Septoria_Leaf_Spot,train
"train/Bell_Pepper_Bacterial_Spot/PlantVillage_train_PlantVillage_train_Pepper,_bell___Bacterial_spot_038289.jpg",Bell_Pepper_Bacterial_Spot,train
train/Cassava_Mosaic_Disease/Cassava_train_Cassava_train_cmd_017994.jpg,Cassava_Mosaic_Disease,train
train/Strawberry_Leaf_scorch/PlantVillage_train_PlantVillage_train_Strawberry___Leaf_scorch_047859.jpg,Strawberry_Leaf_scorch,train
test/Rice_Blast/rice-leaf-disease-riceguard_test_rice-leaf-disease-riceguard_test_blast_073195.jpeg,Rice_Blast,test
train/Corn_leaf_blight/plantDoc_train_plantDoc_train_Corn_leaf_blight_019940.jpg,Corn_leaf_blight,train
train/Rice_Blast/rice-leaf-disease-riceguard_train_rice-leaf-disease-riceguard_train_blast_079343.jpg,Rice_Blast,train
train/Rice_Blast/rice-leaf-disease-riceguard_train_rice-leaf-disease-riceguard_train_blast_077092.jpeg,Rice_Blast,train
test/Cassava_Brown_Streak_Disease/Cassava_test_Cassava_train_cbsd_014101.jpg,Cassava_Brown_Streak_Disease,test
train/Soybean_healthy/PlantVillage_train_PlantVillage_train_Soybean___healthy_044972.jpg,Soybean_healthy,train
train/Potato_Late_Blight/PlantVillage_train_PlantVillage_train_Potato___Late_blight_040594.jpg,Potato_Late_Blight,train
train/Tomato_Spider_Mites/PlantVillage_train_PlantVillage_train_Tomato___Spider_mites Two-spotted_spider_mite_056727.jpg,Tomato_Spider_Mites,train
train/Rice_Insect_Damage/rice-leaf-disease-riceguard_train_rice-leaf-disease-riceguard_train_insect_082759.jpeg,Rice_Insect_Damage,train
train/Tomato_Yellow_Leaf_Curl_Virus/PlantVillage_train_PlantVillage_train_Tomato___Tomato_Yellow_Leaf_Curl_Virus_061119.jpg,Tomato_Yellow_Leaf_Curl_Virus,train
train/Apple_Cedar_Apple_Rust/Apple_Disease_Dataset_train_Apple_Disease_Dataset_train_Apple___Cedar_apple_rust_006026.jpg,Apple_Cedar_Apple_Rust,train
test/Rice_Insect_Damage/rice-leaf-disease-riceguard_test_rice-leaf-disease-riceguard_test_insect_074892.jpeg,Rice_Insect_Damage,test
test/Peach_leaf/plantDoc_test_plantDoc_test_Peach_leaf_019213.jpg,Peach_leaf,test
train/Soybean_healthy/PlantVillage_train_PlantVillage_train_Soybean___healthy_042261.jpg,Soybean_healthy,train
train/Tomato_Septoria_Leaf_Spot/PlantVillage_train_PlantVillage_train_Tomato___Septoria_leaf_spot_054876.jpg,Tomato_Septoria_Leaf_Spot,train
train/Tomato_Septoria_Leaf_Spot/PlantVillage_train_PlantVillage_train_Tomato___Septoria_leaf_spot_054899.jpg,Tomato_Septoria_Leaf_Spot,train
train/Apple_Scab/Apple_Disease_Dataset_train_Apple_Disease_Dataset_train_Apple___Apple_scab_002332.jpg,Apple_Scab,train
train/Corn_(maize)_healthy/PlantVillage_train_PlantVillage_train_Corn_(maize)___healthy_026693.jpg,Corn_(maize)_healthy,train
test/Rice_Blast/rice-leaf-disease-riceguard_test_rice-leaf-disease-riceguard_test_blast_073247.jpeg,Rice_Blast,test
train/Orange_Haunglongbing_(Citrus_greening)/PlantVillage_train_PlantVillage_train_Orange___Haunglongbing_(Citrus_greening)_031704.jpg,Orange_Haunglongbing_(Citrus_greening),train
test/Rice_Bacterial_Leaf_Stripe/rice-leaf-disease-riceguard_test_rice-leaf-disease-riceguard_test_stripes_075513.jpeg,Rice_Bacterial_Leaf_Stripe,test
train/Apple_Black_Rot/Apple_Disease_Dataset_train_Apple_Disease_Dataset_train_Apple___Black_rot_004968.jpg,Apple_Black_Rot,train
val/Strawberry_Leaf_scorch/PlantVillage_val_PlantVillage_val_Strawberry___Leaf_scorch_069341.jpg,Strawberry_Leaf_scorch,val
train/Orange_Haunglongbing_(Citrus_greening)/PlantVillage_train_PlantVillage_train_Orange___Haunglongbing_(Citrus_greening)_032886.jpg,Orange_Haunglongbing_(Citrus_greening),train
"train/Bell_Pepper_Bacterial_Spot/PlantVillage_train_PlantVillage_train_Pepper,_bell___Bacterial_spot_038187.jpg",Bell_Pepper_Bacterial_Spot,train
train/Apple_Scab/Apple_Disease_Dataset_train_Apple_Disease_Dataset_train_Apple___Apple_scab_003344.jpg,Apple_Scab,train
train/Tomato_Yellow_Leaf_Curl_Virus/PlantVillage_train_PlantVillage_train_Tomato___Tomato_Yellow_Leaf_Curl_Virus_062480.jpg,Tomato_Yellow_Leaf_Curl_Virus,train
train/Tomato_Bacterial_Spot/PlantVillage_train_PlantVillage_train_Tomato___Bacterial_spot_048907.jpg,Tomato_Bacterial_Spot,train
train/Tomato_Yellow_Leaf_Curl_Virus/PlantVillage_train_PlantVillage_train_Tomato___Tomato_Yellow_Leaf_Curl_Virus_058898.jpg,Tomato_Yellow_Leaf_Curl_Virus,train
train/Cassava_Mosaic_Disease/Cassava_train_Cassava_train_cmd_018721.jpg,Cassava_Mosaic_Disease,train
val/Cassava_Brown_Streak_Disease/Cassava_val_Cassava_train_cbsd_014849.jpg,Cassava_Brown_Streak_Disease,val
train/Apple_Healthy/Apple_Disease_Dataset_train_Apple_Disease_Dataset_train_Apple___healthy_008381.jpg,Apple_Healthy,train
train/Cassava_Mosaic_Disease/Cassava_train_Cassava_train_cmd_017935.jpg,Cassava_Mosaic_Disease,train
train/Corn_(maize)_Cercospora_leaf_spot_Gray_leaf_spot/PlantVillage_train_PlantVillage_train_Corn_(maize)___Cercospora_leaf_spot Gray_leaf_spot_024869.jpg,Corn_(maize)_Cercospora_leaf_spot_Gray_leaf_spot,train
train/Squash_Powdery_mildew_leaf/plantDoc_train_plantDoc_train_Squash_Powdery_mildew_leaf_021036.jpg,Squash_Powdery_mildew_leaf,train
test/Tomato_Spider_Mites/PlantVillage_test_PlantVillage_train_Tomato___Spider_mites Two-spotted_spider_mite_057084.jpg,Tomato_Spider_Mites,test
test/Rice_Tungro/rice-leaf-disease-riceguard_test_rice-leaf-disease-riceguard_test_tungro_075776.jpeg,Rice_Tungro,test
val/Tomato_Yellow_Leaf_Curl_Virus/PlantVillage_val_PlantVillage_val_Tomato___Tomato_Yellow_Leaf_Curl_Virus_072767.jpg,Tomato_Yellow_Leaf_Curl_Virus,val
train/Cassava_Mosaic_Disease/Cassava_train_Cassava_train_cmd_016524.jpg,Cassava_Mosaic_Disease,train
train/Orange_Haunglongbing_(Citrus_greening)/PlantVillage_train_PlantVillage_train_Orange___Haunglongbing_(Citrus_greening)_031101.jpg,Orange_Haunglongbing_(Citrus_greening),train
train/Tomato_Late_Blight/PlantVillage_train_PlantVillage_train_Tomato___Late_blight_052594.jpg,Tomato_Late_Blight,train
train/Apple_Cedar_Apple_Rust/Apple_Disease_Dataset_train_Apple_Disease_Dataset_train_Apple___Cedar_apple_rust_006393.jpg,Apple_Cedar_Apple_Rust,train
train/Tomato_Yellow_Leaf_Curl_Virus/plantDoc_train_plantDoc_train_Tomato_leaf_yellow_virus_021678.jpg,Tomato_Yellow_Leaf_Curl_Virus,train
train/Corn_(maize)_healthy/PlantVillage_train_PlantVillage_train_Corn_(maize)___healthy_026253.jpg,Corn_(maize)_healthy,train
train/Strawberry_Leaf_scorch/PlantVillage_train_PlantVillage_train_Strawberry___Leaf_scorch_047914.jpg,Strawberry_Leaf_scorch,train
train/Rice_Bacterial_Leaf_Stripe/rice-leaf-disease-riceguard_train_rice-leaf-disease-riceguard_train_stripes_086676.jpeg,Rice_Bacterial_Leaf_Stripe,train
train/Soyabean_leaf/plantDoc_train_plantDoc_train_Soyabean_leaf_020924.jpg,Soyabean_leaf,train
train/Cassava_Mosaic_Disease/Cassava_train_Cassava_train_cmd_018115.jpg,Cassava_Mosaic_Disease,train
val/Rice_Healthy/rice-leaf-disease-riceguard_val_rice-leaf-disease-riceguard_val_healthy_090045.jpeg,Rice_Healthy,val
train/Strawberry_leaf/plantDoc_train_plantDoc_train_Strawberry_leaf_021118.jpg,Strawberry_leaf,train
train/Corn_leaf_blight/plantDoc_train_plantDoc_train_Corn_leaf_blight_019985.jpg,Corn_leaf_blight,train
train/Orange_Haunglongbing_(Citrus_greening)/PlantVillage_train_PlantVillage_train_Orange___Haunglongbing_(Citrus_greening)_031329.jpg,Orange_Haunglongbing_(Citrus_greening),train
train/Rice_Insect_Damage/rice-leaf-disease-riceguard_train_rice-leaf-disease-riceguard_train_insect_082835.jpeg,Rice_Insect_Damage,train
train/Apple_Black_Rot/Apple_Disease_Dataset_train_Apple_Disease_Dataset_train_Apple___Black_rot_004672.jpg,Apple_Black_Rot,train
train/Tomato_Bacterial_Spot/PlantVillage_train_PlantVillage_train_Tomato___Bacterial_spot_048423.jpg,Tomato_Bacterial_Spot,train
train/Cassava_Bacterial_Blight/Cassava_train_Cassava_train_cbb_013919.jpg,Cassava_Bacterial_Blight,train
train/Raspberry_leaf/plantDoc_train_plantDoc_train_Raspberry_leaf_020891.jpg,Raspberry_leaf,train
train/Corn_(maize)_healthy/PlantVillage_train_PlantVillage_train_Corn_(maize)___healthy_026868.jpg,Corn_(maize)_healthy,train
train/Corn_(maize)_Common_rust_/PlantVillage_train_PlantVillage_train_Corn_(maize)___Common_rust__025444.jpg,Corn_(maize)_Common_rust_,train
train/Rice_Bacterial_Leaf_Stripe/rice-leaf-disease-riceguard_train_rice-leaf-disease-riceguard_train_stripes_087067.jpeg,Rice_Bacterial_Leaf_Stripe,train
train/Rice_Blast/rice-leaf-disease-riceguard_train_rice-leaf-disease-riceguard_train_blast_076817.jpeg,Rice_Blast,train
train/Orange_Haunglongbing_(Citrus_greening)/PlantVillage_train_PlantVillage_train_Orange___Haunglongbing_(Citrus_greening)_034276.jpg,Orange_Haunglongbing_(Citrus_greening),train
test/Apple_Healthy/Apple_Disease_Dataset_test_Apple_Disease_Dataset_test_Apple___healthy_001597.jpg,Apple_Healthy,test
train/Orange_Haunglongbing_(Citrus_greening)/PlantVillage_train_PlantVillage_train_Orange___Haunglongbing_(Citrus_greening)_035221.jpg,Orange_Haunglongbing_(Citrus_greening),train
train/Potato_Early_Blight/plantDoc_train_plantDoc_train_Potato_leaf_early_blight_020480.jpg,Potato_Early_Blight,train
"train/Bell_Pepper_Healthy/PlantVillage_train_PlantVillage_train_Pepper,_bell___healthy_038720.jpg",Bell_Pepper_Healthy,train
train/Potato_Late_Blight/PlantVillage_train_PlantVillage_train_Potato___Late_blight_040897.jpg,Potato_Late_Blight,train
test/Rice_Healthy/rice-leaf-disease-riceguard_test_rice-leaf-disease-riceguard_test_healthy_074570.jpg,Rice_Healthy,test
train/Blueberry_healthy/PlantVillage_train_PlantVillage_train_Blueberry___healthy_022678.jpg,Blueberry_healthy,train
test/Strawberry_healthy/PlantVillage_test_PlantVillage_train_Strawberry___healthy_047491.jpg,Strawberry_healthy,test
train/Soybean_healthy/PlantVillage_train_PlantVillage_train_Soybean___healthy_044122.jpg,Soybean_healthy,train
test/Rice_Leaf_Folder/rice-leaf-disease-riceguard_test_rice-leaf-disease-riceguard_test_leaf_folder_074964.jpeg,Rice_Leaf_Folder,test
train/Corn_Gray_leaf_spot/plantDoc_train_plantDoc_train_Corn_Gray_leaf_spot_019897.jpg,Corn_Gray_leaf_spot,train
test/Corn_(maize)_Cercospora_leaf_spot_Gray_leaf_spot/PlantVillage_test_PlantVillage_train_Corn_(maize)___Cercospora_leaf_spot Gray_leaf_spot_024955.jpg,Corn_(maize)_Cercospora_leaf_spot_Gray_leaf_spot,test
test/Orange_Haunglongbing_(Citrus_greening)/PlantVillage_test_PlantVillage_train_Orange___Haunglongbing_(Citrus_greening)_034200.jpg,Orange_Haunglongbing_(Citrus_greening),test
train/Tomato_Target_Spot/PlantVillage_train_PlantVillage_train_Tomato___Target_Spot_057739.jpg,Tomato_Target_Spot,train
train/Rice_Healthy/rice-leaf-disease-riceguard_train_rice-leaf-disease-riceguard_train_healthy_080884.jpeg,Rice_Healthy,train
train/Rice_Blast/rice-leaf-disease-riceguard_train_rice-leaf-disease-riceguard_train_blast_079150.jpg,Rice_Blast,train
train/Apple_Cedar_Apple_Rust/Apple_Disease_Dataset_train_Apple_Disease_Dataset_train_Apple___Cedar_apple_rust_007531.jpg,Apple_Cedar_Apple_Rust,train
train/Grape_Leaf_blight_(Isariopsis_Leaf_Spot)/PlantVillage_train_PlantVillage_train_Grape___Leaf_blight_(Isariopsis_Leaf_Spot)_030337.jpg,Grape_Leaf_blight_(Isariopsis_Leaf_Spot),train
val/Cassava_Healthy/Cassava_val_Cassava_train_healthy_019053.jpg,Cassava_Healthy,val
train/Rice_Blast/rice-leaf-disease-riceguard_train_rice-leaf-disease-riceguard_train_blast_076336.jpeg,Rice_Blast,train
train/Orange_Haunglongbing_(Citrus_greening)/PlantVillage_train_PlantVillage_train_Orange___Haunglongbing_(Citrus_greening)_033197.jpg,Orange_Haunglongbing_(Citrus_greening),train
train/Raspberry_leaf/plantDoc_train_plantDoc_train_Raspberry_leaf_020836.jpg,Raspberry_leaf,train
train/Cassava_Mosaic_Disease/Cassava_train_Cassava_train_cmd_016495.jpg,Cassava_Mosaic_Disease,train
val/Apple_Scab/Apple_Disease_Dataset_val_Apple_Disease_Dataset_train_Apple___Apple_scab_003422.jpg,Apple_Scab,val
test/Rice_Healthy/rice-leaf-disease-riceguard_test_rice-leaf-disease-riceguard_test_healthy_074519.jpg,Rice_Healthy,test
train/Tomato_Yellow_Leaf_Curl_Virus/PlantVillage_train_PlantVillage_train_Tomato___Tomato_Yellow_Leaf_Curl_Virus_059397.jpg,Tomato_Yellow_Leaf_Curl_Virus,train
train/Tomato_Early_Blight/PlantVillage_train_PlantVillage_train_Tomato___Early_blight_050256.jpg,Tomato_Early_Blight,train
train/Rice_Tungro/rice-leaf-disease-riceguard_train_rice-leaf-disease-riceguard_train_tungro_088577.jpeg,Rice_Tungro,train
test/Tomato_Spider_Mites/PlantVillage_test_PlantVillage_train_Tomato___Spider_mites Two-spotted_spider_mite_056219.jpg,Tomato_Spider_Mites,test
train/Cherry_(including_sour)_healthy/PlantVillage_train_PlantVillage_train_Cherry_(including_sour)___healthy_023363.jpg,Cherry_(including_sour)_healthy,train
train/Potato_Late_Blight/plantDoc_train_plantDoc_train_Potato_leaf_late_blight_020700.jpg,Potato_Late_Blight,train
train/Potato_Healthy/PlantVillage_train_PlantVillage_train_Potato___healthy_040452.jpg,Potato_Healthy,train
train/Cassava_Bacterial_Blight/Cassava_train_Cassava_train_cbb_013851.jpg,Cassava_Bacterial_Blight,train
val/Grape_Black_rot/PlantVillage_val_PlantVillage_val_Grape___Black_rot_064550.jpg,Grape_Black_rot,val
test/Apple_Cedar_Apple_Rust/Apple_Disease_Dataset_test_Apple_Disease_Dataset_test_Apple___Cedar_apple_rust_001084.jpg,Apple_Cedar_Apple_Rust,test
train/Rice_Healthy/rice-leaf-disease-riceguard_train_rice-leaf-disease-riceguard_train_healthy_080145.jpeg,Rice_Healthy,train
train/Rice_Insect_Damage/rice-leaf-disease-riceguard_train_rice-leaf-disease-riceguard_train_insect_083723.jpeg,Rice_Insect_Damage,train
test/Soyabean_leaf/plantDoc_test_plantDoc_test_Soyabean_leaf_019245.jpg,Soyabean_leaf,test
train/Tomato_Mosaic_Virus/PlantVillage_train_PlantVillage_train_Tomato___Tomato_mosaic_virus_058600.jpg,Tomato_Mosaic_Virus,train
train/Apple_Scab/Apple_Disease_Dataset_train_Apple_Disease_Dataset_train_Apple___Apple_scab_003367.jpg,Apple_Scab,train
test/Rice_Insect_Damage/rice-leaf-disease-riceguard_test_rice-leaf-disease-riceguard_test_insect_074722.jpeg,Rice_Insect_Damage,test
val/Squash_Powdery_mildew/PlantVillage_val_PlantVillage_val_Squash___Powdery_mildew_068898.jpg,Squash_Powdery_mildew,val
train/Cassava_Brown_Streak_Disease/Cassava_train_Cassava_train_cbsd_015278.jpg,Cassava_Brown_Streak_Disease,train
